<?xml version="1.0" encoding="utf-8"?>
<eml:eml xmlns:eml="https://eml.ecoinformatics.org/eml-2.2.0" xmlns:xsi="http://www.w3.org/2001/XMLSchema-instance"
         xsi:schemaLocation="https://eml.ecoinformatics.org/eml-2.2.0 https://rs.gbif.org/schema/eml-gbif-profile/1.3/eml.xsd"
packageId="231c4696-5b2b-4702-b495-2beb86e082e4"  system="http://gbif.org" scope="system"
xml:lang="en">
    <dataset>
        <alternateIdentifier>10.15468/wmgnlm</alternateIdentifier>
        <alternateIdentifier>https://science-net.kahaku.go.jp/ipt2/resource?r=snet-1019-107</alternateIdentifier>
        <alternateIdentifier>http://science-net.kahaku.go.jp/ipt2/resource?r=snet-1019-107</alternateIdentifier>
        <alternateIdentifier>231c4696-5b2b-4702-b495-2beb86e082e4</alternateIdentifier>
        <alternateIdentifier>http://gbif.science-net.kahaku.go.jp:8081/ipt2/resource?r=snet-1019-107</alternateIdentifier>
        <title>Insect specimens of Iwate Prefectural Museum</title>
        <creator>
            <individualName>
                <givenName>Mahoro</givenName>
                <surName>Suzuki</surName>
            </individualName>
            <organizationName>Iwate Prefectural Museum</organizationName>
            <positionName>Senior Curator</positionName>
            <address>
                <country>JAPAN</country>
            </address>
            <electronicMailAddress>watanabe@iwapmus.jp</electronicMailAddress>
        </creator>
        <metadataProvider>
            <individualName>
                <givenName>Shuji</givenName>
                <surName>Watanabe</surName>
            </individualName>
            <organizationName>Iwate Prefectural Museum</organizationName>
            <positionName>Senior Curator</positionName>
            <address>
                <country>JAPAN</country>
            </address>
            <electronicMailAddress>watanabe@iwapmus.jp</electronicMailAddress>
        </metadataProvider>
        <pubDate>
                2024-02-15
        </pubDate>
        <language>ENGLISH</language>
        <abstract>
            Insect specimens from Japan, deposited in Iwate Prefectural Museum (part).
        </abstract>
        <keywordSet>
            <keyword>Occurrence</keyword>
            <keywordThesaurus>GBIF Dataset Type Vocabulary: http://rs.gbif.org/vocabulary/gbif/dataset_type_2015-07-10.xml</keywordThesaurus>
        </keywordSet>
        <intellectualRights>
            <para>This work is licensed under a <ulink url="http://creativecommons.org/licenses/by/4.0/legalcode"><citetitle>Creative Commons Attribution (CC-BY) 4.0 License</citetitle></ulink>.</para>
        </intellectualRights>
        <licensed>
            <licenseName>Creative Commons Attribution 4.0 International</licenseName>
            <url>https://spdx.org/licenses/CC-BY-4.0.html</url>
            <identifier>CC-BY-4.0</identifier>
        </licensed>
        <distribution scope="document">
            <online>
                <url function="information">https://www2.pref.iwate.jp/~hp0910/en/guide/index.html</url>
            </online>
        </distribution>
        <distribution scope="document">
            <online>
                <url function="download">https://science-net.kahaku.go.jp/ipt2/archive.do?r=snet-1019-107</url>
            </online>
        </distribution>
        <maintenance>
            <description>
                <para></para>
            </description>
            <maintenanceUpdateFrequency>unkown</maintenanceUpdateFrequency>
        </maintenance>
        <contact>
            <individualName>
                <givenName>Shuji</givenName>
                <surName>Watanabe</surName>
            </individualName>
            <organizationName>Iwate Prefectural Museum</organizationName>
            <positionName>Senior Curator</positionName>
            <address>
                <country>JAPAN</country>
            </address>
            <electronicMailAddress>watanabe@iwapmus.jp</electronicMailAddress>
        </contact>

    </dataset>

    <additionalMetadata>
        <metadata>
            <gbif>
                <dateStamp>2024-12-27T13:07:50Z</dateStamp>
                <citation>Suzuki M, Watanabe S (2024). Insect specimens of Iwate Prefectural Museum. Version 1.9. National Museum of Nature and Science, Japan. Occurrence dataset https://doi.org/10.15468/wmgnlm accessed via GBIF.org on 2024-12-27.</citation>
            </gbif>
        </metadata>
    </additionalMetadata>
    </eml:eml>
