<?xml version="1.0" encoding="utf-8"?>
<eml:eml xmlns:eml="https://eml.ecoinformatics.org/eml-2.2.0" xmlns:xsi="http://www.w3.org/2001/XMLSchema-instance"
         xsi:schemaLocation="https://eml.ecoinformatics.org/eml-2.2.0 https://rs.gbif.org/schema/eml-gbif-profile/1.3/eml.xsd"
packageId="e560e811-118c-4418-b118-b5117f5c8707"  system="http://gbif.org" scope="system"
xml:lang="en">
    <dataset>
        <alternateIdentifier>10.15468/pnjc9w</alternateIdentifier>
        <alternateIdentifier>http://id.zfmk.de/dataset_ZFMK/652</alternateIdentifier>
        <title>ZFMK Odonata collection</title>
        <creator>
            <individualName>
                <surName>Dr. B. Huber</surName>
            </individualName>
            <address>
                <deliveryPoint>Leibniz Institute for the Analysis of Biodiversity Change - Adenauerallee 127, 53113 Bonn, Germany</deliveryPoint>
            </address>
            <phone>0049 (0) 2289122294</phone>
            <electronicMailAddress>b.huber@leibniz-zfmk.de</electronicMailAddress>
        </creator>
        <associatedParty>
            <individualName>
                <surName>LIB Biodiversity Datacenter</surName>
            </individualName>
            <address>
                <deliveryPoint>Leibniz Institute for the Analysis of Biodiversity Change - Adenauerallee 127, 53113 Bonn, Germany</deliveryPoint>
            </address>
            <phone>+49 (0) 2289122342</phone>
            <electronicMailAddress>datacenter@leibniz-lib.de</electronicMailAddress>
            <role>TECHNICAL_POINT_OF_CONTACT</role>
        </associatedParty>
        <language>en</language>
        <abstract>
            The collections of basal arthropods including Odonata at the Leibniz Institute for the Analysis of Biodiversity Change (LIB) - Museum Koenig Bonn
        </abstract>
        <intellectualRights>
            <para>This work is licensed under a <ulink url="http://creativecommons.org/licenses/by/4.0/legalcode"><citetitle>Creative Commons Attribution (CC-BY) 4.0 License</citetitle></ulink>.</para>
        </intellectualRights>
        <licensed>
            <licenseName>Creative Commons Attribution 4.0 International</licenseName>
            <url>https://spdx.org/licenses/CC-BY-4.0.html</url>
            <identifier>CC-BY-4.0</identifier>
        </licensed>
        <distribution scope="document">
            <online>
                <url function="information">https://bonn.leibniz-lib.de/en/research/collections/basal-arthropods</url>
            </online>
        </distribution>
        <contact>
            <individualName>
                <surName>Dr. B. Huber</surName>
            </individualName>
            <address>
                <deliveryPoint>Leibniz Institute for the Analysis of Biodiversity Change - Adenauerallee 127, 53113 Bonn, Germany</deliveryPoint>
            </address>
            <phone>0049 (0) 2289122294</phone>
            <electronicMailAddress>b.huber@leibniz-zfmk.de</electronicMailAddress>
        </contact>

    </dataset>

    <additionalMetadata>
        <metadata>
            <gbif>
                <dateStamp>2024-12-27T13:07:52Z</dateStamp>
                <citation>Leibniz Institute for the Analysis of Biodiversity Change (LIB). ZFMK Odonata collection. Occurrence dataset https://doi.org/10.15468/pnjc9w accessed via GBIF.org on 2024-12-27.</citation>
                <resourceLogoUrl>https://leibniz-lib.de/wp-content/themes/lib-leibniz/img/logo-en.svg</resourceLogoUrl>
            </gbif>
        </metadata>
    </additionalMetadata>
    </eml:eml>
