<?xml version="1.0" encoding="utf-8"?>
<eml:eml xmlns:eml="https://eml.ecoinformatics.org/eml-2.2.0" xmlns:xsi="http://www.w3.org/2001/XMLSchema-instance"
         xsi:schemaLocation="https://eml.ecoinformatics.org/eml-2.2.0 https://rs.gbif.org/schema/eml-gbif-profile/1.3/eml.xsd"
packageId="20bc0626-ebd6-4949-bf04-b80d960a6961"  system="http://gbif.org" scope="system"
xml:lang="en">
    <dataset>
        <alternateIdentifier>10.15468/hl5tkx</alternateIdentifier>
        <alternateIdentifier>https://scan-bugs.org:443/portal/collections/misc/collprofiles.php?collid=167</alternateIdentifier>
        <title>South Dakota State University, The Severin-McDaniel Insect Research Collection</title>
        <creator>
            <organizationName>SCAN</organizationName>
            <electronicMailAddress>scan_noreply@asu.edu</electronicMailAddress>
            <onlineUrl>https://scan-bugs.org:443/portal/index.php</onlineUrl>
        </creator>
        <metadataProvider>
            <organizationName>SCAN</organizationName>
            <electronicMailAddress>scan_noreply@asu.edu</electronicMailAddress>
            <onlineUrl>https://scan-bugs.org:443/portal/index.php</onlineUrl>
        </metadataProvider>
        <associatedParty>
            <organizationName>South Dakota State University, The Severin-McDaniel Insect Research Collection</organizationName>
            <positionName>Collection Manager</positionName>
            <electronicMailAddress>paul.johnson@sdstate.edu</electronicMailAddress>
            <role>CONTENT_PROVIDER</role>
        </associatedParty>
        <pubDate>
                2023-05-17
        </pubDate>
        <language>ENGLISH</language>
        <abstract>
            The Severin-McDaniel Insect Research Collection (SMIRC) covers a large variety of information, from collection highlights to research. Because the SMIRC was established in the late 19th century, the collection has an extensive history. The complex collection has aided in many different research projects and has helped with the production of many products.
        </abstract>
        <intellectualRights>
            <para>To the extent possible under law, the publisher has waived all rights to these data and has dedicated them to the <ulink url="http://creativecommons.org/publicdomain/zero/1.0/legalcode"><citetitle>Public Domain (CC0 1.0)</citetitle></ulink>. Users may copy, modify, distribute and use the work, including for commercial purposes, without restriction.</para>
        </intellectualRights>
        <licensed>
            <licenseName>Creative Commons Zero v1.0 Universal</licenseName>
            <url>https://spdx.org/licenses/CC0-1.0.html</url>
            <identifier>CC0-1.0</identifier>
        </licensed>
        <distribution scope="document">
            <online>
                <url function="download">https://scan-bugs.org:443/portal/content/dwca/SDSU-SMIRC_DwC-A.zip</url>
            </online>
        </distribution>
        <contact>
            <organizationName>South Dakota State University, The Severin-McDaniel Insect Research Collection</organizationName>
            <electronicMailAddress>paul.johnson@sdstate.edu</electronicMailAddress>
            <onlineUrl>https://www.facebook.com/Severin-McDaniel-Insect-Research-Collection-493042267455670/</onlineUrl>
        </contact>

    </dataset>

    <additionalMetadata>
        <metadata>
            <gbif>
                <dateStamp>2024-12-27T12:34:00Z</dateStamp>
                <citation>South Dakota State University,  Severin-McDaniel Insect Research Collection (2023). South Dakota State University, The Severin-McDaniel Insect Research Collection. Occurrence dataset https://doi.org/10.15468/hl5tkx accessed via GBIF.org on 2024-12-27.</citation>
            </gbif>
        </metadata>
    </additionalMetadata>
    </eml:eml>
