<?xml version="1.0" encoding="utf-8"?>
<eml:eml xmlns:eml="https://eml.ecoinformatics.org/eml-2.2.0" xmlns:xsi="http://www.w3.org/2001/XMLSchema-instance"
         xsi:schemaLocation="https://eml.ecoinformatics.org/eml-2.2.0 https://rs.gbif.org/schema/eml-gbif-profile/1.3/eml.xsd"
packageId="491177c8-d074-46c0-9da3-0e9d1794936f"  system="http://gbif.org" scope="system"
xml:lang="en">
    <dataset>
        <alternateIdentifier>10.7717/peerj.5867</alternateIdentifier>
        <alternateIdentifier>https://ipt.gbif.us/resource?r=usda-gsenm-inventory</alternateIdentifier>
        <alternateIdentifier>491177c8-d074-46c0-9da3-0e9d1794936f</alternateIdentifier>
        <alternateIdentifier>https://bison.usgs.gov/ipt/resource?r=usda-gsenm-inventory</alternateIdentifier>
        <title>Wild bees of Grand Staircase-Escalante National Monument</title>
        <creator>
            <individualName>
                <givenName>Olivia</givenName>
                <surName>Carril</surName>
            </individualName>
        </creator>
        <creator>
            <individualName>
                <givenName>Joseph</givenName>
                <surName>Wilson</surName>
            </individualName>
            <organizationName>Utah State University</organizationName>
            <address>
                <deliveryPoint>1021 West Vine Street</deliveryPoint>
                <city>Tooele</city>
                <administrativeArea>Utah</administrativeArea>
                <postalCode>84074</postalCode>
                <country>UNITED_STATES</country>
            </address>
            <phone>435 797 9953</phone>
            <electronicMailAddress>joseph.wilson@usu.edu</electronicMailAddress>
            <onlineUrl>http://www.insectevolutionlab.com</onlineUrl>
            <userId directory="https://orcid.org/">0000-0002-9124-4048</userId>
        </creator>
        <creator>
            <individualName>
                <givenName>Terry</givenName>
                <surName>Griswold</surName>
            </individualName>
            <organizationName>USDA-ARS</organizationName>
            <address>
                <deliveryPoint>5310 Old Main Hill</deliveryPoint>
                <city>Logan</city>
                <administrativeArea>Utah</administrativeArea>
                <postalCode>84322</postalCode>
                <country>UNITED_STATES</country>
            </address>
        </creator>
        <metadataProvider>
            <individualName>
                <givenName>Harold Ikerd</givenName>
                <surName>Ikerd</surName>
            </individualName>
            <organizationName>USDA-ARS</organizationName>
            <address>
                <deliveryPoint>5310 Old Main Hill</deliveryPoint>
                <city>Logan</city>
                <administrativeArea>Utah</administrativeArea>
                <postalCode>84322</postalCode>
                <country>UNITED_STATES</country>
            </address>
            <electronicMailAddress>harold.ikerd@ars.usda.gov</electronicMailAddress>
            <userId directory="https://orcid.org/">0000-0001-5043-6484</userId>
        </metadataProvider>
        <associatedParty>
            <individualName>
                <givenName>Harold</givenName>
                <surName>Ikerd</surName>
            </individualName>
            <organizationName>USDA-ARS-PIRU</organizationName>
            <address>
                <deliveryPoint>5310 Old Main Hill</deliveryPoint>
                <city>Logan</city>
                <administrativeArea>Utah</administrativeArea>
                <postalCode>84322</postalCode>
                <country>UNITED_STATES</country>
            </address>
            <phone>435-797-2526</phone>
            <electronicMailAddress>harold.ikerd@ars.usda.gov</electronicMailAddress>
            <onlineUrl>https://www.ars.usda.gov/people-locations/person/?person-id=39335</onlineUrl>
            <userId directory="http://orcid.org/">0000-0001-5043-6484</userId>
            <role>CURATOR</role>
        </associatedParty>
        <associatedParty>
            <individualName>
                <givenName>Terry</givenName>
                <surName>Griswold</surName>
            </individualName>
            <organizationName>USDA-ARS-PIRU</organizationName>
            <address>
                <deliveryPoint>5310 Old Main Hill</deliveryPoint>
                <city>Logan</city>
                <administrativeArea>Utah</administrativeArea>
                <postalCode>84322</postalCode>
                <country>UNITED_STATES</country>
            </address>
            <phone>435-797-2526</phone>
            <electronicMailAddress>Terry.Griswold@usda.gov</electronicMailAddress>
            <role>AUTHOR</role>
        </associatedParty>
        <associatedParty>
            <individualName>
                <givenName>Olivia</givenName>
                <surName>Carril</surName>
            </individualName>
            <electronicMailAddress>sturnella@gmail.com</electronicMailAddress>
            <role>AUTHOR</role>
        </associatedParty>
        <associatedParty>
            <individualName>
                <givenName>Joseph</givenName>
                <surName>Wilson</surName>
            </individualName>
            <organizationName>Utah State University</organizationName>
            <address>
                <deliveryPoint>1021 West Vine Street</deliveryPoint>
                <city>Tooele</city>
                <administrativeArea>Utah</administrativeArea>
                <postalCode>84074</postalCode>
                <country>UNITED_STATES</country>
            </address>
            <phone>4357979953</phone>
            <electronicMailAddress>joseph.wilson@usu.edu</electronicMailAddress>
            <userId directory="http://orcid.org/">0000-0002-9124-4048</userId>
            <role>AUTHOR</role>
        </associatedParty>
        <associatedParty>
            <individualName>
                <givenName>James</givenName>
                <surName>Haefner</surName>
            </individualName>
            <organizationName>Utah State University</organizationName>
            <address>
                <deliveryPoint>5310 Old Main Hill</deliveryPoint>
                <city>Logan</city>
                <administrativeArea>Utah</administrativeArea>
                <postalCode>84074</postalCode>
                <country>UNITED_STATES</country>
            </address>
            <role>AUTHOR</role>
        </associatedParty>
        <pubDate>
                2023-06-13
        </pubDate>
        <language>ENGLISH</language>
        <abstract>
            We conducted a large-scale, multi-year inventory of the bee fauna of one such area, Grand Staircase-Escalante National Monument (GSENM), which is a large area of protected land that, until recently, incorporated nearly 1.9 million acres of the Colorado Plateau in south-central Utah. While the monument is dominated by cold-desert plant communities, plants associated with warmer ecoregions occur at its southern and western extents. The region includes a diverse flora, with many endemic species (Fertig, 2005). Elevations in the monument range from 1,356 to 2,316 m, and encompass stands of aspen (Populus tremuloides), ponderosa (Pinus ponderosa), pinyon (Pinus spp.), juniper (Juniperus spp.), blackbrush (Coleogyne ramosissima), sagebrush (Artemisia spp.), grasslands, mixed desert scrub, meadows, and riparian zones. Temperatures range annually from −11 °C to 38 °C. Most precipitation occurs in the form of summer rainfall (average: 13.5 cm across the four years of our study, 2000–2003) with monsoonal weather events, but snow is also common throughout the monument from November through March (average across the years of the study: 11.7 cm) (Utah Climate Center, 2001–2005: https://climate.usu.edu/).

Our study of GSENM used standardized bi-monthly sampling in one-hectare plots, supplemented by opportunistic collections, in order to determine the richness and diversity of bees in this protected area, assess short and long-term population fluctuations in bee species, as well as associate bees with habitat types. Prior to our study, knowledge of the fauna was limited to only 20 collector-days of sampling for the monument, and all were along major roads (Griswold, Parker &amp; Tepedino, 1998). Our study provides an example of the usefulness of national monuments and parks for scientific studies of insects whose populations are difficult to quantify. Eventually, our research will result in additional publications on the spatial and temporal drivers of bee diversity on this landscape.

For this particular paper, our focus is on documenting, summarizing, and broadly characterizing the diverse and unique bee fauna protected by GSENM. Specifically, we describe (1) the bee diversity, including new range boundaries and a summary of known life history traits, (2) spatial patterns, (3) seasonal patterns, and (4) floral relationships of the bee assemblage. Finally, we compare the diversity and composition of GSENM’s fauna with other known bee assemblages, and consider this community in the context of western bee distributions.
        </abstract>
        <keywordSet>
            <keyword>Native bees</keyword>
            <keyword>Bee declines</keyword>
            <keyword>Pollinators</keyword>
            <keyword>Conservation</keyword>
            <keyword>Occurrence</keyword>
            <keyword>Pollination ecology</keyword>
            <keyword>National monuments</keyword>
            <keywordThesaurus>GBIF Dataset Type Vocabulary: http://rs.gbif.org/vocabulary/gbif/dataset_type_2015-07-10.xml</keywordThesaurus>
        </keywordSet>
        <keywordSet>
            <keyword>Native bees</keyword>
            <keyword>Bee declines</keyword>
            <keyword>Pollinators</keyword>
            <keyword>Conservation</keyword>
            <keyword>Pollination ecology</keyword>
            <keyword>National monuments</keyword>
            <keywordThesaurus>n/a</keywordThesaurus>
        </keywordSet>
        <additionalInfo>
            <para>Floral associations are based on Welsh, S. L., &amp; Atwood, N. D. (2002). Flora of the bureau of land management Grand Staircase-Escalante National Monument and Kane County, Utah. Provo: Brigham Young University, 166.  

When the Darwin core field Individualcount has a number greater than 1, this can represent a mating pair (male and female mounted on the same pin) or the use of a gel cap to house multiple specimens of the same sex on a single pin.  

Specimens with the ownerInstitutionCode &quot;GSENM&quot; have been deposited with the visitor center as a synoptic collection.</para>
        </additionalInfo>
        <intellectualRights>
            <para>This work is licensed under a <ulink url="http://creativecommons.org/licenses/by-nc/4.0/legalcode"><citetitle>Creative Commons Attribution Non Commercial (CC-BY-NC) 4.0 License</citetitle></ulink>.</para>
        </intellectualRights>
        <licensed>
            <licenseName>Creative Commons Attribution Non Commercial 4.0 International</licenseName>
            <url>https://spdx.org/licenses/CC-BY-NC-4.0.html</url>
            <identifier>CC-BY-NC-4.0</identifier>
        </licensed>
        <distribution scope="document">
            <online>
                <url function="download">https://ipt.gbif.us/archive.do?r=usda-gsenm-inventory</url>
            </online>
        </distribution>
        <coverage>
            <geographicCoverage>
                <geographicDescription>Grand Staircase-Escalante National Monument (GSENM), which is a large area of protected land that, until recently, incorporated nearly 1.9 million acres of the Colorado Plateau in south-central Utah.</geographicDescription>
                <boundingCoordinates>
                    <westBoundingCoordinate>-112.836</westBoundingCoordinate>
                    <eastBoundingCoordinate>-110.452</eastBoundingCoordinate>
                    <northBoundingCoordinate>38.597</northBoundingCoordinate>
                    <southBoundingCoordinate>37.035</southBoundingCoordinate>
                </boundingCoordinates>
            </geographicCoverage>
            <temporalCoverage>
                <rangeOfDates>
                    <beginDate>
                        <calendarDate>                2000
</calendarDate>
                    </beginDate>
                    <endDate>
                        <calendarDate>                2003-09-30
</calendarDate>
                    </endDate>
                </rangeOfDates>
            </temporalCoverage>
            <taxonomicCoverage>
                <generalTaxonomicCoverage>Here we serve data on a 4-year study of bees in Grand Staircase-Escalante National Monument (GSENM), found in southern Utah, USA as used in the paper &quot;Wild bees of Grand Staircase-Escalante National Monument: richness, abundance, and spatio-temporal beta-diversity&quot; doi: 10.7717/peerj.5867</generalTaxonomicCoverage>
                <taxonomicClassification>
                    <taxonRankName>Superfamily</taxonRankName>
                    <taxonRankValue>Apoidea; Latreille, 1802</taxonRankValue>
                    <commonName>bees</commonName>
                </taxonomicClassification>
            </taxonomicCoverage>
        </coverage>
        <maintenance>
            <description>
                <para>Periodic update of morpho species to valid names. Morpho species identification is being served with in the field &quot;identificationRemarks&quot;</para>
            </description>
            <maintenanceUpdateFrequency>irregular</maintenanceUpdateFrequency>
        </maintenance>
        <contact>
            <individualName>
                <givenName>Olivia</givenName>
                <surName>Carril</surName>
            </individualName>
        </contact>
        <methods>
            <methodStep>
                <description>
                    <para>Withheld Information. Some data has been withheld do to plant associations or sensitive locations. Fields associated with date, verbatim data, associated taxa, elevation and location may be withheld or fuzzed. Refer to the Darwin Core Fields &quot;informationWithheld&quot; and &quot;DataGeneralizations&quot; for specific information.</para>
                </description>
            </methodStep>
            <sampling>
                <studyExtent>
                    <description>
                        <para>We collected bees in GSENM over a period of four years (2000–2003) using both opportunistic collections and standardized bi-monthly sampling in one-hectare plots.
This follows a protocol commonly used for bee studies, providing the opportunity for comparisons with other areas, past and future (LeBuhn, 2003)</para>
                    </description>
                </studyExtent>
                <samplingDescription>
                    <para>Across GSENM, and across the four years of the study, a total of 66 plots, each 50 m × 200 m were established; 11 plots were sampled all four years, 12 plots were sampled for three years, 12 were sampled two years, and 31 plots were sampled for just one year. Plot locations were stratified by habitat and represent a subset of plots documented by vegetation-mapping specialists working simultaneously in the monument (Stohlgren et al., 1998). Each plot was visited at approximately two-week intervals. On a given sampling day, pairs of collectors sampled each plot using aerial nets for two 45-minute periods—between 0900 and 1530, once before noon and once after. A plot visit, therefore, represents a total of 360 min (3 h) of collecting. An effort was made to collect the entire area of the plot evenly during a sampling period, and to collect from all bee-visited flowering plants in the plot. Collections were biased against honey bees—given a choice between collecting a feral honey bee, Apis mellifera Linnaeus and another bee, the other bee was collected. Attempts were made to collect every native bee encountered. Most plants on which bees were collected were identified to species using regional keys (Welsh et al., 1993). The remaining plants were identified to genus. The number of plots established for regular visitation was balanced against coverage across the monument. Those plots that were sampled for multiple years were chosen because of their accessibility and because they were representative of the majority of the monument’s habitats.</para>
                </samplingDescription>
            </sampling>
        </methods>

            <project >
                <title>Wild bees of Grand Staircase-Escalante National Monument</title>
                <personnel>
                    <individualName>
                    <givenName>Olivia</givenName>
                    <surName>Carril</surName>
                    </individualName>
                    <role>AUTHOR</role>
                </personnel>
                <personnel>
                    <individualName>
                    <givenName>Joseph</givenName>
                    <surName>Wilson</surName>
                    </individualName>
            <userId directory="http://orcid.org/">0000-0002-9124-4048</userId>
                    <role>AUTHOR</role>
                </personnel>
                <abstract>
                    <para>The focus is on documenting, summarizing, and broadly characterizing the diverse and unique bee fauna protected by GSENM. The data present here was use to describe (1) the bee diversity, including new range boundaries, (2) spatial patterns, (3) seasonal patterns, and (4) floral relationships of the bee assemblage.</para>
                </abstract>
                <funding>
                    <para>Funding was provided from the Bureau of Land Management. The funders had no role in study design, data collection and analysis, decision to publish, or preparation of the manuscript.</para>
                </funding>
                <studyAreaDescription>
                    <descriptor name="generic" citableClassificationSystem="false">
                        <descriptorValue>Protected lands, such as monuments and parks, provide an exceptional opportunity for monitoring bee populations and thoroughly documenting the presence and abundance of a bee fauna for a large area. As there is no mandate for multiple use, national monuments and national parks seldom experience large-scale, unnatural changes across a landscape (Acrygg et al., 2013; Stein, Scott &amp; Benton, 2008), and are less affected by some of the potential threats to native bees, including pesticides and fertilizers (Roulston &amp; Goodell, 2011; Woodcock et al., 2017), conversion to agricultural or otherwise developed lands (Forrest et al., 2015; Palma, 2015), competition with honey bee hives (Cane &amp; Tepedino, 2017), and habitat fragmentation (Howell, Alarcon &amp; Minckley, 2017; Steffan-Dewenter, 2003). They provide a valuable natural laboratory in which to conduct standardized collections, that allows for the resampling of an area over long periods to observe trends in bee populations. Finally, they provide a spotlight for the organisms within. Through outreach and education, monuments and parks enlighten millions of visitors each year about the creatures they protect, and the value of those creatures for ecosystem function (Fancy, Gross &amp; Carter, 2009).

We conducted a large-scale, multi-year inventory of the bee fauna of one such area, Grand Staircase-Escalante National Monument (GSENM), which is a large area of protected land that, until recently, incorporated nearly 1.9 million acres of the Colorado Plateau in south-central Utah. While the monument is dominated by cold-desert plant communities, plants associated with warmer ecoregions occur at its southern and western extents. The region includes a diverse flora, with many endemic species (Fertig, 2005). Elevations in the monument range from 1,356 to 2,316 m, and encompass stands of aspen (Populus tremuloides), ponderosa (Pinus ponderosa), pinyon (Pinus spp.), juniper (Juniperus spp.), blackbrush (Coleogyne ramosissima), sagebrush (Artemisia spp.), grasslands, mixed desert scrub, meadows, and riparian zones. Temperatures range annually from −11 °C to 38 °C. Most precipitation occurs in the form of summer rainfall (average: 13.5 cm across the four years of our study, 2000–2003) with monsoonal weather events, but snow is also common throughout the monument from November through March (average across the years of the study: 11.7 cm) (Utah Climate Center, 2001–2005: https://climate.usu.edu/).</descriptorValue>
                    </descriptor>
                </studyAreaDescription>
                <designDescription>
                    <description>
                        <para>Our study of GSENM used standardized bi-monthly sampling in one-hectare plots, supplemented by opportunistic collections, in order to determine the richness and diversity of bees in this protected area, assess short and long-term population fluctuations in bee species, as well as associate bees with habitat types.</para>
                    </description>
                </designDescription>
            </project>
    </dataset>

    <additionalMetadata>
        <metadata>
            <gbif>
                <dateStamp>2024-12-27T12:34:00Z</dateStamp>
                <citation identifier="https://doi.org/10.7717/peerj.5867">Carril O, Wilson J, Griswold T, Ikerd H I (2023). Wild bees of Grand Staircase-Escalante National Monument. USDA-ARS Pollinating Insect-Biology, Management, Systematics Research. Occurrence dataset https://doi.org/10.7717/peerj.5867 accessed via GBIF.org on 2024-12-27.</citation>
                <bibliography>
                <citation identifier="10.1371/journal.pone.0054689">Acrygg et al. (2013) Acrygg JL, Davidson A, Syancara LK, Gergely KJ, McKerrow A, Scott JM. Representation of ecological systems within the protected areas network of the continental United States. PLOS ONE. 2013;8:e54689. doi: 10.1371/journal.pone.0054689.</citation>
                <citation>Adlakha RL. 1969. A systematic revision of the bee genus Diadasia Patton in America north of Mexico (Hymenoptera: Anthophoridae) Thesis, University of California, Davis, CA</citation>
                <citation>Alexander BA. 1994. Species-groups and cladistic analysis of the cleptoparasitic bee genus Nomada (Hymenoptera: Apoidea) University of Kansas Science Bulletin 55:175-238</citation>
                <citation>Ascher J, Pickering J. 2018. Discover Life bee species guide and world checklist (Hymenoptera: Apoidea: Anthophila) (accessed July 2018)</citation>
                <citation>Baker JR. 1975. Taxonomy of five Nearctic subgenera of Coelioxys (Hymenoptera: Megachilidae) The University of Kansas Science Bulletin 50:649-730</citation>
                <citation>Bartomeus I, Ascher JS, Gibbs J, Danforth BN, Wagner DL, Hedtke SM, Winfree R. 2013. Historical changes in northeastern U.S. bee populations related to shared ecological traits. Proceedings of the National Academy of Sciences of the United States of America 10:4656-4660</citation>
                <citation>Biesmeijer JC, Robers SPM, Remmer M, Ohlemuller R, Edwards M, Peeters T, Schaffers AP, Potts SG, Kleukers CD, Settele J+1 more. 2006. Parallel declines in pollinators and insect-pollinated plants in Britain and the Netherlands. Science 313:351-354</citation>
                <citation>Blair BH, Cockerell TDA. 1935. The bees of the group Dieunomia. Journal of the New York Entomological Society 43:201-214</citation>
                <citation>Bohart GE. 1947. New North American bees of the genus Dufourea (Apoidea—Halictidae) Part I. Annals of the Entomological Society of America 40:692-704</citation>
                <citation>Bohart GE. 1948. New North American bees of the genus Dufourea (Apoidea—Halictidae) Part II. Annals of the Entomological Society of America 41:119-136</citation>
                <citation>Bohart GE. 1949. New North American bees of the genus Dufourea (Apoidea—Halictidae) Part III. Annals of the Entomological Society of America 42:55-62</citation>
                <citation>Bohart GE, Knowlton GF. 1973. The bees of Curlew Valley (Utah and Idaho) Proceedings of the Utah Academy of Sciences, Arts, and Letters 50:1-9</citation>
                <citation>Bouseman JK, LaBerge WE. 1978. A revision of the bees of the genus Andrena of the Western Hemisphere. Part IX. Subgenus Melandrena. Transactions of the American Entomological Society 104:275-389</citation>
                <citation>Broemeling DK. 1988. A revision of the Nomada subgenus Pachynomada (Hymenoptera: Anthophoridae) Pan-Pacific Entomologist 64:201-227</citation>
                <citation>Brooks RW. 1983. Systematics and bionomics of Anthophora: the bomboides group and species groups of the New World. University of California Publications in Entomology 53:436-575</citation>
                <citation>Brooks RW, Griswold TL. 1988. A key to the species of Trachusa subgenus Heteranthidium with descriptions of new species from Mexico (Hymenoptera: Megachilidae: Anthidiini) Journal of the Kansas Entomological Society 61:332-346</citation>
                <citation>Brumley RL. 1965. A revision of the bee genus Epeolus Latreille of western North America north of Mexico. Thesis, Utah State University, Logan, UT thesis</citation>
                <citation>Cane JH, Minckley RL, Kervin L, Roulston TH, Williams NM. 2006. Complex responses within a desert bee guild (Hymenoptera: Apiformes) to urban habitat fragmentation. Ecological Applications 16:632-644</citation>
                <citation>Cane JH, Sipes S. 2006. Characterizing floral specialization by bees: analytical methods and a revised lexicon for oligolecty. In: Waser NM, Ollerton J, eds. Plant–pollinator interactions: from specialization to generalization. Chicago: University of Chicago Press. 99-122</citation>
                <citation>Cane JH, Tepedino VJ. 2001. Causes and extent of declines among native North American invertebrate pollinators: detection, evidence, and consequences. Ecology and Society 5(1):1</citation>
                <citation>Cane JH, Tepedino VJ. 2017. Gauging the effect of honey bee pollen collection on native bee communities. Conservation Letters 10:205-210</citation>
                <citation>Charlebois JA, Sargent RD. 2017. No consistent pollinator-mediated impacts of alien plants on natives. Ecology Letters 20:1479-1490</citation>
                <citation>Colla SR, Ascher JS, Arduser M, Cane JH, Deyrup M, Droege S, Gibbs J, Griswold TL, Hall HG, Henne C+6 more. 2012. Documenting persistence of most eastern North American bee species (Hymenoptera: Apoidea: Anthophila) to 1990–2009. Journal of the Kansas Entomological Society 85:14-22</citation>
                <citation>Comstock JP, Ehleringer JR. 1992. Plant adaptations in the Great Basin and the Colorado Plateau. Great Basin Naturalist 52:195-215</citation>
                <citation>Crone EE. 2013. Responses of social and solitary bees to pulsed floral resources. The American Naturalist 182:465-473</citation>
                <citation>Cronquist AA, Holmgren AH, Holmgren NH, Reveal JL. 1972. Intermountain Flora. New York: Haefner Publishers.</citation>
                <citation>Daly HV. 1973. Bees of the genus Ceratina in America north of Mexico (Hymenoptera: Apoidea) University of California Publications in Entomology 74:1-114</citation>
                <citation>Danforth BN. 1994. Taxonomic review of Calliopsis subgenus Hypomacotera (Hymenoptera: Andrenidae), with special emphasis on the distributions and host plant associations. Pan-Pacific Entomologist 70:283-300</citation>
                <citation>Danforth BN. 1999. Phylogenetic analysis and taxonomic revision of the Perdita subgenus Macrotera, Macroteropsis, Macroterella, and Cockerellula (Hymenoptera: Andrenidae) University of Kansas Science Bulletin 55:635-692</citation>
                <citation>Denning KR, Foster BL. 2017. Flower visitor communities are similar on remnant and reconstructed tall grass prairies despite forb community differences. Restoration Ecology 26:751-759</citation>
                <citation>Donovan BJ. 1977. A revision of North American bees of the subgenus Cnemidandrena (Hymenoptera: Andrenidae) University of California Publications in Entomology 81:1-107</citation>
                <citation>Dorchin A, Dafni A, Izhaki I, Sapir Y, Vereecken NJ. 2017. Patterns and drivers of wild bee community assembly in a Mediterranean IUCN important plant area. Biodiversity and Conservation 27:695-717</citation>
                <citation>Evans DL. 1972. A revision of the subgenus Holonomada of the genus Nomada (Hymenoptera: Anthophoridae) Wasmann Journal of Biology 30:1-34</citation>
                <citation>Fancy SG, Gross JE, Carter SL. 2009. Monitoring the condition of natural resources in U.S. national parks. Environmental Monitoring and Assessment 151:161-174</citation>
                <citation>Fertig W. 2005. Overview of the vegetation of Grand Staircase-Escalante National Monument. Kanab: Moenave Botanical Consulting. 31</citation>
                <citation>Forrest JRK, Thorp RW, Kremen C, Williams NM. 2015. Contrasting patterns in species and functional-trait diversity of bees in an agricultural landscape. Journal of Applied Ecology 52:706-715</citation>
                <citation>Franzen M, Nilsson SG. 2013. High population variability and source–sink dynamics in a solitary bee species. Ecology 94:1400-1408</citation>
                <citation>Ghazoul J. 2015. Qualifying pollinator decline evidence. Science 348:981-982</citation>
                <citation>Gibbs J. 2010. Revision of the metallic species of Lasioglossum (Dialictus) in Canada (Hymenoptera, Halictidae, Halictini) Zootaxa 2591:1-382</citation>
                <citation>Gibbs J, Ascher JS, Rightmeyer MG, Isaacs R. 2017. The bees of Michigan (Hymenoptera: Apoidea: Anthophila), with notes on distribution, taxonomy, pollination, and natural history. Zootaxa 4352:1-60</citation>
                <citation>Gonzalez VH, Griswold TL. 2007. A review of the North and Central American Megachile subgenus Argyropile Mitchell (Hymenoptera: Megachilidae) Zootaxa 1461:1-14</citation>
                <citation>Gonzalez VH, Griswold TL. 2013. Wool carder bees of the genus Anthidium in the Western Hemisphere (Hymenoptera: Megachilidae): diversity, host-plant associations, phylogeny, and biogeography. Zoological Journal of the Linnean Society 168:221-425</citation>
                <citation>Goulson D, Nicholls E, Botías C, Rotheray EL. 2015. Bee declines driven by combined stress from parasites, pesticides, and lack of flowers. Science 347:1255957</citation>
                <citation>Grigarick AA, Stange LA. 1968. The pollen-collecting bees of the Anthidiini of California (Hymenoptera: Megachilidae) Bulletin of the California Insect Survey 9:1-122</citation>
                <citation>Griswold TL, Andres M, Andrus R, Garvin G, Keen K, Kervin L, Messinger OJ, Messinger SM, Miller W, Receveur K+2 more. 1999. Final report for a survey of the rare bees of Clark County, Nevada. Logan: USDA ARS Bee Biology and Systematics Laboratory. 152</citation>
                <citation>Griswold TL, Parker FD. 1988. New Perdita (Perdita) oligoleges on Mentzelia, with notes on related species of the ventralis group (Hymenoptera: Andrenidae) Pan-Pacific Entomologist 64:43-52</citation>
                <citation>Griswold TL, Parker FD, Tepedino VJ. 1998. The bees of the San Rafael Desert: implications for the bee fauna of the Grand Staircase-Escalante National Monument. In: Hill LM, ed. Learning from the land: Grand Staircase-Escalante National Monument Science Symposium Proceedings. Salt Lake City: Paragon Press. 175-186</citation>
                <citation>Harper KT, Freeman D, Ostler WK, Klikoff LG. 1978. The flora of the Great Basin mountain ranges: diversity, sources, and dispersal ecology. Great Basin Naturalist Memoirs 2:81-102</citation>
                <citation>Harrison T, Gibbs J, Winfree R. 2017. Anthropogenic landscapes support fewer rare bee species. Landscape Ecology Epub ahead of print Dec 01 2017</citation>
                <citation>Heard MS, Carvell C, Carreck NL, Rothery P, Osborne JL, Bourke AFG. 2007. Landscape context not patch size determines bumble-bee density on flower mixtures sown for agri-environment schemes. Biological Letters 3:638-641</citation>
                <citation>Howell AD, Alarcon R, Minckley RL. 2017. Effects of habitat fragmentation on the nesting dynamics of desert bees. Annals of the Entomological Society of America 110:233-243</citation>
                <citation>Hurd Jr PD. 1955. The carpenter bees of California. Bulletin of the California Insect Survey 4:35-72</citation>
                <citation>Hurd Jr PD. 1958. American bees of the genus Dioxys Lepeletier and Serville (Hymenoptera: Megachilidae) University of California Publications in Entomology 14:275-302</citation>
                <citation>Hurd Jr PD. 1979. Superfamily Apoidea. In: Krombein KV, Hurd P, Smith DR, Burks B, eds. Catalog of Hymenoptera in America north of Mexico. Washington: Smithsonian Institution Press. 106</citation>
                <citation>Hurd Jr PD, Linsley EG. 1951. The melectine bees of California (Hymenoptera: Anthophoridae) Bulletin of the California Insect Survey 1:119-140</citation>
                <citation>Hurd Jr PD, Linsley EG. 1967. Squash and gourd bees, genera Peponapis Robertson and Xenoglossa Smith, inhabiting America north of Mexico (Hymenoptera: Apoidea) Hilgardia 35:384-472</citation>
                <citation>Hurd Jr PD, Linsley EG. 1972. Parasitic bees of the genus Holcopasites Ashmead (Hymenoptera: Apoidea) Smithsonian Contributions to Zoology 114:1-41</citation>
                <citation>Hurd Jr PD, Michener CD. 1955. The megachiline bees of California (Hymenoptera: Megachilidae) Bulletin of the California Insect Survey 3:1-248</citation>
                <citation>Inari N, Hiura T, Toda MJ, Kudo G. 2012. Pollination linkage between canopy flowering, bumble bee abundance and seed production of understory plants in a cool temperate forest. Journal of Ecology 100:1534-1543</citation>
                <citation>Kimoto C, DeBano SJ, Thorp RW, Taylor RV, Schmalz H, DelCurto T, Johnson T, Kennedy PL, Rao S. 2012. Short-term responses of native bees to livestock and implications for managing ecosystem services in grasslands. Ecosphere 3:1-19</citation>
                <citation>LaBerge WE. 1956a. A revision of the bees of the genus Melissodes in North and Central America. Part I (Hymenoptera, Apidae) University of Kansas Science Bulletin 37:911-1194</citation>
                <citation>LaBerge WE. 1956b. A revision of the bees of the genus Melissodes in North and Central America. Part II (Hymenoptera, Apidae) University of Kansas Science Bulletin 38:533-578</citation>
                <citation>LaBerge WE. 1957. The genera of the bees of the tribe Eucerini in North and Central America (Hymenoptera: Apidae) American Museum Novitates 1837:1-44</citation>
                <citation>LaBerge WE. 1958. Notes on the North and Central American bees of the genus Svastra Holmberg (Hymenoptera: Apidae) Journal of the Kansas Entomological Society 31:266-273</citation>
                <citation>LaBerge WE. 1961. A revision of the bees of the genus Melissodes in North and Central America. Part III (Hymenoptera, Apidae) University of Kansas Science Bulletin 42:283-663</citation>
                <citation>LaBerge WE. 1967. A revision of the bees of the genus Andrena of the Western Hemisphere Part I. Callandrena (Hymenoptera: Andrenidae) Bulletin of the University of Nebraska State Museum 7:1-318</citation>
                <citation>LaBerge WE. 1969. A revision of the bees of the genus Andrena of the Western Hemisphere. Part II. Plastandrena, Aporandrena, Charitandrena. Transactions of the American Entomological Society 95:1-47</citation>
                <citation>LaBerge WE. 1971. A revision of the bees of the genus Andrena of the Western Hemisphere, Part IV: Scrapteropsis, Xiphandrena, and Rhaphandrena. Transactions of the American Entomological Society 97:441-520</citation>
                <citation>LaBerge WE. 1973. A revision of the bees of the genus Andrena of the Western Hemisphere. Part VI. Subgenus Trachandrena. Transactions of the American Entomological Society 99:235-371</citation>
                <citation>LaBerge WE. 1977. A revision of the bees of the genus Andrena of the Western Hemisphere. Part VIII. Subgenera Thysandrena, Dasyandrena, Psammandrena, Rhacandrena, Euandrena, Oxyandrena. Transactions of the American Entomological Society 103:1-143</citation>
                <citation>LaBerge WE. 1980. A revision of the bees of the genus Andrena of the Western Hemisphere. Part X. Subgenus Andrena. Transactions of the American Entomological Society 106:395-525</citation>
                <citation>LaBerge WE. 1985. A revision of the bees of the genus Andrena of the Western Hemisphere. Part XI. Minor subgenera and subgeneric key. Transactions of the American Entomological Society 111:441-567</citation>
                <citation>LaBerge WE. 1987. A revision of the bees of the genus Andrena of the Western Hemisphere. Part XII. Subgenera Leucandrena, Ptilandrena, Scoliandrena, and Melandrena. Transactions of the American Entomological Society 112:191-248</citation>
                <citation>LaBerge WE. 1989. A revision of the bees of the genus Andrena of the Western Hemisphere. Part XIII. Subgenera Simandrena and Taeniandrena. Transactions of the American Entomological Society 115:1-56</citation>
                <citation>LaBerge WE, Bouseman JK. 1970. A revision of the bees of the genus Andrena of the Western Hemistphere. Part III. Tylandrena. Transactions of the American Entomological Society 96:543-605</citation>
                <citation>LaBerge WE, Ribble DW. 1972. A revision of the bees of the genus Andrena of the Western Hemisphere. Part V. Gonandrena, Geissandrena, Parandrena, Pelicandrena. Transactions of the American Entomological Society 89:271-358</citation>
                <citation>LaBerge WE, Ribble DW. 1975. A revision of the bees of the genus Andrena of the Western Hemisphere. Part VII. Subgenus Euandrena. Transactions of the American Entomological Society 101:371-446</citation>
                <citation>LaBerge WE, Thorp RW. 2005. A revision of the bees of the genus Andrena of the Western Hemisphere. Part VII. Subgenus Onagandrena. Illinois Natural History Survey Bulletin 37:1-63</citation>
                <citation>Lebuhn G, Droege S, Connor EF, Gemmill-Herren B, Potts SG, Minckley RL, Griswold T, Jean R, Kula E, Roubik DW+4 more. 2013. Detecting insect pollinator declines on regional and global scales. Conservation Biology 27:13-120</citation>
                <citation>Linsley EG. 1939. A revision of the Nearctic Melectinae (Hymenoptera: Anthophoridae) Annals of the Entomological Society of America 32:429-468</citation>
                <citation>McGinley RJ. 1986. Studies of Halictinae (Apoidea: Halictidae), I: revision of New World Lasioglossum Curtis. Smithsonian Contributions to Zoology 429:1-304</citation>
                <citation>McGinley RJ. 2003. Studies of Halictinae (Apoidea: Halictidae), II: revision of Sphecodogastra Ashmead, Floral specialists on Onagracea. Smithsonian Contributions to Zoology 610:1-55</citation>
                <citation>McKinney AM, Goodell K. 2010. Shading by invasive shrub reduces seed production and pollinator services in a native herb. Biological Invasions 12:2751-2763</citation>
                <citation>McKinney AM, Goodell K. 2011. Plant–pollinator interactions between an invasive and native plant vary between sites with different flowering phenology. Plant Ecology 212:1025-1035</citation>
                <citation>Messinger OJ, Griswold T. 2002. A Pinnacles of bees. Fremontia 30:32-40</citation>
                <citation>Michener CD. 1938. American bees of the genus Heriades. Annals of the Entomological Society of America 31:514-531</citation>
                <citation>Michener CD. 1939. A revision of the genus Ashmeadiella (Hymenoptera, Megachilidae) The American Midland Naturalist 22:1-84</citation>
                <citation>Michener CD. 1947. A revision of the American Species of Hoplitis (Hymenoptera, Megachilidae) Bulletin of the American Museum of Natural History 89:257-318</citation>
                <citation>Michener CD. 1949. A revision of the American species of Diceratosmia (Hymenoptera, Megachilidae) Annals of the Entomological Society of America 42:258-264</citation>
                <citation>Michener CD. 1968. Some pacific coast Panurginus (Hymenoptera: Apoidea) The Canadian Entomologis 67:275-278</citation>
                <citation>Michener CD. 1979. Biogeography of the bees. Annals of the Missouri Botanical Garden 66:277-342</citation>
                <citation>Michener CD, McGinley RJ, Danforth BN. 1994. The Bee genera of North and Central America. Washington: Smithsonian Institution Press. 209</citation>
                <citation>Mitchell TB. 1934. A revision of the genus Megachile in the Nearctic region Part I. Classification and description of new species (Hymenoptera: Megachilidae) Transactions of the American Entomological Society 59:295-361</citation>
                <citation>Mitchell TB. 1935. A revision of the genus Megachile in the Nearctic region Part III. Taxonomy of the subgenera Anthemois and Delomegachile (Hymenoptera: Megachilidae) Transactions of the American Entomological Society 61:1-44</citation>
                <citation>Mitchell TB. 1936. A revision of the genus Megachile in the Nearctic region Part IV. Taxonomy of subgenera Xanthosarus, Phaenosarus, Megachiloides, and Derotropis (Hymenoptera: Megachilidae) Transactions of the American Entomological Society 62:117-166</citation>
                <citation>Mitchell TB. 1937a. A revision of the genus Megachile in the Nearctic region Part V. Taxonomy of the subgenus Xeromegachile (Hymenoptera: Megachilidae) Transactions of the American Entomological Society 62:323-382</citation>
                <citation>Mitchell TB. 1937b. A revision of the genus Megachile in the Nearctic region Part VI. Taxonomy of the subgenus Argyropile, Leptorachis, Pseundcentron, Acentron, and Melanosarus (Hymenoptera: Megachilidae) Transactions of the American Entomological Society 63:45-83</citation>
                <citation>Mitchell TB. 1937c. A revision of the genus Megachile in the Nearctic region Part VII. Taxonomy of the subgenus Sayapis (Hymenoptera: Megachilidae) Transactions of the American Entomological Society 63:175-206</citation>
                <citation>Mitchell TB. 1937d. A revision of the genus Megachile in the Nearctic region Part VIII. Taxonomy of the subgenus Chelostomoides, addenda and index (Hymenoptera: Megachilidae) Transactions of the American Entomological Society 63:381-426</citation>
                <citation>Moldenke AR. 1976. Evolutionary history and diversity of the bee faunas of Chile and Pacific North America. Wasmann Journal of Biology 34:147-178</citation>
                <citation>Nicholson CC, Koh I, Richardson LL, Beauchemin A, Ricketts TH. 2017. Farm and landscape factors interact to affect the supply of pollination services. Agriculture, Ecosystems &amp; Environment 250:113-122</citation>
                <citation>Ollerton J, Winfree R, Tarrant S. 2011. How many flowering plants are pollinated by animals? Oikos 120:321-326</citation>
                <citation>Orr MC, Griswold T, Pitts JP, Parker FD. 2016. A new bee species that excavates sandstone nests. Current Biology 26:R779-R793</citation>
                <citation>Palma D. 2015. Ecological traits affect the sensitivity of bees to land-use pressures in European agricultural landscapes. Journal of Applied Ecology 52:1567-1577</citation>
                <citation>Parker FD, Griswold TL. 2013. New species of the cleptoparasitic bee genus Stelis (Hymenoptera: Megachilidae, Anthidiini) from the Nearctic Region. Zootaxa 3646:529-544</citation>
                <citation>Pascarella JB, Waddington KD, Neal PR. 1999. The bee fauna (Hymenoptera: Apoidea) of Everglades National Park, Florida and adjacent areas: distribution, phenology, and biogeography. Journal of the Kansas Entomological Society 72:32-45</citation>
                <citation>Potts SG, Biesmeijer JC, Kremen C, Neumann P, Schweiger O, Kunin WE. 2010. Global pollinator declines: trends, impacts, drivers. Trends in Ecology and Evolution 25:345-353</citation>
                <citation>Potts SG, Vulliamy GB, Dafni A, Ne’eman G, Willmer P. 2003. Linking bees and flowers: how do floral communities structure pollinator communities? Ecology 84:2628-2642</citation>
                <citation>Ribble DW. 1968a. Revisions of two subgenera of Andrena: Micrandrena Ashmead and Derandrena, new subgenus (Hymenoptera: Apoidea) Bulletin of the University of Nebraska State Museum 8:237-394</citation>
                <citation>Ribble DW. 1968b. A new subgenus, Belandrena, of the genus Andrena (Hymenoptera: Apoidea) Journal of the Kansas Entomological Society 41:220-236</citation>
                <citation>Ribble DW. 1974. A revision of the bees of the genus Andrena of the Western Hemisphere, subgenus Scaphandrena. Transactions of the American Entomological Society 100:101-189</citation>
                <citation>Rightmyer MG. 2008. A review of the cleptoparasitic bee genus Triepeolus (Hymenoptera: Apidae) Part I. Zootaxa 1710:1-170</citation>
                <citation>Rightmyer MG, Griswold T, Arduser MS. 2010. A review of the non-metallic Osmia (Melanosmia) found in North America, with additional notes on Palearctic Melanosmia (Hymenoptera, Megachilidae) ZooKeys 60:37-77</citation>
                <citation>Roberts RB. 1973. Revision of the bee genus Agapostemon (Hymenoptera: Halictidae) University of Kansas Science Bulletin 49:437-590</citation>
                <citation>Rodrigues ASL, Andelman SJ, Bakarr MI, Boitani L, Brooks TM, Cowling RM, Fishpool LDC, Da Fonseca GAB, Gaston KJ, Hoffmann M+11 more. 2004. Effectiveness of the global protected area network in representing species diversity. Nature 428:640-643</citation>
                <citation>Roulston T, Goodell K. 2011. The role of resources and risks in regulations wild bee populations. Annual Review of Entomology 56:293-312</citation>
                <citation>Rozen Jr JG. 1958. Monographic study of the genus Nomadopsis Ashmead (Hymenoptera: Andrenidae) University of California Publications in Entomology 15:1-202</citation>
                <citation>Russo L, Park M, Gibbs J, Danforth B. 2015. The challenge of accurately documenting bee species richness in agroecosystems: bee diversity in eastern apple orchards. Ecology and Evolution 5:3531-3540</citation>
                <citation>Russo L, Stehuower R, Heberling JM, Shea K. 2011. The composite insect trap: an innovative combination trap for biologically diverse sampling. PLOS ONE 6(6):e2107</citation>
                <citation>Rust RW. 1974. The Systematics and Biology of the Genus Osmia, Subgenera Osmia, Chalcosmia, and Cephalosmia (Hymenoptera: Megachilidae) The Wasmann Journal of Biology 32:1-93</citation>
                <citation>Rust RW, Bohart GE. 1986. New species of Osmia (Hymenoptera: Megachilidae) from the southwestern United States. Entomological News 97:14-155</citation>
                <citation>Sandhouse GA. 1939. The North American bees of the genus Osmia (Hymenoptera: Apoidea) Memoirs of the Entomological Society of Washington 1:1-167</citation>
                <citation>Scheper J, Bommarco R, Holzschuh A, Potts SG, Riedinger V, Roberts SPM, Rundlof M, Smith HG, Steffan-Dewenter I, Wickens JB+3 more. 2015. Local and landscape-level floral resources explain effects of wildflower strips on wild bees across four European countries. Journal of Applied Ecology 52:1165-1175</citation>
                <citation>Snelling RR. 1966a. Studies on North American bees of the genus Hylaeus. 1. Distribution of the western species of the subgenus Prosopis with descriptions of new forms (Hymenoptera: Colletidae) Los Angeles County Museum Contributions in Science 98:1-18</citation>
                <citation>Snelling RR. 1966b. Studies in North American bees of the genus Hylaeus 2. Description of a new subgenus and species (Hymenoptera: Colletidae) Proceedings of the Biological Society of Washington 79:139-144</citation>
                <citation>Snelling RR. 1966c. Studies in North American bees of the genus Hylaeus 3. The Nearctic subgenera (Hymenoptera: Colletidae) Bulletin of the Southern California Academy of Sciences 65:164-175</citation>
                <citation>Snelling RR. 1966d. The taxonomy and nomenclature of some North American bees of the genus Centris with descriptions of new species (Hymenoptera: Anthophoridae) Los Angeles County Museum Contributions in Science 112:1-33</citation>
                <citation>Snelling RR. 1967. Description of a new Subgenus of Osmia, (Hymenoptera Megachilidae) Subgenus Mystacosmia New Subgenus. Bulletin of the Southern California Academy of Sciences 66:103-10</citation>
                <citation>Snelling RR. 1968. Studies of North American bees of the genus Hylaeus 4. The subgenera Cephalylaeus, Metziella, and Hylaeana (Hymenoptera: Colletidae) Los Angeles County Museum Contributions in Science 144:1-6</citation>
                <citation>Snelling RR. 1970. Studies of North American bees of the genus Hylaeus. 5. The subgenera Hylaeus, s. str. and Paraprosopis (Hymenoptera: Colletidae) Los Angeles County Museum Contributions in Science 180:1-60</citation>
                <citation>Snelling RR. 1983. The North American species of the bee genus Lithurge (Hymenoptera: Megachilidae) Los Angeles County Museum Contributions in Science 343:1-11</citation>
                <citation>Snelling RR. 1990. A review of the native North American bees of the genus Chalicodoma (Hymenoptera: Megachilidae) Natural History Museum of Los Angeles County Contributions in Science 421:1-39</citation>
                <citation>Stage GI. 1966. Biology and systematics of the American species of the genus Hesperapis Cockerell. Thesis, University of California, Berkeley thesis</citation>
                <citation>Steffan-Dewenter I. 2003. Importance of habitat area and landscape context for species richness of bees and wasps in fragmented orchard meadows. Conservation Biology 17:1036-1044</citation>
                <citation>Stein BA, Scott C, Benton N. 2008. Federal lands and endangered species: the role of military and other federal lands in sustaining biodiversity. BioScience 58:339-347</citation>
                <citation>Stephen WP. 1954. A revision of the bee genus Colletes in America North of Mexico (Hymenoptera, Colletidae) The University of Kansas Science Bulletin 36:149-527</citation>
                <citation>Stephen WP. 1957. Bumblebees of western America, Technical Bulletin. Corvallis: Oregon State College, Agricultural Experiment Station. 40:163</citation>
                <citation>Stohlgren TJ, Belknap J, Chong GW, Reich R. 1998. A plan to assess native and exotic plant diversity and cryptobiotic crusts in the Grand Staircase-Escalante National Monument. In: Hill LM, ed. Learning from the land: Grand Staircase-Escalante National Monument Science symposium proceedings. Salt Lake City: Paragon Press. 269-276</citation>
                <citation>Tepedino VJ, Bradley BA, Griswold TL. 2008. Might flowers of invasive plants increase native bee carrying capacity? Intimations from Capital Reef National Park, Utah. Natural Areas Journal 28:44-50</citation>
                <citation>Tepedino VJ, Stanton NL. 1981. Diversity and competition in bee-plant communities on short-grass prairies. Oikos 36:35-44</citation>
                <citation>Thorp RW. 1969. Systematics and ecology of bees of the subgenus Diandrena (Hymenoptera: Andrenidae) University of California Publications in Entomology 52:1-146</citation>
                <citation>Thorp RW, LaBerge WE. 2005. A revision of the bees of the genus Andrena of the western hemisphere. Part XV. Subgenus Hesperandrena. Illinois Natural History Survey Bulletin 37:64-93</citation>
                <citation>Timberlake PH. 1954. A revisional study of the bees of the genus Perdita F. Smith, with special reference to the fauna of the Pacific coast (Hymenoptera, Apoidea) Part I. University of California Publications in Entomology 9:345-432</citation>
                <citation>Timberlake PH. 1956. A revisional study of the bees of the genus Perdita F. Smith, with special reference to the fauna of the Pacific coast (Hymenoptera, Apoidea) Part II. University of California Publications in Entomology 9:247-349</citation>
                <citation>Timberlake PH. 1958. A revisional study of the bees of the genus Perdita F. Smith, with special reference to the fauna of the Pacific coast (Hymenoptera, Apoidea) Part III. University of California Publications in Entomology 14:303-410</citation>
                <citation>Timberlake PH. 1960. A revisional study of the bees of the genus Perdita F. Smith, with special reference to the fauna of the Pacific coast (Hymenoptera, Apoidea) Part IV. University of California Publications in Entomology 17:1-156</citation>
                <citation>Timberlake PH. 1962. A revisional study of the bees of the genus Perdita F. Smith, with special reference to the fauna of the Pacific coast (Hymenoptera, Apoidea) Part V. University of California Publications in Entomology 28:1-124</citation>
                <citation>Timberlake PH. 1964. A revisional study of the bees of the genus Perdita F. Smith, with special reference to the fauna of the Pacific coast (Hymenoptera, Apoidea) Part VI. University of California Publications in Entomology 28:125-388</citation>
                <citation>Timberlake PH. 1968. A revisional study of the bees of the genus Perdita F. Smith, with special reference to the fauna of the Pacific coast (Hymenoptera, Apoidea) Part VII. University of California Publications in Entomology 49:1-196</citation>
                <citation>Timberlake PH. 1969. A contribution to the systematics of North American species of Synhalonia (Hymenoptera, Apoidea) University of California Publications in Entomology 57:1-76</citation>
                <citation>Timberlake PH. 1971. Supplementary studies on the systematics of the genus Perdita (Hymenoptera, Andrenidae) University of California Publications in Entomology 66:1-63</citation>
                <citation>Timberlake PH. 1973. Revision of the genus Pseudopanurgus of North America (Hymenoptera, Apoidea) University of California Publications in Entomology 72:1-58</citation>
                <citation>Timberlake PH. 1975. The North American species of Heterosarus Robertson (Hymenoptera, Apoidea) University of California Publications in Entomology 77:1-56</citation>
                <citation>Timberlake PH. 1976. Revision of the North American bees of the genus Protandrena Cockerell (Hymenoptera: Apoidea) Transactions of the American Entomological Society 102:133-227</citation>
                <citation>Timberlake PH. 1980. Review of North American Exomalopsis (Hymenoptera, Anthophoridae) University of California Publications in Entomology 86:1-158</citation>
                <citation>Toler T. 2001. Diversity, distribution, and abundance of flower-visiting Apoidea (Hymenoptera) on sand dunes of the west desert of Utah. Thesis, Utah State University, Logan thesis</citation>
                <citation>Utah Climate Center. 2001–2005. Utah State University. http://climate.usurf.usu.edu (Accessed)</citation>
                <citation>Vanbergen AJ, Espíndola A, Aizen MA. 2018. Risks to pollinators and pollination from invasive alien species. Nature Ecology &amp; Evolution 2:16-25</citation>
                <citation>Venturini EM, Drummond FA, Hoshide AK, Dibble AC, Stack LB. 2017. Pollination reservoirs for wild bee habitat enhancement in cropping systems: a review. Agroecology and Sustainable Food Systems 4:101-142</citation>
                <citation>Warzecha D, Diekotter T, Wolters V, Jauker F. 2017. Attractiveness of wildflower mixtures for wild bees and hoverflies depends on some key plant species. Insect Conservation and Diversity 11:32-41</citation>
                <citation>Welsh SL, Atwood ND. 2002. Flora of the bureau of land management Grand Staircase-Escalante National Monument and Kane County, Utah. Provo: Brigham Young University. 166</citation>
                <citation>Welsh SL, Atwood ND, Goodrich S, Higgins LC. 1993. A Utah Flora. Provo: Brigham Young University.</citation>
                <citation>White JR. 1952. A revision of the genus Osmia, subgenus Acanthosmioides (Hymenoptera, Megachilidae) University of Kansas Science Bulletin 35:219-307</citation>
                <citation>Williams PH, Cameraon SA, Hines HM, Cederberg B, Rasmont P. 2008. A simplified subgeneric classification of the bumblebees (genus Bombus) Apidologie 39:46-74</citation>
                <citation>Williams NM, Minckley RL, Silveira FA. 2001. Variation in native bee faunas and its implications for detecting community changes. Conservation Ecology 5:7</citation>
                <citation>Wilson JS, Messinger OJ, Griswold T. 2009. Variation between bee communities on a sand dune complex in the Great Basin Desert, North America: Implications for sand dune conservation. Journal of Arid Environments 73:666-671</citation>
                <citation>Wilson JS, Pitts JP. 2012. Identifying Pleistocene refugia in North American cold deserts using phylogeographic analyses and ecological niche modeling. Diversity and Distributions 18:1139-1152</citation>
                <citation>Wilson JS, Wilson LE, Loftis LD, Griswold T. 2010. The montane bee fauna of north central Washington, USA. Western North American Naturalist 70:198-207</citation>
                <citation>Winfree R, Fox JW, Williams NM, Reilly JR, Cariveau DP. 2015. Abundance of common species, not species richness, drives delivery of a real-world ecosystem service. Ecology Letters 18:626-635</citation>
                <citation>Winfree R, Reilly JR, Bartomeus I, Cariveau DP, Williams NM. 2018. Species turnover promotes the importance of bee diversity for crop pollination at regional scales. Science 359:791-793</citation>
                <citation>Woodcock BA, Bullock JM, Shore RF, Heard MS, Pereira MG, Redhead J, Ridding L, Dean H, Sleep D, Henrys P+9 more. 2017. Country-specific effects of neonicotinoid pesticides on honey bees and wild bees. Science 356:1393-1395</citation>
                <citation>Everaars J, Settele J, Dormann CF. 2018. Fragmentation of nest and foraging habitat affects time budgets of solitary bees, their fitness and pollination services, depending on traits: results from an individual-based model. PLOS ONE 13:e0188269</citation>
                </bibliography>
                <physical>
                    <objectName>Figure 1</objectName>
                    <characterEncoding>ISO 8859-1 (Latin-1)</characterEncoding>
                    <dataFormat>
                        <externallyDefinedFormat>
                            <formatName>png</formatName>
                        </externallyDefinedFormat>
                    </dataFormat>
                    <distribution>
                        <online>
                            <url function="download">https://dfzljdn9uc3pi.cloudfront.net/2018/5867/1/fig-1-full.png</url>
                        </online>
                    </distribution>
                </physical>
                <physical>
                    <objectName>Figure 2</objectName>
                    <characterEncoding>ISO 8859-1 (Latin-1)</characterEncoding>
                    <dataFormat>
                        <externallyDefinedFormat>
                            <formatName>png</formatName>
                        </externallyDefinedFormat>
                    </dataFormat>
                    <distribution>
                        <online>
                            <url function="download">https://dfzljdn9uc3pi.cloudfront.net/2018/5867/1/fig-2-full.png</url>
                        </online>
                    </distribution>
                </physical>
                <resourceLogoUrl>https://bison.usgs.gov/ipt/logo.do?r=usda-gsenm-inventory</resourceLogoUrl>
                <collection>
                    <parentCollectionIdentifier>Not Applicable</parentCollectionIdentifier>
                    
                    <collectionName>USDA-ARS Pollinating Insect-Biology, Management, Systematics Research</collectionName>
                </collection>
                <specimenPreservationMethod>PINNED</specimenPreservationMethod>
            </gbif>
        </metadata>
    </additionalMetadata>
    </eml:eml>
