<?xml version="1.0" encoding="utf-8"?>
<eml:eml xmlns:eml="https://eml.ecoinformatics.org/eml-2.2.0" xmlns:xsi="http://www.w3.org/2001/XMLSchema-instance"
         xsi:schemaLocation="https://eml.ecoinformatics.org/eml-2.2.0 https://rs.gbif.org/schema/eml-gbif-profile/1.3/eml.xsd"
packageId="56dfeacf-b9bf-4dbb-951a-a5a5200a0589"  system="http://gbif.org" scope="system"
xml:lang="en">
    <dataset>
        <alternateIdentifier>10.5886/ntpd1n</alternateIdentifier>
        <alternateIdentifier>https://data.canadensys.net/ipt/resource?r=bduc-bombus-specimens</alternateIdentifier>
        <title>Survey of bumblebees in central Alberta - 2018</title>
        <creator>
            <individualName>
                <givenName>David</givenName>
                <surName>Prescott</surName>
            </individualName>
            <organizationName>Alberta Environment and Parks - Species at Risk Program</organizationName>
            <positionName>Senior Species at Risk Biologist, First Point of Contact</positionName>
            <address>
                <deliveryPoint>3rd fl Provincial Building 4920 - 51 Street</deliveryPoint>
                <city>Red Deer</city>
                <administrativeArea>Alberta</administrativeArea>
                <postalCode>T4N 6K8</postalCode>
                <country>CANADA</country>
            </address>
            <phone>1-403-340-4309</phone>
            <electronicMailAddress>dave.prescott@gov.ab.ca</electronicMailAddress>
        </creator>
        <creator>
            <individualName>
                <givenName>Michelle</givenName>
                <surName>Wells</surName>
            </individualName>
            <organizationName>Alberta Environment and Parks - Species at Risk Program</organizationName>
            <positionName>Species at Risk Technician, Administrative Point of Contact</positionName>
            <address>
                <deliveryPoint>3rd fl Provincial Building 4920 - 51 Street</deliveryPoint>
                <city>Red Deer</city>
                <administrativeArea>Alberta</administrativeArea>
                <postalCode>T4N 6K8</postalCode>
                <country>CANADA</country>
            </address>
            <phone>1-403-396-6248</phone>
            <electronicMailAddress>mcw@telus.net</electronicMailAddress>
        </creator>
        <creator>
            <individualName>
                <givenName>Lincoln</givenName>
                <surName>Best</surName>
            </individualName>
            <organizationName>Independent Bumblebee Taxonomist</organizationName>
            <positionName>Bumblebee Taxonomist</positionName>
        </creator>
        <metadataProvider>
            <individualName>
                <givenName>Michelle</givenName>
                <surName>Wells</surName>
            </individualName>
            <organizationName>Alberta Environment and Parks - Species at Risk Program</organizationName>
            <positionName>Species at Risk Technician, Administrative Point of Contact</positionName>
            <address>
                <deliveryPoint>3rd fl Provincial Building 4920 - 51 Street</deliveryPoint>
                <city>Red Deer</city>
                <administrativeArea>Alberta</administrativeArea>
                <postalCode>T4N 6K8</postalCode>
                <country>CANADA</country>
            </address>
            <phone>1-403-396-6248</phone>
            <electronicMailAddress>mcw@telus.net</electronicMailAddress>
        </metadataProvider>
        <associatedParty>
            <individualName>
                <givenName>Michelle</givenName>
                <surName>Wells</surName>
            </individualName>
            <electronicMailAddress>mcw@telus.net</electronicMailAddress>
            <role>USER</role>
        </associatedParty>
        <pubDate>
                2019-02-27
        </pubDate>
        <language>ENGLISH</language>
        <abstract>
            <para>During 2018, Alberta Environment and Parks conducted an inventory of bumble bees (Bombus spp.) in central Alberta, Canada with focus on the Parkland Natural Region of the province. The majority (&gt;99%) of 8808 bumble bees were collected in blue vane traps deployed 3-4 times over the summer at 31 distinct locations. Also included are records from a smaller number of hand-collected bees that were opportunistically sampled at 12 sites during work on field projects during the summer.</para>
<para>Blue vane traps were installed at 31 locations in central Alberta, Canada. Twenty-six sites were located in, or immediately adjacent to, the Parkland Natural Region, two in the Grassland Natural Region, and three in the Boreal Forest Natural Region. Each trap was erected for approximately two weeks within each summer month (May-August). Traps were usually situated where a variety of habitat types (forest, grass, water, agricultural) were located in close proximity (&lt;1 km), and usually on lands designated for habitat preservation (parks, natural areas, private conservation properties). The mean trapping duration over the summer at each site was (1275.2 hours; range 696-2547), and the mean number of bumble bees collected at each site was 281.5 (range: 20-900) individuals. A total of 8726 individuals of 22 species were collected. We also hand-collected bumblebees at 12 sites in Alberta during 2018, and include here records of 82 bees of 11 species. All bumble bees collected during the study are housed at the University of Calgary Zoology Museum, along with as-yet unidentified by-catch (non-Bombus) from the blue vane traps. We thank Ducks Unlimited Canada, Alberta Environment and Parks, the University of Calgary, the Alberta Conservation Association, and several dedicated volunteers for assistance with this project.</para>
        </abstract>
        <keywordSet>
            <keyword>Alberta</keyword>
            <keyword>bombus</keyword>
            <keyword>Parkland</keyword>
            <keyword>Occurrence</keyword>
            <keywordThesaurus>GBIF Dataset Type Vocabulary: http://rs.gbif.org/vocabulary/gbif/dataset_type.xml</keywordThesaurus>
        </keywordSet>
        <keywordSet>
            <keyword>Specimen</keyword>
            <keywordThesaurus>GBIF Dataset Subtype Vocabulary: http://rs.gbif.org/vocabulary/gbif/dataset_subtype.xml</keywordThesaurus>
        </keywordSet>
        <intellectualRights>
            <para>This work is licensed under a <ulink url="http://creativecommons.org/licenses/by/4.0/legalcode"><citetitle>Creative Commons Attribution (CC-BY) 4.0 License</citetitle></ulink>.</para>
        </intellectualRights>
        <licensed>
            <licenseName>Creative Commons Attribution 4.0 International</licenseName>
            <url>https://spdx.org/licenses/CC-BY-4.0.html</url>
            <identifier>CC-BY-4.0</identifier>
        </licensed>
        <distribution scope="document">
            <online>
                <url function="download">https://data.canadensys.net/ipt/archive.do?r=bduc-bombus-specimens</url>
            </online>
        </distribution>
        <coverage>
            <geographicCoverage>
                <geographicDescription>Alberta, Canada with an emphasis on the Parkland Natural Region.</geographicDescription>
                <boundingCoordinates>
                    <westBoundingCoordinate>-119.971</westBoundingCoordinate>
                    <eastBoundingCoordinate>-110.039</eastBoundingCoordinate>
                    <northBoundingCoordinate>60.021</northBoundingCoordinate>
                    <southBoundingCoordinate>48.98</southBoundingCoordinate>
                </boundingCoordinates>
            </geographicCoverage>
            <temporalCoverage>
                <rangeOfDates>
                    <beginDate>
                        <calendarDate>                2018-05-01
</calendarDate>
                    </beginDate>
                    <endDate>
                        <calendarDate>                2018-10-01
</calendarDate>
                    </endDate>
                </rangeOfDates>
            </temporalCoverage>
            <taxonomicCoverage>
                <taxonomicClassification>
                    <taxonRankName>Genus</taxonRankName>
                    <taxonRankValue>Bombus</taxonRankValue>
                </taxonomicClassification>
            </taxonomicCoverage>
        </coverage>
        <maintenance>
            <description>
                <para></para>
            </description>
            <maintenanceUpdateFrequency>unkown</maintenanceUpdateFrequency>
        </maintenance>
        <contact>
            <individualName>
                <givenName>David</givenName>
                <surName>Prescott</surName>
            </individualName>
            <organizationName>Alberta Environment and Parks - Species at Risk Program</organizationName>
            <positionName>Senior Species at Risk Biologist, First Point of Contact</positionName>
            <address>
                <deliveryPoint>3rd fl Provincial Building 4920 - 51 Street</deliveryPoint>
                <city>Red Deer</city>
                <administrativeArea>A</administrativeArea>
                <postalCode>T4N 6K8</postalCode>
                <country>CANADA</country>
            </address>
            <phone>1-403-340-4309</phone>
            <electronicMailAddress>dave.prescott@gov.ab.ca</electronicMailAddress>
        </contact>
        <contact>
            <individualName>
                <givenName>Michelle</givenName>
                <surName>Wells</surName>
            </individualName>
            <organizationName>Alberta Environment and Parks - Species at Risk Program</organizationName>
            <positionName>Species at Risk Technician, Administrative Point of Contact</positionName>
            <address>
                <deliveryPoint>3rd fl Provincial Building 4920 - 51 Street</deliveryPoint>
                <city>Red Deer</city>
                <administrativeArea>A</administrativeArea>
                <postalCode>T4N 6K8</postalCode>
                <country>CANADA</country>
            </address>
            <phone>1-403-396-6248</phone>
            <electronicMailAddress>mcw@telus.net</electronicMailAddress>
        </contact>
        <contact>
            <individualName>
                <givenName>John</givenName>
                <surName>Swann</surName>
            </individualName>
            <organizationName>University of Calgary</organizationName>
            <positionName>Curator</positionName>
            <address>
                <deliveryPoint>507 Campus Drive NW</deliveryPoint>
                <city>Calgary</city>
                <administrativeArea>Alberta</administrativeArea>
                <postalCode>T2N 1N4</postalCode>
                <country>CANADA</country>
            </address>
            <phone>1-403-210-6449</phone>
            <electronicMailAddress>jeswann@ucalgary.ca</electronicMailAddress>
        </contact>
        <methods>
            <methodStep>
                <description>
                    <para>Blue vane traps were installed at 31 locations in central Alberta, Canada. Twenty-six sites were located in, or immediately adjacent to, the Parkland Natural Region, two in the Grassland Natural Region, and three in the Boreal Forest Natural Region. Each trap was erected for approximately two weeks within each summer month (May-August). Traps were usually situated where a variety of habitat types (forest, grass, water, agricultural) were located in close proximity (&lt;1 km), and usually on lands designated for habitat preservation (parks, natural areas, private conservation properties). The mean trapping duration over the summer at each site was (1275.2 hours; range 696-2547), and the mean number of bumble bees collected at each site was 281.5 (range: 20-900) individuals. A total of 8726 individuals of 22 species were collected. We also hand-collected bumblebees at 12 sites in Alberta during 2018, and include here records of 82 bees of 11 species. All bumble bees collected during the study are housed at the University of Calgary Zoology Museum, along with as-yet unidentified by-catch (non-Bombus) from the blue vane traps.</para>
                </description>
            </methodStep>
            <sampling>
                <studyExtent>
                    <description>
                        <para>During 2018, Alberta Environment and Parks conducted an inventory of bumble bees (Bombus spp.) in central Alberta, Canada with focus on the Parkland Natural Region of the province.</para>
                    </description>
                </studyExtent>
                <samplingDescription>
                    <para>The majority (&gt;99%) of 8808 bumble bees were collected in blue vane traps deployed 3-4 times over the summer at 31 distinct locations. Also included are records from a smaller number of hand-collected bees that were opportunistically sampled at 12 sites during work on field projects during the summer.</para>
                </samplingDescription>
            </sampling>
        </methods>

    </dataset>

    <additionalMetadata>
        <metadata>
            <gbif>
                <dateStamp>2024-12-27T12:34:00Z</dateStamp>
                <citation identifier="https://doi.org/10.5886/ntpd1n">Prescott D, Wells M, Best L (2019). Survey of bumblebees in central Alberta - 2018. Alberta Environment and Parks - Species at Risk program. Occurrence dataset https://doi.org/10.5886/ntpd1n accessed via GBIF.org on 2024-12-27.</citation>
                <collection>
                    <parentCollectionIdentifier>University of Alberta Zoological Collection</parentCollectionIdentifier>
                    
                    <collectionName>Survey of bumblebees in central Alberta, 2018</collectionName>
                </collection>
                <specimenPreservationMethod>PINNED</specimenPreservationMethod>
                <jgtiCuratorialUnit>
                    <jgtiUnitType>specimens</jgtiUnitType>
                    <jgtiUnits>8,808</jgtiUnits>
                </jgtiCuratorialUnit>
            </gbif>
        </metadata>
    </additionalMetadata>
    </eml:eml>
