<?xml version="1.0" encoding="utf-8"?>
<eml:eml xmlns:eml="https://eml.ecoinformatics.org/eml-2.2.0" xmlns:xsi="http://www.w3.org/2001/XMLSchema-instance"
         xsi:schemaLocation="https://eml.ecoinformatics.org/eml-2.2.0 https://rs.gbif.org/schema/eml-gbif-profile/1.3/eml.xsd"
packageId="76525e81-9210-401d-a90d-5509f771c0e7"  system="http://gbif.org" scope="system"
xml:lang="en">
    <dataset>
        <alternateIdentifier>10.15468/mtagq6</alternateIdentifier>
        <alternateIdentifier>https://ecdysis.org/collections/misc/collprofiles.php?collid=128</alternateIdentifier>
        <alternateIdentifier>https://scan-bugs.org:443/portal/collections/misc/collprofiles.php?collid=76</alternateIdentifier>
        <alternateIdentifier>http://scan-bugs.org/portal/collections/misc/collprofiles.php?collid=76</alternateIdentifier>
        <title>The Albert J. Cook Arthropod Research Collection</title>
        <creator>
            <organizationName>Ecdysis Portal</organizationName>
            <onlineUrl>https://ecdysis.org/index.php</onlineUrl>
        </creator>
        <metadataProvider>
            <organizationName>Ecdysis Portal</organizationName>
            <onlineUrl>https://ecdysis.org/index.php</onlineUrl>
        </metadataProvider>
        <associatedParty>
            <individualName>
                <givenName>Anthony</givenName>
                <surName>Cognato</surName>
            </individualName>
            <electronicMailAddress>cognato@msu.edu</electronicMailAddress>
            <role>CONTENT_PROVIDER</role>
        </associatedParty>
        <associatedParty>
            <individualName>
                <givenName>Sarah</givenName>
                <surName>Smith</surName>
            </individualName>
            <positionName>curator</positionName>
            <electronicMailAddress>smith462@msu.edu</electronicMailAddress>
            <userId directory="https://orcid.org/">0000-0002-5173-3736</userId>
            <role>CONTENT_PROVIDER</role>
        </associatedParty>
        <pubDate>
                2024-11-01
        </pubDate>
        <language>ENGLISH</language>
        <abstract>
            <para>In 1867, Professor Albert J. Cook started the ARC and it currently houses ~ 1.5 million specimens mounted on pins, slides or stored in alcohol representing ~35,000 species. A significant portion of the collection represents the insect diversity Michigan and the Great Lakes Region. Other significant collections represent the world-wide arthropod fauna for select taxa, e.g., Lepidoptera and Scolytinae. Researchers in systematics, agriculture, natural resources, urban insect management, to extension personnel and to the general public use these specimens. Please direct inquiries to Anthony Cognato, Director or Sarah Smith, curator (smith462&amp;#64;msu.edu).</para>
        </abstract>
        <intellectualRights>
            <para>To the extent possible under law, the publisher has waived all rights to these data and has dedicated them to the <ulink url="http://creativecommons.org/publicdomain/zero/1.0/legalcode"><citetitle>Public Domain (CC0 1.0)</citetitle></ulink>. Users may copy, modify, distribute and use the work, including for commercial purposes, without restriction.</para>
        </intellectualRights>
        <licensed>
            <licenseName>Creative Commons Zero v1.0 Universal</licenseName>
            <url>https://spdx.org/licenses/CC0-1.0.html</url>
            <identifier>CC0-1.0</identifier>
        </licensed>
        <distribution scope="document">
            <online>
                <url function="download">https://ecdysis.org/content/dwca/MSU-MSUC_DwC-A.zip</url>
            </online>
        </distribution>
        <contact>
            <organizationName>The Albert J. Cook Arthropod Research Collection</organizationName>
            <electronicMailAddress>cognato@msu.edu</electronicMailAddress>
            <onlineUrl>http://www.arc.ent.msu.edu/</onlineUrl>
        </contact>

    </dataset>

    <additionalMetadata>
        <metadata>
            <gbif>
                <dateStamp>2024-12-27T12:33:59Z</dateStamp>
                <citation>A.J. Cook Arthropod Research Collection (2024). The Albert J. Cook Arthropod Research Collection. Occurrence dataset https://doi.org/10.15468/mtagq6 accessed via GBIF.org on 2024-12-27.</citation>
            </gbif>
        </metadata>
    </additionalMetadata>
    </eml:eml>
