<?xml version="1.0" encoding="utf-8"?>
<eml:eml xmlns:eml="https://eml.ecoinformatics.org/eml-2.2.0" xmlns:xsi="http://www.w3.org/2001/XMLSchema-instance"
         xsi:schemaLocation="https://eml.ecoinformatics.org/eml-2.2.0 https://rs.gbif.org/schema/eml-gbif-profile/1.3/eml.xsd"
packageId="c53a27b8-d019-460e-8124-662b6fa14d85"  system="http://gbif.org" scope="system"
xml:lang="en">
    <dataset>
        <alternateIdentifier>10.15468/jsgtns</alternateIdentifier>
        <alternateIdentifier>http://ipt.vertnet.org:8080/ipt/resource?r=ucm_ento</alternateIdentifier>
        <alternateIdentifier>https://iptmuse.colorado.edu/resource?r=ucmc_entomology</alternateIdentifier>
        <alternateIdentifier>c53a27b8-d019-460e-8124-662b6fa14d85</alternateIdentifier>
        <alternateIdentifier>http://iptmuse.colorado.edu:8080/ipt/resource.do?r=ucmc_entomology</alternateIdentifier>
        <title>UCM Entomology Collection</title>
        <creator>
            <individualName>
                <givenName>Virginia</givenName>
                <surName>Scott</surName>
            </individualName>
            <organizationName>University of Colorado Museum of Natural History</organizationName>
            <positionName>Collection Manager</positionName>
            <address>
                <deliveryPoint>265 UCB</deliveryPoint>
                <city>Boulder</city>
                <administrativeArea>CO</administrativeArea>
                <postalCode>80309</postalCode>
                <country>UNITED_STATES</country>
            </address>
            <phone>303-492-6270</phone>
            <electronicMailAddress>virginia.scott@colorado.edu</electronicMailAddress>
            <onlineUrl>https://cumuseum.colorado.edu/research/entomology</onlineUrl>
        </creator>
        <metadataProvider>
            <individualName>
                <givenName>Virginia</givenName>
                <surName>Scott</surName>
            </individualName>
            <organizationName>University of Colorado Museum of Natural History</organizationName>
            <positionName>Collection Manager</positionName>
            <address>
                <deliveryPoint>265 UCB</deliveryPoint>
                <city>Boulder</city>
                <administrativeArea>CO</administrativeArea>
                <postalCode>80309</postalCode>
                <country>UNITED_STATES</country>
            </address>
            <phone>303-492-6270</phone>
            <electronicMailAddress>virginia.scott@colorado.edu</electronicMailAddress>
            <onlineUrl>https://cumuseum.colorado.edu/research/entomology</onlineUrl>
        </metadataProvider>
        <associatedParty>
            <individualName>
                <givenName>Virginia</givenName>
                <surName>Scott</surName>
            </individualName>
            <organizationName>University of Colorado Museum of Natural History</organizationName>
            <positionName>Collection Manager</positionName>
            <address>
                <deliveryPoint>265 UCB</deliveryPoint>
                <city>Boulder</city>
                <administrativeArea>CO</administrativeArea>
                <postalCode>80309</postalCode>
                <country>UNITED_STATES</country>
            </address>
            <phone>303-492-6270</phone>
            <electronicMailAddress>virginia.scott@colorado.edu</electronicMailAddress>
            <onlineUrl>http://www.colorado.edu/cumuseum/research-collections/entomology</onlineUrl>
            <role>CURATOR</role>
        </associatedParty>
        <associatedParty>
            <individualName>
                <givenName>Deane</givenName>
                <surName>Bowers</surName>
            </individualName>
            <organizationName>University of Colorado Museum of Natural History</organizationName>
            <positionName>Curator Emerita</positionName>
            <address>
                <deliveryPoint>265 UCB</deliveryPoint>
                <city>Boulder</city>
                <administrativeArea>CO</administrativeArea>
                <postalCode>80309</postalCode>
                <country>UNITED_STATES</country>
            </address>
            <phone>303-492-5530</phone>
            <electronicMailAddress>deane.bowers@colorado.edu</electronicMailAddress>
            <onlineUrl>http://www.bowerslab.org/</onlineUrl>
            <role>CURATOR</role>
        </associatedParty>
        <associatedParty>
            <individualName>
                <givenName>David</givenName>
                <surName>Bloom</surName>
            </individualName>
            <organizationName>VertNet</organizationName>
            <positionName>VertNet Coordinator</positionName>
            <electronicMailAddress>dbloom@vertnet.org</electronicMailAddress>
            <onlineUrl>http://vertnet.org/</onlineUrl>
            <role>PROGRAMMER</role>
        </associatedParty>
        <associatedParty>
            <individualName>
                <givenName>John</givenName>
                <surName>Wieczorek</surName>
            </individualName>
            <organizationName>VertNet</organizationName>
            <positionName>Information Architect</positionName>
            <electronicMailAddress>tuco@berkeley.edu</electronicMailAddress>
            <onlineUrl>http://vertnet.org/</onlineUrl>
            <role>PROGRAMMER</role>
        </associatedParty>
        <associatedParty>
            <individualName>
                <givenName>Adrian</givenName>
                <surName>Carper</surName>
            </individualName>
            <organizationName>University of Colorado Museum of Natural History</organizationName>
            <positionName>Research Associate</positionName>
            <address>
                <deliveryPoint>265 UCB</deliveryPoint>
                <city>Boulder</city>
                <administrativeArea>CO</administrativeArea>
                <postalCode>80309-0265</postalCode>
                <country>UNITED_STATES</country>
            </address>
            <electronicMailAddress>adrian.l.carper@colorado.edu</electronicMailAddress>
            <role>CURATOR</role>
        </associatedParty>
        <pubDate>
                2023-11-01
        </pubDate>
        <language>ENGLISH</language>
        <abstract>
            University of Colorado Museum of Natural History Entomology Collections
        </abstract>
        <keywordSet>
            <keyword>Occurrence</keyword>
            <keywordThesaurus>GBIF Dataset Type Vocabulary: http://rs.gbif.org/vocabulary/gbif/dataset_type.xml</keywordThesaurus>
        </keywordSet>
        <keywordSet>
            <keyword>Specimen</keyword>
            <keywordThesaurus>GBIF Dataset Subtype Vocabulary: http://rs.gbif.org/vocabulary/gbif/dataset_subtype.xml</keywordThesaurus>
        </keywordSet>
        <keywordSet>
            <keyword>Occurrence</keyword>
            <keywordThesaurus>GBIF Dataset Type Vocabulary: http://rs.gbif.org/vocabulary/gbif/dataset_type_2015-07-10.xml</keywordThesaurus>
        </keywordSet>
        <additionalInfo>
            <para>http://vertnet.org/resources/norms.html</para>
        </additionalInfo>
        <intellectualRights>
            <para>This work is licensed under a <ulink url="http://creativecommons.org/licenses/by-nc/4.0/legalcode"><citetitle>Creative Commons Attribution Non Commercial (CC-BY-NC) 4.0 License</citetitle></ulink>.</para>
        </intellectualRights>
        <licensed>
            <licenseName>Creative Commons Attribution Non Commercial 4.0 International</licenseName>
            <url>https://spdx.org/licenses/CC-BY-NC-4.0.html</url>
            <identifier>CC-BY-NC-4.0</identifier>
        </licensed>
        <distribution scope="document">
            <online>
                <url function="information">https://www.colorado.edu/cumuseum/research-collections/entomology</url>
            </online>
        </distribution>
        <distribution scope="document">
            <online>
                <url function="download">https://ipt.vertnet.org/archive.do?r=ucm_ento</url>
            </online>
        </distribution>
        <coverage>
            <geographicCoverage>
                <geographicDescription>The collection contains insects from around the world, but primarily from Colorado and the western United States.</geographicDescription>
                <boundingCoordinates>
                    <westBoundingCoordinate>-180</westBoundingCoordinate>
                    <eastBoundingCoordinate>180</eastBoundingCoordinate>
                    <northBoundingCoordinate>90</northBoundingCoordinate>
                    <southBoundingCoordinate>-90</southBoundingCoordinate>
                </boundingCoordinates>
            </geographicCoverage>
            <taxonomicCoverage>
                <generalTaxonomicCoverage>Insects</generalTaxonomicCoverage>
                <taxonomicClassification>
                    <taxonRankName>Class</taxonRankName>
                    <taxonRankValue>Insecta</taxonRankValue>
                    <commonName>Insects</commonName>
                </taxonomicClassification>
            </taxonomicCoverage>
        </coverage>
        <maintenance>
            <description>
                <para></para>
            </description>
            <maintenanceUpdateFrequency>unkown</maintenanceUpdateFrequency>
        </maintenance>
        <contact>
            <individualName>
                <givenName>Virginia</givenName>
                <surName>Scott</surName>
            </individualName>
            <organizationName>University of Colorado Museum of Natural History</organizationName>
            <positionName>Collection Manager</positionName>
            <address>
                <deliveryPoint>265 UCB</deliveryPoint>
                <city>Boulder</city>
                <administrativeArea>CO</administrativeArea>
                <postalCode>80309</postalCode>
                <country>UNITED_STATES</country>
            </address>
            <phone>303-492-6270</phone>
            <electronicMailAddress>virginia.scott@colorado.edu</electronicMailAddress>
            <onlineUrl>https://cumuseum.colorado.edu/research/entomology</onlineUrl>
        </contact>

            <project >
                <title>UCMC Entomology Collection</title>
                <personnel>
                    <individualName>
                    <givenName>Virginia</givenName>
                    <surName>Scott</surName>
                    </individualName>
                    <role>CURATOR</role>
                </personnel>
                <abstract>
                    <para></para>
                </abstract>
                <funding>
                    <para>University of Colorado Boulder</para>
                </funding>
                <studyAreaDescription>
                    <descriptor name="generic" citableClassificationSystem="false">
                        <descriptorValue>Insect collected worldwide, with a focus on Colorado and the western United States</descriptorValue>
                    </descriptor>
                </studyAreaDescription>
            </project>
    </dataset>

    <additionalMetadata>
        <metadata>
            <gbif>
                <dateStamp>2024-12-27T12:34:01Z</dateStamp>
                <citation>Scott V (2023). UCM Entomology Collection. Version 6.5. University of Colorado Museum of Natural History. Occurrence dataset https://doi.org/10.15468/jsgtns accessed via GBIF.org on 2024-12-27.</citation>
                <collection>
                    <parentCollectionIdentifier>UCM</parentCollectionIdentifier>
                    <collectionIdentifier>UCMC</collectionIdentifier>
                    <collectionName>University of Colorado Museum of Natural History Entomology Collection</collectionName>
                </collection>
                <livingTimePeriod>1870-present</livingTimePeriod>
            </gbif>
        </metadata>
    </additionalMetadata>
    </eml:eml>
