<?xml version="1.0" encoding="utf-8"?>
<eml:eml xmlns:eml="https://eml.ecoinformatics.org/eml-2.2.0" xmlns:xsi="http://www.w3.org/2001/XMLSchema-instance"
         xsi:schemaLocation="https://eml.ecoinformatics.org/eml-2.2.0 https://rs.gbif.org/schema/eml-gbif-profile/1.3/eml.xsd"
packageId="10.15468/dl.g58mkz"  system="http://gbif.org" scope="system"
xml:lang="en">
    <dataset>
        <alternateIdentifier>0049858-241126133413365</alternateIdentifier>
        <title>GBIF Occurrence Download 10.15468/dl.g58mkz</title>
        <creator>
            <individualName>
                <surName>GBIF Download Service</surName>
            </individualName>
            <electronicMailAddress>support@gbif.org</electronicMailAddress>
        </creator>
        <metadataProvider>
            <individualName>
                <surName>GBIF Download Service</surName>
            </individualName>
            <electronicMailAddress>support@gbif.org</electronicMailAddress>
        </metadataProvider>
        <pubDate>
                2024-12-27
        </pubDate>
        <language>ENGLISH</language>
        <abstract>
            A dataset containing all occurrences available in GBIF matching the query:
{
  "and" : [
    "HasCoordinate is true",
    "HasGeospatialIssue is false",
    "OccurrenceStatus is Present",
    "TaxonKey is Ischnura senegalensis (Rambur, 1842)"
  ]
}
The dataset includes records from the following constituent datasets. The full metadata for each constituent is also included in this archive:
9 records from Entomology Division, Yale Peabody Museum
2 records from Quantitative and Semi-quantitative survey of the vegetation of Seychelles through stand scale plots
17 records from DNSM: Durban Natural Science Museum Insect Collection (1900-2011)
1 records from Odonata of Federal University of Technology Akure Nigeria
14 records from 2019_nsmk_smpl_in
31 records from naturgucker
12 records from Ibaraki Nature Museum, Arthropoda collection
2 records from The Survey Data of Mianhua and Huaping Islets Wildlife Refuge
23 records from jeju_island_natural_monument_insect_list_2019_2021
1 records from Données d'Eco-Med Océan Indien - Données historiques d'Eco-Med Océan Indien : volet faune
76 records from NIEK_NES
1 records from Données d'occurrences Espèces issues de l'inventaire des ZNIEFF
2 records from 2018_nsmk_biodiversity_in
1 records from Lajitietokeskus/FinBIF - Notebook, general observations
6 records from Estonian University of Life Sciences Institute of Agricultural and Environmental Sciences Entomological Collection
1 records from Diagnostic écologique faune/flore. Projet Endemiel. Commune du Tampon - Base de données entomofaune pour le Tampon (Cynorkys)
355 records from International Barcode of Life project (iBOL)
1 records from Waarnemingen.be - Non-native animal occurrences in Flanders and the Brussels Capital Region, Belgium
1 records from 南投縣鹿谷鄉清秀堤段生態檢核補充調查
2 records from 2022 in_observation_nsmk_105
1 records from 2024_naturing_observation_all_9020
5 records from Rapid Assessment Program (RAP) Biodiversity Survey Database
4 records from niek_2022
52 records from AM: Freshwater Invertebrates (1900-2005)
3 records from Entomological Specimens of Museum of Nature and Human Activities, Hyogo Pref., Japan
10 records from 2019_NSMK_IN
1 records from IndOBIS, Indian Ocean Node of OBIS
5 records from 2021_kbif_joint_survey_insect_specimen_information_nsmk_649
137 records from Observation.org, Nature data from around the World
6 records from Naturalis Biodiversity Center (NL) - Hemiptera
1 records from Documentation of biodiversity in Newtown Ecopark, North 24 Parganas, West Bengal, India (2020-2022), excluding floral components
2 records from Référentiel taxonomique national (TAXREF) - Inventaire des Collectivités d'outre-mer et de la métropole (ICOM_14) issu des données biogéographiques de TAXREF v14
4 records from ZFMK Odonata collection
2 records from Référentiel taxonomique national (TAXREF) - Inventaire des Collectivités d'outre-mer et de la métropole (ICOM_15) issu des données biogéographiques de TAXREF v15
11 records from Kenya Virtual Museum Records
1 records from Inventaires Aéro Biodiversité - RUN - Aéroport La Réunion Roland Garros-Inventaires Aéro Biodiversité - RUN - Observations opportunistes extérieur
1 records from 2007-2022_nibr_simpl_in
1 records from Estonian Naturalists’ Society
227 records from India Biodiversity Portal publication grade dataset
3 records from Forest Arthropod Collection of Taiwan, TFRI
139 records from Insect specimens of Toyama Science Museum
23 records from Insect specimens of Kaizuka City Museum of Natural History
1 records from Miscellaneous records held on the Cofnod database
10 records from 2018_nsmk_smpl_in
4 records from Invertebrates of the river Tana Basin in Kenya available at the National Museums of Kenya's Natural History Collections, Invertebrates Zoology Section
1 records from Diagnostic écologique faune/flore et mesures écologiques d'étude d'impact - Base de données entomofaune pour Cilaos (Cynorkys)
11 records from IZIKO South Africa Museum Collection (1800-2013)
1 records from Projet de construction d'un supermarché sur la commune de Bouéni (97620)-Biotope_INSECT_INV
2 records from The Albert J. Cook Arthropod Research Collection
28 records from Digitization of Species of Odonata (Damselflies and Dragonflies) of Southern, Nigeria
182 records from 臺北市政府工務局水利工程處轄管濕地及滯洪池生態監測資料
2 records from 2024_naturing_observation_all_13970
1 records from FBIP:IZIKO-UCT:Historical Invertebrates (1930-1980)
1 records from Insect specimens of Tokushima Prefectural Museum
2 records from Référentiel taxonomique national (TAXREF)-Inventaire des Collectivités d'outre-mer et de la métropole issu des données biogéographiques de TAXREF
14 records from 2019_nsmk_biodiversity_in_17173
5 records from Observations occasionnelles faune et flore dans la RNN Etang de Saint-Paul - Observations opportunistes dans la RNNESP (RNNESP, 2018)
2 records from Inventaire entomologique de la Réserve naturelle de l’Étang de Saint-Paul - Inventaire de l'entomofaune de la Réserve de l’Étang de Saint-Paul (RNNESP, 2019)
273 records from NMNH Extant Specimen Records (USNM, US)
5 records from Activité générale du bureau d'étude BIOTOPE (1994 - 2013) - Données acquises dans le cadre de l'activité du bureau d'étude BIOTOPE Océan Indien depuis 2003
2 records from First DiversityIndia Meet (2022) held at Sundarbans, West Bengal, India
6 records from 2017_nsmk_in_smpl_1
407 records from Investigation Current Status of River in Taiwan between 2002 to 2022
379 records from Odonata observations from SE Asia
1 records from Northern Arizona University - Arthropod Collection
5 records from niek_nes_22
6 records from A crowdsourcing approach to collecting photo-based insect and plant observation records
22 records from Observations occasionnelles faune et flore dans la RNN Etang de Saint-Paul - Observations opportunistes dans la RNNESP (RNNESP, 2019)
12 records from Collection entomologique de l'Université Laval (ULQC)
12 records from The MOBIOS+: A FAIR (Findable, Accessible, Interoperable, and Reusable) Database for Mindanao's Terrestrial Biodiversity
5 records from Odonata of University of Ibadan, Nigeria
34 records from Insect Collection of Natural History Museum and Institute, Chiba
2 records from Déterminations et observations du Forum "Le Monde des Insectes" (LMDI)-Données photographiques validées de la galerie du forum "Le Monde des Insectes"
14 records from Insecta Specimens of Kawasaki Municipal Science Museum
6 records from Projet d’aménagement d’un parcours pédagogique sur la Lagune d’Ambato à M’Tsangamouji Mars 2023-Biotope_INSECT_INV
6 records from 2020_biodiversity_information_specimen
4 records from odonates of Lagos State University
15 records from 2021_nsmk_biodiversity_in_13400
8 records from Biodiverskripsi: Biodiversity Theses Database
5 records from INSDC Sequences
1 records from Royal Ontario Museum - Entomology Collection
3 records from Dragonfly records from the British Dragonfly Society Recording Scheme
1 records from Dossier de Demande d'Autorisation d'Exploiter une carrière de matériaux alluvionnaire au lieu-dit "Chemin Patelin" de la commune de Saint-André par la société PREFABLOC AGREGATS - Expertise insectes
179 records from Occurrence data of dragonflies available at the National Museums of Kenya's Natural History Collection, Invertebrates Zoology Section.
3 records from Observations occasionnelles faune et flore dans la RNN Etang de Saint-Paul - Observations occasionnelles dans la RNN Etang de Saint-Paul avant le 31/12/2017
1 records from Fauna of a small temporary quary pond from Pune University Campus, Pune, Maharashtra, India
175 records from Lund University Biological Museum - Insect collections Specimens
458 records from Atlas of the dragonflies and damselflies of West and Central Asia
14 records from Colecção Entomológica do Museu de História Natural de Maputo
1 records from Ouellet-Robert Entomological Collection (QMOR) - Specimens
9329 records from iNaturalist Research-grade Observations
22 records from Odonata Specimens of Yamaguchi prefectural Yamaguchi Museum
14 records from Insect Specimens Deposited in Saga Prefectural Space and Science Museum, JAPAN
6 records from Insect specimens of Komatsu City Museum

        </abstract>
        <contact>
            <individualName>
                <surName>GBIF Download Service</surName>
            </individualName>
            <electronicMailAddress>support@gbif.org</electronicMailAddress>
        </contact>

    </dataset>

    <additionalMetadata>
        <metadata>
            <gbif>
                <dateStamp>2024-12-27T11:56:12Z</dateStamp>
                <citation identifier="10.15468/dl.g58mkz">GBIF Occurrence Download 10.15468/dl.g58mkz</citation>
                <physical>
                    <objectName>Darwin Core Archive</objectName>
                    <characterEncoding>UTF-8</characterEncoding>
                    <dataFormat>
                        <externallyDefinedFormat>
                            <formatName>Darwin Core Archive</formatName>
                        </externallyDefinedFormat>
                    </dataFormat>
                    <distribution>
                        <online>
                            <url function="download">https://api.gbif.org/v1/occurrence/download/request/0049858-241126133413365.zip</url>
                        </online>
                    </distribution>
                </physical>
            </gbif>
        </metadata>
    </additionalMetadata>
    </eml:eml>
