<?xml version="1.0" encoding="utf-8"?>
<eml:eml xmlns:eml="https://eml.ecoinformatics.org/eml-2.2.0" xmlns:xsi="http://www.w3.org/2001/XMLSchema-instance"
         xsi:schemaLocation="https://eml.ecoinformatics.org/eml-2.2.0 https://rs.gbif.org/schema/eml-gbif-profile/1.3/eml.xsd"
packageId="10.15468/dl.zv3skj"  system="http://gbif.org" scope="system"
xml:lang="en">
    <dataset>
        <alternateIdentifier>0049907-241126133413365</alternateIdentifier>
        <title>GBIF Occurrence Download 10.15468/dl.zv3skj</title>
        <creator>
            <individualName>
                <surName>GBIF Download Service</surName>
            </individualName>
            <electronicMailAddress>support@gbif.org</electronicMailAddress>
        </creator>
        <metadataProvider>
            <individualName>
                <surName>GBIF Download Service</surName>
            </individualName>
            <electronicMailAddress>support@gbif.org</electronicMailAddress>
        </metadataProvider>
        <pubDate>
                2024-12-27
        </pubDate>
        <language>ENGLISH</language>
        <abstract>
            A dataset containing all occurrences available in GBIF matching the query:
{
  "and" : [
    "HasCoordinate is true",
    "HasGeospatialIssue is false",
    "OccurrenceStatus is Present",
    "TaxonKey is Calopteryx japonica Selys, 1869"
  ]
}
The dataset includes records from the following constituent datasets. The full metadata for each constituent is also included in this archive:
6 records from 2023_deoksan_insect_observation_information_nsmk_282
1 records from 2023 insect_observation_DNSM_2100
2 records from Ibaraki Nature Museum, Arthropoda collection
1122 records from NIEK_NES
2 records from 2024_naturing_observation_all_13970
4 records from Insect (MNHM-IN)
5 records from Insect specimens of Iwate Prefectural Museum
1 records from NMNH Extant Specimen Records (USNM, US)
1 records from 2017_nsmk_in_smpl_1
2 records from International Barcode of Life project (iBOL)
3 records from 2019_mjin_smpl_in_1182
212 records from niek_nes_22
1 records from 2022 insect_observation_DNSM_81
1 records from 2024_naturing_observation_all_9020
2 records from 2021_nsmk_biodiversity_in_13400
165 records from niek_2022
4 records from 2020_biodiversity_information_specimen
4 records from 2022_snc_observation_citizensciencemonitoring_17710
2 records from Entomological Specimens of Museum of Nature and Human Activities, Hyogo Pref., Japan
2 records from INSDC Sequences
5 records from 2021_drib_smpl_in_1200
9 records from 2020_hunm_biodiversity_in_3699
3 records from Observation.org, Nature data from around the World
3 records from 2023_snc_observation_citizensciencemonitoring_17999
1 records from Minor insect orders (Luomus)
3 records from Entomological Collections (NHRS), Swedish Museum of Natural History (NRM)
6 records from ZFMK Odonata collection
12 records from 2023_nsmk_biodiversity_observations_in_2800
8 records from 2007-2022_nibr_simpl_in
150 records from iNaturalist Research-grade Observations
10 records from 2019_nsmk_smpl_in_800

        </abstract>
        <contact>
            <individualName>
                <surName>GBIF Download Service</surName>
            </individualName>
            <electronicMailAddress>support@gbif.org</electronicMailAddress>
        </contact>

    </dataset>

    <additionalMetadata>
        <metadata>
            <gbif>
                <dateStamp>2024-12-27T13:07:53Z</dateStamp>
                <citation identifier="10.15468/dl.zv3skj">GBIF Occurrence Download 10.15468/dl.zv3skj</citation>
                <physical>
                    <objectName>Darwin Core Archive</objectName>
                    <characterEncoding>UTF-8</characterEncoding>
                    <dataFormat>
                        <externallyDefinedFormat>
                            <formatName>Darwin Core Archive</formatName>
                        </externallyDefinedFormat>
                    </dataFormat>
                    <distribution>
                        <online>
                            <url function="download">https://api.gbif.org/v1/occurrence/download/request/0049907-241126133413365.zip</url>
                        </online>
                    </distribution>
                </physical>
            </gbif>
        </metadata>
    </additionalMetadata>
    </eml:eml>
