<?xml version="1.0" encoding="utf-8"?>
<eml:eml xmlns:eml="https://eml.ecoinformatics.org/eml-2.2.0" xmlns:xsi="http://www.w3.org/2001/XMLSchema-instance"
         xsi:schemaLocation="https://eml.ecoinformatics.org/eml-2.2.0 https://rs.gbif.org/schema/eml-gbif-profile/1.3/eml.xsd"
packageId="10.15468/dl.xrpyex"  system="http://gbif.org" scope="system"
xml:lang="en">
    <dataset>
        <alternateIdentifier>0059630-241126133413365</alternateIdentifier>
        <title>GBIF Occurrence Download 10.15468/dl.xrpyex</title>
        <creator>
            <individualName>
                <surName>GBIF Download Service</surName>
            </individualName>
            <electronicMailAddress>support@gbif.org</electronicMailAddress>
        </creator>
        <metadataProvider>
            <individualName>
                <surName>GBIF Download Service</surName>
            </individualName>
            <electronicMailAddress>support@gbif.org</electronicMailAddress>
        </metadataProvider>
        <pubDate>
                2025-01-07
        </pubDate>
        <language>ENGLISH</language>
        <abstract>
            A dataset containing all occurrences available in GBIF matching the query:
{
  "and" : [
    "HasCoordinate is true",
    "HasGeospatialIssue is false",
    "TaxonKey is Acacia saligna (Labill.) H.L.Wendl."
  ]
}
The dataset includes records from the following constituent datasets. The full metadata for each constituent is also included in this archive:
1 records from 6 - Inventaire général de la flore vasculaire et de la fonge sur le TAG du CBNMed-Divers jeux de données floristiques produits par le CBNMED sur son territoire d'agrément
437 records from Victorian Biodiversity Atlas
1 records from Herbarium of Vascular Plants Collection of the University of Extremadura (Spain)
2 records from Instituto de Botánica Darwinion
1 records from Plant Resources Center
3 records from Allan Herbarium (CHR)
8 records from Quaid-i-Azam University Herbarium
2 records from Herbarium Dresdense
202 records from Wikiplantbase Sicilia
173 records from Centre for Australian National Biodiversity Research (CANB) AVH data
48 records from Swan Coastal Plain Survey
163 records from National Herbarium of Victoria (MEL) AVH data
4 records from Natural History Museum, Vienna - Herbarium W
4 records from ERBG AVH data
2 records from CHSC - Ahart Herbarium, CSU Chico - Vascular Plants
183 records from CABI Africa Invasive and Alien Species data
7 records from Carnet en Ligne
3 records from IRVC - University of California, Irvine Herbarium
3 records from Greenstone Ranges Survey
22 records from Conservation Atlas Surveys
2 records from Herbario de la Universidad de Granada: Colección GDA-Fanerogamia
1 records from Herbario del Jardín Botánico-Histórico La Concepción: HBC
5 records from Sistematización del Herbario Nacional Forestal Biól Luciano Vela Gálvez
6 records from James Cook University Herbarium (JCT) AVH data
2 records from Additional data to the Akrotiri Bioblitz, Cyprus
1 records from Herbarium Horti Botanici Pisani (PI), Sistema Museale di Ateneo, Università di Pisa
1 records from University of Hargeisa Herbarium
44 records from INPN - Données flore des CBN agrégées par la FCBN
1 records from Herbarium Senckenbergianum (FR)
3 records from Herbarium Universitatis Daugavpiliensis
4 records from Tropicos MO Specimen Data
8 records from Auckland Museum Botany Collection
1 records from Actualización e incremento de la base de datos del Herbario de la Benemérita Universidad Autónoma de Puebla
1 records from SBBG - Clifton Smith Herbarium, Santa Barbara Botanic Garden
5 records from Aranzadi Zientzi Elkartea
1 records from Database on reference specimens for medicinal plants of the Fabaceae family, conserved at the CNARP herbarium
7 records from Biodiversity4all Research-Grade Observations
5 records from Wikiplantbase #Toscana
8 records from Vascular flora from the PUCV Herbarium
5368 records from INPA - Observations
47 records from ALA species sightings and OzAtlas
1 records from Banksia Woodlands Restoration Project Survey
3 records from Darling Scarp Survey
3 records from La Trobe University Herbarium (LTB) AVH data
1 records from Herbarium of the University of Coimbra (COI)
2 records from Catálogo electrónico de especímenes depositados en el Herbario de la Universidad de Texas en Austin, Fase IV (Ejemplaresimagenes)
27 records from MGC Herbarium of University of Malaga (Spain): MGC-Cormof dataset
18 records from Naturalis Biodiversity Center (NL) - Botany
1 records from UB - Herbário da Universidade de Brasília
1 records from Données du bureau d'études Ecosphère - Données de la base Ecosphère
3 records from The vascular plants collection (P) at the Herbarium of the Muséum national d'Histoire Naturelle (MNHN - Paris)
10 records from Earth Guardians Weekly Feed
8 records from Northern Territory Herbarium (DNA) AVH data
1 records from Herbario Nacional Colombiano (COL)
1 records from Deaver Herbarium (Northern Arizona University)
183 records from 65 - Données flore validées CBNC
11 records from FloraCAT: Banco de datos de los cormófitos de Cataluña
9 records from Royal Botanic Gardens, Kew - Herbarium Specimens
1 records from University of Nevada Herbarium
4 records from Wikiplantbase #Sardegna
111 records from Weed and native flora data for the Swan Coastal Plain
9 records from Colección de plantas vasculares del herbario de la Universitat de València (VAL)
8 records from Tasmanian Herbarium (HO) AVH data
6 records from VIT Herbarium - Vascular Plants (The Natural History Museum of Alava)
2 records from The University and Jepson Herbaria -- Vascular Plants
15 records from Herbario ABH (Universidad de Alicante)
2 records from OBI - Robert F. Hoover Herbarium, Cal Poly State University
3 records from INSDC Sequences
17 records from RSA - California Botanic Garden Herbarium
4 records from John T. Waterhouse Herbarium (UNSW) AVH data
1 records from CSLA - Cal State LA Herbarium
4 records from Jardín Botánico de Córdoba: Herbarium COA
1 records from Wikiplantbase #Italia
137 records from Pl@ntNet observations
5 records from South Coast Survey
2 records from Herbario Museo de La Salle Bogotá (BOG)
1061 records from Western Australian Herbarium (PERTH) AVH data
28 records from Biodiversitätsdatenbank Salzburg
1 records from CardObs : Observations naturalistes issues de l'outil CardObs-Données naturalistes de POIREL Alain
3 records from NSW South Coast &amp; ACT plants
23 records from UKSBA Cyprus - Habitat Samples, 2019
5 records from Desert Botanical Garden Herbarium
3 records from Taxon occurrence data for the FungalRoot database
6062 records from iNaturalist Research-grade Observations
13 records from BioGIS - Vascular plants - A. Danin's grid database
3 records from Records of the Australian National Botanic Gardens Seedbank
1 records from Visiolittoral : Base de données de la communauté de travail du Conservatoire du littoral-Base de données Petites Iles de la Méditerranée
1 records from Oskarshamn herbarium (OHN)
9 records from NU: KwaZulu-Natal Invasive Alien Species (1821-2011)
2 records from UTEP Plants (Arctos)
52 records from Flora-On: occurrence data of the flora of mainland Portugal
235 records from UKSBA Cyprus Plant Records 2018
34 records from CSIC-Real Jardín Botánico-Anthos. Sistema de Información de las Plantas de España
43 records from Flora vascular de Mallorca, Illes Balears
97 records from naturgucker
5 records from Natural History Collections of the Faculty of Biology AMU
4 records from SDSU - Vascular Plants of the San Diego State University Herbarium
4 records from Herbario de la Universitat de les Illes Balears
7 records from Herbario de la Universidad de Almería
10 records from CeDoc de Biodiversitat Vegetal: BCN-Cormophyta
42 records from Occurrences from the Alien CSI Bioblitz: citizen science to engage society in invasive species monitoring
16 records from Centralisation des observations floristiques dans le cadre du SINP - Observations floristiques - plateforme SINP régionale SILENE   PACA
1 records from ZOBODAT (Zoological Botanical Database)
1 records from SINGER Coordinator
510 records from Sightings Map of Invasive Plants in Portugal
88 records from O armário: Fruiting phenology data for 4,462 plant taxa in Portugal (1926 – 2013)
2 records from Diversity and composition of preserved angiosperm specimens at Tanzania Forestry Research Institute (TAFORI) Herbarium
1 records from Texas Tech University, E. L. Reed Herbarium
2 records from Collections of Bioclass, school #179, Moscow
11 records from Tree planting occurrences
94 records from Botanical Database of Southern Africa (BODATSA): Botanical Collections
4 records from Herbario BIO de Plantas Vasculares (BIO), Universidad del Pais Vasco (UPV/EHU)
171 records from Observation.org, Nature data from around the World
2 records from Sistema de Información de la vegetación Ibérica y Macaronésica
170 records from Banco de Datos de la Biodiversidad de la Comunitat Valenciana
2 records from Inventaires Aéro Biodiversité - PRP - Propriano Tavaria-Inventaires Aéro Biodiversité - PRP - Relevé végétation
2 records from Herbarium Berolinense, Berlin (B)
1 records from HAS - Herbário Alarich Rudolf Holger Schultz
12 records from Janet Cosh Herbarium (WOLL) AVH data
1 records from Cartographie des Leguminosae (Fabaceae) en France
1 records from Colección de plantas vasculares del Herbario "Jaime Andrés Rodríguez". LEB
3 records from Australian Tropical Herbarium (CNS) AVH data
17 records from Lund University Biological Museum - Botanical collection (LD)
5 records from New Zealand National Forestry Herbarium
57 records from BRI AVH Data and Images
1 records from Eastern Illinois University, Stover-Ebinger Herbarium
1 records from DAV - University of California, Davis Center for Plant Diversity - Vascular Plants
45 records from Salinity Action Plan Flora Survey
2 records from University of Vienna, Institute for Botany - Herbarium WU
2 records from Visiolittoral : Base de données de la communauté de travail du Conservatoire du littoral-Suivi des espèces invasives
14 records from CSIC-Real Jardín Botánico-Colección de Plantas Vasculares (MA)
788 records from NSW BioNet Atlas
139 records from AD AVH Data
1 records from Danish government nature monitoring portal "Danmarks Miljøportals Naturdatabase
2 records from African Plants - a photo guide
17 records from Kings Park Botanical Gardens
2 records from 2023 Contributions of Plant Specimen Data inside China
1 records from Fairchild Tropical Botanic Garden (FTG)
11 records from The University of Melbourne Herbarium (MELU) AVH data
11 records from N.C.W. Beadle Herbarium (NE) AVH data
4 records from Meise Botanic Garden Herbarium (BR)
5 records from Geneva Herbarium – General Collection (G)
20 records from UCR - University of California, Riverside Herbarium - Vascular Plants
1 records from Tropicos Specimens Non-MO
733 records from SA Flora
1 records from The System-wide Information Network for Genetic Resources (SINGER)
5 records from Herbarium Willing at Herbarium Berolinense, Berlin (B)
1 records from Database of field studies on environmental impacts of invasive plant species in Europe
2 records from Ravensthorpe Range survey data
2 records from Herbarium Senckenbergianum (GLM) - Plantae
4 records from LOB - California State University, Long Beach Herbarium
3 records from Institut Botanic de Barcelona (IBB, CSIC-Ajuntament de Barcelona), BC-Plantae
3 records from University of South Florida Herbarium (USF)
3 records from NatureMapr
39 records from Pl@ntNet automatically identified occurrences
16 records from SD - SD Herbarium, San Diego Natural History Museum
3 records from The New York Botanical Garden Herbarium (NY)
152 records from UKSBA Cyprus - Quadrats 2015-2017
5 records from LX Gardens - Tree layer inventory of the Parque Botânico da Tapada da Ajuda
1 records from IICT Herbário LISC
7 records from Arizona State University Vascular Plant Herbarium
1 records from Herbario de Universidad de Murcia: MUB
236 records from NSW AVH feed

        </abstract>
        <contact>
            <individualName>
                <surName>GBIF Download Service</surName>
            </individualName>
            <electronicMailAddress>support@gbif.org</electronicMailAddress>
        </contact>

    </dataset>

    <additionalMetadata>
        <metadata>
            <gbif>
                <dateStamp>2025-01-07T08:59:45Z</dateStamp>
                <citation identifier="10.15468/dl.xrpyex">GBIF Occurrence Download 10.15468/dl.xrpyex</citation>
                <physical>
                    <objectName>Darwin Core Archive</objectName>
                    <characterEncoding>UTF-8</characterEncoding>
                    <dataFormat>
                        <externallyDefinedFormat>
                            <formatName>Darwin Core Archive</formatName>
                        </externallyDefinedFormat>
                    </dataFormat>
                    <distribution>
                        <online>
                            <url function="download">https://api.gbif.org/v1/occurrence/download/request/0059630-241126133413365.zip</url>
                        </online>
                    </distribution>
                </physical>
            </gbif>
        </metadata>
    </additionalMetadata>
    </eml:eml>
