<?xml version="1.0" encoding="utf-8"?>
<eml:eml xmlns:eml="https://eml.ecoinformatics.org/eml-2.2.0" xmlns:xsi="http://www.w3.org/2001/XMLSchema-instance"
         xsi:schemaLocation="https://eml.ecoinformatics.org/eml-2.2.0 https://rs.gbif.org/schema/eml-gbif-profile/1.3/eml.xsd"
packageId="10.15468/dl.xt9uq5"  system="http://gbif.org" scope="system"
xml:lang="en">
    <dataset>
        <alternateIdentifier>0049850-241126133413365</alternateIdentifier>
        <title>GBIF Occurrence Download 10.15468/dl.xt9uq5</title>
        <creator>
            <individualName>
                <surName>GBIF Download Service</surName>
            </individualName>
            <electronicMailAddress>support@gbif.org</electronicMailAddress>
        </creator>
        <metadataProvider>
            <individualName>
                <surName>GBIF Download Service</surName>
            </individualName>
            <electronicMailAddress>support@gbif.org</electronicMailAddress>
        </metadataProvider>
        <pubDate>
                2024-12-27
        </pubDate>
        <language>ENGLISH</language>
        <abstract>
            A dataset containing all occurrences available in GBIF matching the query:
{
  "and" : [
    "HasCoordinate is true",
    "HasGeospatialIssue is false",
    "OccurrenceStatus is Present",
    "TaxonKey is Ischnura hastata (Say, 1840)"
  ]
}
The dataset includes records from the following constituent datasets. The full metadata for each constituent is also included in this archive:
1 records from Visiolittoral : Base de données de la communauté de travail du Conservatoire du littoral-Diagnostic écologique de la zone humide de Jarry
6 records from Entomology Division, Yale Peabody Museum
1 records from Ghent  University - Zoology Museum - Insect collection
14 records from naturgucker
4 records from LACM Entomology Collection
134 records from Stuart M. Fullerton Collection of Arthropods (UCFC), University of Central Florida
3 records from Apoyo a las colecciones biológicas de la Facultad de Ciencias de la UNAM: Fase 1 (MZFC_OD)
6 records from Insecta of Costa Rica (INBio)
39 records from Digitalización y Sistematización de las Colecciones Biológicas Nacionales del Instituto de Biología, UNAM (CNIN)
1 records from Auburn University Museum of Natural History Entomology
21 records from Actual specimens of adult Odonata from the IIBZ Entomology Collection
1 records from CardObs : Observations naturalistes issues de l'outil CardObs-Inventaire entomologique à la Forêt Inondée de Jarry, Guadeloupe
73 records from International Barcode of Life project (iBOL)
19 records from Essig Museum of Entomology
27 records from Recent Invertebrates Specimens
291 records from Observation.org, Nature data from around the World
1 records from CAS Entomology (ENT)
3 records from Référentiel taxonomique national (TAXREF) - Inventaire des Collectivités d'outre-mer et de la métropole (ICOM_14) issu des données biogéographiques de TAXREF v14
108 records from Azorean Biodiversity Portal
9 records from Odonata de Veracruz
3 records from Référentiel taxonomique national (TAXREF) - Inventaire des Collectivités d'outre-mer et de la métropole (ICOM_15) issu des données biogéographiques de TAXREF v15
3 records from Virginia Polytechnic Institute and State University Insect Collection
36 records from Texas A&amp;M University Insect Collection
2 records from Biodiversity4all Research-Grade Observations
1 records from Données du Parc national de la Guadeloupe - Données de type contact en Guadeloupe (PNG-obsocc - Observations occasionnelles)
99 records from Données issues de commandes ou subventions de la DEAL Guadeloupe ou produite en interne par les chargés de mission - Données du Pôle Régional des Arthropodes Continentaux de la Guadeloupe
86 records from Snow Entomological Museum Collection
3285 records from Odonata Central
66 records from Illinois Natural History Survey Insect Collection
35 records from The Albert J. Cook Arthropod Research Collection
15 records from Modelación de las especies de odonatos en México
6 records from Rick Overson and Laura Steger Invertebrate Observations
3 records from Référentiel taxonomique national (TAXREF)-Inventaire des Collectivités d'outre-mer et de la métropole issu des données biogéographiques de TAXREF
97 records from Odonates des Antilles françaises
3 records from Museum of Texas Tech University Invertebrate Zoology Collection
1 records from Centre for Biodiversity Genomics - Canadian Specimens
5 records from Field Museum of Natural History (Zoology) Insect, Arachnid and Myriapod Collection
813 records from NMNH Extant Specimen Records (USNM, US)
13 records from Cleveland Museum of Natural History
1 records from CardObs : Observations naturalistes issues de l'outil CardObs-Données naturalistes de MOULIN Nicolas
50 records from Triplehorn Insect Collection, The Ohio State University
553 records from University of Michigan Museum of Zoology, Division of Insects
1 records from UWIZM Odonata
20 records from Frost Entomological Museum
3 records from CardObs : Observations naturalistes issues de l'outil CardObs-KARUHET : Hétéroptères de Guadeloupe
1 records from Inventaire entomologique standardisé des ZNIEFF et autres sites naturels de Martinique-Inventaire entomologique standardisé des ZNIEFF de Martinique, protocole utilisé à partir de 2016
1 records from Déterminations et observations du Forum "Le Monde des Insectes" (LMDI)-Données photographiques validées de la galerie du forum "Le Monde des Insectes"
3 records from Diversidad de ocho grupos de insecta (Odonata, Lycidae, Phengodidae, Lampyridae, Cantharidae, Cerambycidae, Syrphidae y Vespidae) en tres regiones con bosque tropical caducifolio en México
1 records from INSDC Sequences
3 records from Royal Ontario Museum - Entomology Collection
78 records from Minor insect orders (Luomus)
2 records from Occurrence data of dragonflies available at the National Museums of Kenya's Natural History Collection, Invertebrates Zoology Section.
3 records from New Brunswick Museum - Insects
12 records from Digitalización y sistematización de las colecciones biológicas del INECOL (Entomologica)
3 records from Ouellet-Robert Entomological Collection (QMOR) - Specimens
7675 records from iNaturalist Research-grade Observations
1 records from Inventaires Aéro Biodiversité - PTP - Aéroport Guadeloupe Pôle Caraïbes-Inventaires Aéro Biodiversité - PTP - Observations opportunistes plateforme

        </abstract>
        <contact>
            <individualName>
                <surName>GBIF Download Service</surName>
            </individualName>
            <electronicMailAddress>support@gbif.org</electronicMailAddress>
        </contact>

    </dataset>

    <additionalMetadata>
        <metadata>
            <gbif>
                <dateStamp>2024-12-27T11:32:56Z</dateStamp>
                <citation identifier="10.15468/dl.xt9uq5">GBIF Occurrence Download 10.15468/dl.xt9uq5</citation>
                <physical>
                    <objectName>Darwin Core Archive</objectName>
                    <characterEncoding>UTF-8</characterEncoding>
                    <dataFormat>
                        <externallyDefinedFormat>
                            <formatName>Darwin Core Archive</formatName>
                        </externallyDefinedFormat>
                    </dataFormat>
                    <distribution>
                        <online>
                            <url function="download">https://api.gbif.org/v1/occurrence/download/request/0049850-241126133413365.zip</url>
                        </online>
                    </distribution>
                </physical>
            </gbif>
        </metadata>
    </additionalMetadata>
    </eml:eml>
