<?xml version="1.0" encoding="utf-8"?>
<eml:eml xmlns:eml="https://eml.ecoinformatics.org/eml-2.2.0" xmlns:xsi="http://www.w3.org/2001/XMLSchema-instance"
         xsi:schemaLocation="https://eml.ecoinformatics.org/eml-2.2.0 https://rs.gbif.org/schema/eml-gbif-profile/1.3/eml.xsd"
packageId="01ebc7a6-18ad-4755-a619-dfeccba0eb57"  system="http://gbif.org" scope="system"
xml:lang="es">
    <dataset>
        <alternateIdentifier>10.15468/d9uwhe</alternateIdentifier>
        <alternateIdentifier>01ebc7a6-18ad-4755-a619-dfeccba0eb57</alternateIdentifier>
        <alternateIdentifier>http://www.ipt-cenma.ad/resource?r=dades-arthropods</alternateIdentifier>
        <alternateIdentifier>f53166cd-21d1-404a-97bc-f26bc2ce875a</alternateIdentifier>
        <title>Artròpodes d&apos;Andorra</title>
        <creator>
            <individualName>
                <givenName>Roger</givenName>
                <surName>Caritg</surName>
            </individualName>
            <organizationName>CENMA - Centre d&apos;Estudis de la Neu i de la Muntanya d&apos;Andorra</organizationName>
            <positionName>Node Manager</positionName>
            <address>
                <deliveryPoint>Av. Rocafort , 21-23 Edifici Molí, 3r pis</deliveryPoint>
                <city>Sant Julià de Lòria</city>
                <administrativeArea>Andorra</administrativeArea>
                <postalCode>AD600</postalCode>
                <country>ANDORRA</country>
            </address>
            <phone>(+376) 742630</phone>
            <electronicMailAddress>rcaritg.cenma@iea.ad</electronicMailAddress>
            <onlineUrl>http://www.cenma.ad</onlineUrl>
        </creator>
        <creator>
            <individualName>
                <givenName>Santiago</givenName>
                <surName>Martínez de la Riva</surName>
            </individualName>
            <organizationName>SMR</organizationName>
            <positionName>Consultant</positionName>
            <address>
                <city>Madrid</city>
                <administrativeArea>Madrid</administrativeArea>
                <country>SPAIN</country>
            </address>
            <electronicMailAddress>santiagomtzdelariva@yahoo.es</electronicMailAddress>
        </creator>
        <metadataProvider>
            <individualName>
                <givenName>Roger</givenName>
                <surName>Caritg</surName>
            </individualName>
            <organizationName>CENMA - Centre d&apos;Estudis de la Neu i de la Muntanya d&apos;Andorra</organizationName>
            <positionName>Node Manager</positionName>
            <address>
                <deliveryPoint>Av. Rocafort , 21-23 Edifici Molí, 3r pis</deliveryPoint>
                <city>Sant Julià de Lòria</city>
                <administrativeArea>Andorra</administrativeArea>
                <postalCode>AD600</postalCode>
                <country>ANDORRA</country>
            </address>
            <phone>(+376) 742630</phone>
            <electronicMailAddress>rcaritg.cenma@iea.ad</electronicMailAddress>
            <onlineUrl>http://www.cenma.ad</onlineUrl>
        </metadataProvider>
        <associatedParty>
            <individualName>
                <givenName>Roger</givenName>
                <surName>Caritg</surName>
            </individualName>
            <organizationName>CENMA - Centre d&apos;Estudis de la Neu i de la Muntanya d&apos;Andorra</organizationName>
            <positionName>Node Manager</positionName>
            <address>
                <deliveryPoint>Av. Rocafort , 21-23 Edifici Molí, 3r pis</deliveryPoint>
                <city>Sant Julià de Lòria</city>
                <administrativeArea>Andorra</administrativeArea>
                <postalCode>AD600</postalCode>
                <country>ANDORRA</country>
            </address>
            <phone>(+376) 742630</phone>
            <electronicMailAddress>rcaritg.cenma@iea.ad</electronicMailAddress>
            <onlineUrl>http://www.cenma.ad</onlineUrl>
            <role>PUBLISHER</role>
        </associatedParty>
        <associatedParty>
            <individualName>
                <givenName>Roger</givenName>
                <surName>Caritg</surName>
            </individualName>
            <organizationName>CENMA - Centre d&apos;Estudis de la Neu i de la Muntanya d&apos;Andorra</organizationName>
            <positionName>Node Manager</positionName>
            <address>
                <deliveryPoint>Av. Rocafort , 21-23 Edifici Molí, 3r pis</deliveryPoint>
                <city>Sant Julià de Lòria</city>
                <administrativeArea>Andorra</administrativeArea>
                <postalCode>AD600</postalCode>
                <country>ANDORRA</country>
            </address>
            <phone>(+376) 742630</phone>
            <electronicMailAddress>rcaritg.cenma@iea.ad</electronicMailAddress>
            <onlineUrl>http://www.cenma.ad</onlineUrl>
            <role>EDITOR</role>
        </associatedParty>
        <associatedParty>
            <individualName>
                <givenName>Santiago</givenName>
                <surName>Martínez de la Riva</surName>
            </individualName>
            <organizationName>SMR</organizationName>
            <positionName>Consultant</positionName>
            <address>
                <city>Madrid</city>
                <country>SPAIN</country>
            </address>
            <electronicMailAddress>santiagomtzdelariva@yahoo.es</electronicMailAddress>
            <role>POINT_OF_CONTACT</role>
        </associatedParty>
        <pubDate>
                2016-03-12
        </pubDate>
        <language>CATALAN</language>
        <abstract>
            Los datos “Artròpodes d’Andorra” son una recopilación de los datos de artrópodos que se han observado en territorio andorrano. Tal recopilación ha sido realizada por el Centre d’Estudis de la Neu i de la Muntanya d’Andorra de l’Institut d’Estudis Andorrans (CENMA-IEA). La gran mayoría de los datos provienen de citas bibliográficas pero también se incluyen los datos generados y contrastados por las propias instituciones públicas o empresas andorranas. 
Este conjunto de datos fue revisado y actualizado en febrero de 2016 y contiene un total de 8857 registros. La precisión espacial de los datos es de 1 km2.
        </abstract>
        <keywordSet>
            <keyword>Occurrence</keyword>
            <keywordThesaurus>GBIF Dataset Type Vocabulary: http://rs.gbif.org/vocabulary/gbif/dataset_type.xml</keywordThesaurus>
        </keywordSet>
        <keywordSet>
            <keyword>monograph</keyword>
            <keyword>publication</keyword>
            <keyword>Observation</keyword>
            <keywordThesaurus>GBIF Dataset Subtype Vocabulary: http://rs.gbif.org/vocabulary/gbif/dataset_subtype.xml</keywordThesaurus>
        </keywordSet>
        <intellectualRights>
            <para>This work is licensed under a <ulink url="http://creativecommons.org/licenses/by-nc/4.0/legalcode"><citetitle>Creative Commons Attribution Non Commercial (CC-BY-NC) 4.0 License</citetitle></ulink>.</para>
        </intellectualRights>
        <licensed>
            <licenseName>Creative Commons Attribution Non Commercial 4.0 International</licenseName>
            <url>https://spdx.org/licenses/CC-BY-NC-4.0.html</url>
            <identifier>CC-BY-NC-4.0</identifier>
        </licensed>
        <distribution scope="document">
            <online>
                <url function="information">http://www.iea.ad/cenma</url>
            </online>
        </distribution>
        <distribution scope="document">
            <online>
                <url function="download">http://www.ipt-cenma.ad/archive.do?r=dades-arthropods</url>
            </online>
        </distribution>
        <coverage>
            <geographicCoverage>
                <geographicDescription>Andorra es un país situado al sur de Europa en medio de la cordillera de los Pirineos.</geographicDescription>
                <boundingCoordinates>
                    <westBoundingCoordinate>1</westBoundingCoordinate>
                    <eastBoundingCoordinate>1</eastBoundingCoordinate>
                    <northBoundingCoordinate>42</northBoundingCoordinate>
                    <southBoundingCoordinate>42</southBoundingCoordinate>
                </boundingCoordinates>
            </geographicCoverage>
        </coverage>
        <purpose><para>El propósito principal de este juego de datos es dar a conocer de forma libre la biodiversidad de Andorra y contribuir así al conocimiento general del planeta.</para></purpose>
        <maintenance>
            <description>
                <para></para>
            </description>
            <maintenanceUpdateFrequency>unkown</maintenanceUpdateFrequency>
        </maintenance>
        <contact>
            <individualName>
                <givenName>Roger</givenName>
                <surName>Caritg</surName>
            </individualName>
            <organizationName>CENMA - Centre d&apos;Estudis de la Neu i de la Muntanya d&apos;Andorra</organizationName>
            <positionName>Node Manager</positionName>
            <address>
                <deliveryPoint>Av. Rocafort , 21-23 Edifici Molí, 3r pis</deliveryPoint>
                <city>Sant Julià de Lòria</city>
                <administrativeArea>Andorra</administrativeArea>
                <postalCode>AD600</postalCode>
                <country>ANDORRA</country>
            </address>
            <phone>(+376) 742630</phone>
            <electronicMailAddress>rcaritg.cenma@iea.ad</electronicMailAddress>
            <onlineUrl>http://www.cenma.ad</onlineUrl>
        </contact>
        <methods>
            <methodStep>
                <description>
                    <para>Los datos han sido recopilados por el CENMA en un formato común XML a partir del programa libre Fagus (Universidad de Barcelona). Posteriormente se ha transformado Excel y Access para que estos puedan ser revisados a partir de la Herramienta DarwinTest.</para>
                </description>
            </methodStep>
            <sampling>
                <studyExtent>
                    <description>
                        <para>Ámbito nacional de Andorra</para>
                    </description>
                </studyExtent>
                <samplingDescription>
                    <para>Recopilación de los datos bibliográficos y observaciones de campo de las instituciones andorranas.</para>
                </samplingDescription>
            </sampling>
            <qualityControl>
                <description>
                    <para>Todos los datos han sido comprobados por la herramienta DarwinTest (herramienta realizada por GBIF-España).</para>
                </description>
            </qualityControl>
        </methods>

    </dataset>

    <additionalMetadata>
        <metadata>
            <gbif>
                <dateStamp>2025-01-03T13:15:03Z</dateStamp>
                <citation>Caritg R, Martínez de la Riva S (2016). Artròpodes d&apos;Andorra. Version 1.3. Centre d&apos;estudis de la neu i de la muntanya d&apos;Andorra (CENMA), Institut d&apos;Estudis Andorrans. Occurrence dataset https://doi.org/10.15468/d9uwhe accessed via GBIF.org on 2025-01-03.</citation>
                <bibliography>
                <citation>Bernadou, A.; Latil, G.; Fourcassié, V; Espadaler, X. (2006); Les formigues de la vall del Madriu - Perafita - Claror; Revista Hàbitats 13: 10-21. Centre de Biodiversitat de l&apos;IEA.</citation>
                <citation>Bernadou, A.; Foucassié, V.; Espadaler, X.; Ribes, J.; Younés-Baraillé, Y.; Gagneur, J.; Albre, J.; Legal, L.; Gauthier, G.; Lek, S.; Deharveng, L. (2008) Inventaire entomologique de la vallée du Madriu-Perafita-Claror; Coordinadors: Charles Gers et Thierry Gauquelin. Inèdit</citation>
                <citation>Bernadou, A., Galkowski, C., Le Goff, A., Fourcassié, V. &amp; Espadaler, X.; First record of Lasius paralienus SEIFERT, 1992 (Hymenoptera: Formicidae) from France and Andorra; Myrmecological News, 13: 11-113. Vienna</citation>
                <citation>Dantart, J.; Datos para el conocimiento de los geometridos ibericos (II): siete especies nuevas para la fauna iberica (Lep.: Geometridae); Treb. Soc. Cat. Lep., 8: 59-67</citation>
                <citation identifier="ISBN: 978-99920-2-061-6">Dantart, J.; Jubany, J. (2012); Les papallones diürnes d&apos;Andorra; Monografies del CENMA. Andorra</citation>
                <citation>Dantart, J. &amp; Pérez De-Gregorio, J.J. (0); El gènere Omia Hübner, 1821, a la Península Ibèrica: distribució, fenologia i ecologia. (Lep.: Noctuidae, Cuculliinae).; Treb. Soc. Cat. Lep., 9: 7-22.</citation>
                <citation>Grand, D. (2004); Quelques libelludes de la Principauté d&apos;Andorra; Martinia, 20 (3).</citation>
                <citation>Ventura, D. (1997); Citas nuevas e interesantes de Phalacridae de la Península Ibérica y Baleares (Coleoptera); Ses. Entom. ICHN-SCL, IX: 75-92.</citation>
                <citation>Gessé, F.; Goula, M.; Pujade, J. (1993); Estudi dels heteròcers (Insecta, Heteroptera) capturats amb trampa Malaise a Santa Coloma (Andorra); Ses. Entom. ICHN-SCL, 7: 61-80.</citation>
                <citation>Gessé, F.; Goula, M.; Pujade, J. (1995); Addenda a l&apos;estudi dels heteròcers (Insecta, Heterocera) capturats amb trampa Malaise a Santa Coloma (Andorra); Ses. Entom. ICHN-SCL, 9: 93-100</citation>
                <citation>Dantart, J; Bellavista, J y Roche, P. (1988); Aproximación a un catálogo de los macroheteroceros de Andorra (I); SHILAP Revista lepidopterológica 16 (62): 115-130.</citation>
                <citation>Dantart, J; Bellavista, J y Roche, P. (1989); Aproximación a un catálogo de los macroheteroceros de Andorra (II); SHILAP Revista lepidopterológica 17 (66): 187-195</citation>
                <citation>Dantart, J; Roche, P. (1992); Aproximación a un catálogo de los macroheteroceros de Andorra (III); SHILAP Revista lepidopterológica 20 (78): 125-139</citation>
                <citation>Navàs, L. (1918); Excursiones entomológicas por el norte de la provincia de Lérida; Butlletí Intitució Catalana Història Natural, 18: 36-49.</citation>
                <citation>Roche, P. (1982); A preliminary list of the Rhopalocera of Andorra (2nd part); Butlletí de la Societat Catalana de Lepidopterologia 37: 23-28.</citation>
                <citation>Roche, P. (1982); A preliminary list of the Rhopalocera of Andorra (1st part); Butlletí de la Societat Catalana de Lepidopterologia, 36: 21-25</citation>
                <citation>Stefanescu, C. (1998); Biologia i distribució de Boloria dia (Linnaeus, 1767) a Catalunya (Lepidoptera: Nymphalidae).; Butll. Soc. Cat. Lep., 81:27-48.</citation>
                <citation>Stefanescu, C. &amp; Dantart, J.; Distribució i ecologia d´Apatura ilia ([Denis &amp; Schiffermüller], 1775) (Nymphalidae: Apaturinae) a Catalunya; Butll. Soc. Cat. Lep., 88: 25-56.</citation>
                </bibliography>
                <resourceLogoUrl>http://www.ipt-cenma.ad/logo.do?r=dades-arthropods</resourceLogoUrl>
            </gbif>
        </metadata>
    </additionalMetadata>
    </eml:eml>
