<?xml version="1.0" encoding="utf-8"?>
<eml:eml xmlns:eml="https://eml.ecoinformatics.org/eml-2.2.0" xmlns:xsi="http://www.w3.org/2001/XMLSchema-instance"
         xsi:schemaLocation="https://eml.ecoinformatics.org/eml-2.2.0 https://rs.gbif.org/schema/eml-gbif-profile/1.3/eml.xsd"
packageId="08afaadf-34ba-4aeb-be23-027da1e38676"  system="http://gbif.org" scope="system"
xml:lang="en">
    <dataset>
        <alternateIdentifier>10.15468/m5vrza</alternateIdentifier>
        <alternateIdentifier>https://ukraine.ipt.gbif.no/resource?r=records_of_protected_animal_plant_and_fungi_species_in_ukraine</alternateIdentifier>
        <alternateIdentifier>https://cloud.gbif.org/eca/resource?r=records_of_protected_animal_plant_and_fungi_species_in_ukraine</alternateIdentifier>
        <alternateIdentifier>08afaadf-34ba-4aeb-be23-027da1e38676</alternateIdentifier>
        <alternateIdentifier>https://gbif.univer.kharkov.ua/resource?r=records_of_protected_animal_plant_and_fungi_species_in_ukraine</alternateIdentifier>
        <title>Records of protected animal, plant and fungi species in Ukraine</title>
        <creator>
            <individualName>
                <givenName>Olexii</givenName>
                <surName>Vasyliuk</surName>
            </individualName>
            <organizationName>I. I. Schmalhausen Institute of Zoology NAS of Ukraine</organizationName>
            <positionName>junior researcher</positionName>
            <address>
                <city>Kyiv</city>
                <country>UKRAINE</country>
            </address>
            <electronicMailAddress>vasyliuk@gmail.com</electronicMailAddress>
        </creator>
        <creator>
            <individualName>
                <givenName>Anna</givenName>
                <surName>Kuzemko</surName>
            </individualName>
            <organizationName>M.G. Kholodny Institute of Botany NAS of Ukraine</organizationName>
            <address>
                <country>UKRAINE</country>
            </address>
        </creator>
        <creator>
            <individualName>
                <givenName>Sofia</givenName>
                <surName>Sadogurska</surName>
            </individualName>
            <organizationName>M.G. Kholodny Institute of Botany NAS of Ukraine</organizationName>
            <address>
                <country>UKRAINE</country>
            </address>
        </creator>
        <creator>
            <individualName>
                <givenName>Pavlo</givenName>
                <surName>Gol&apos;din</surName>
            </individualName>
            <organizationName>I.I. Schmalhausen Institute of Zoology NAS of Ukraine</organizationName>
            <address>
                <country>UKRAINE</country>
            </address>
        </creator>
        <creator>
            <individualName>
                <givenName>Vitaliy</givenName>
                <surName>Kavurka</surName>
            </individualName>
            <organizationName>I.I. Schmalhausen Institute of Zoology NAS of Ukraine</organizationName>
            <address>
                <country>UKRAINE</country>
            </address>
        </creator>
        <creator>
            <individualName>
                <givenName>Yulia</givenName>
                <surName>Kutsokon</surName>
            </individualName>
            <organizationName>I.I. Schmalhausen Institute of Zoology NAS of Ukraine</organizationName>
            <address>
                <country>UKRAINE</country>
            </address>
        </creator>
        <creator>
            <individualName>
                <givenName>Oksana</givenName>
                <surName>Nekrasova</surName>
            </individualName>
            <organizationName>I.I. Schmalhausen Institute of Zoology NAS of Ukraine</organizationName>
            <address>
                <country>UKRAINE</country>
            </address>
        </creator>
        <creator>
            <individualName>
                <givenName>Oleh</givenName>
                <surName>Prylutskyi</surName>
            </individualName>
            <organizationName>V.N. Karazin Kharkiv National University</organizationName>
            <address>
                <country>UKRAINE</country>
            </address>
        </creator>
        <creator>
            <individualName>
                <givenName>Mikhail</givenName>
                <surName>Rusin</surName>
            </individualName>
            <organizationName>Kyiv Zoo</organizationName>
            <address>
                <country>UKRAINE</country>
            </address>
        </creator>
        <creator>
            <individualName>
                <givenName>I.I.</givenName>
                <surName>Abramiuk</surName>
            </individualName>
            <organizationName>Institute of Hydrobiology NAS of Ukraine</organizationName>
            <address>
                <country>UKRAINE</country>
            </address>
        </creator>
        <creator>
            <individualName>
                <givenName>Krystyna</givenName>
                <surName>Aleinikova</surName>
            </individualName>
            <organizationName>Pryazovskyi National Nature Park</organizationName>
            <address>
                <country>UKRAINE</country>
            </address>
        </creator>
        <creator>
            <individualName>
                <givenName>T.L.</givenName>
                <surName>Aleksenko</surName>
            </individualName>
            <organizationName>Kherson Hydrobiological station NAS of Ukraine</organizationName>
            <address>
                <country>UKRAINE</country>
            </address>
        </creator>
        <creator>
            <individualName>
                <givenName>Yu.O.</givenName>
                <surName>Andriushchenko</surName>
            </individualName>
            <organizationName>Lab of ornithology of the I.I. Sсhmalhausen Institute of Zoology NAS of Ukraine</organizationName>
            <address>
                <country>UKRAINE</country>
            </address>
        </creator>
        <creator>
            <individualName>
                <givenName>Oleksandr</givenName>
                <surName>Antonovskyi</surName>
            </individualName>
            <organizationName>Pryazovskyi National Nature Park</organizationName>
            <address>
                <country>UKRAINE</country>
            </address>
        </creator>
        <creator>
            <individualName>
                <givenName>Oksana</givenName>
                <surName>Babiichuk</surName>
            </individualName>
            <organizationName>DNZ &quot;Novovolynskyi CPTO&quot;</organizationName>
            <address>
                <country>UKRAINE</country>
            </address>
        </creator>
        <creator>
            <individualName>
                <givenName>Kosniatntyn</givenName>
                <surName>Balatskyi</surName>
            </individualName>
            <organizationName>Institute of Marine Biology of the NAS of Ukraine</organizationName>
            <address>
                <country>UKRAINE</country>
            </address>
        </creator>
        <creator>
            <individualName>
                <givenName>Nataliia</givenName>
                <surName>Barabokha</surName>
            </individualName>
            <organizationName>Pryazovskyi National Nature Park</organizationName>
            <address>
                <country>UKRAINE</country>
            </address>
        </creator>
        <creator>
            <individualName>
                <givenName>Mykola</givenName>
                <surName>Baranets</surName>
            </individualName>
            <organizationName>Kryvyy Rih Botanical garden NAS of Ukraine</organizationName>
            <address>
                <country>UKRAINE</country>
            </address>
        </creator>
        <creator>
            <individualName>
                <givenName>A.-T.V.</givenName>
                <surName>Bashta</surName>
            </individualName>
            <organizationName>Institute of Ecology of the Carpathians of NAS of Ukraine</organizationName>
            <address>
                <country>UKRAINE</country>
            </address>
        </creator>
        <creator>
            <individualName>
                <givenName>Zoya</givenName>
                <surName>Berest</surName>
            </individualName>
            <organizationName>Nyzhniosulskyi National Nature Park</organizationName>
            <address>
                <country>UKRAINE</country>
            </address>
        </creator>
        <creator>
            <individualName>
                <givenName>I.D.</givenName>
                <surName>Bielashkov</surName>
            </individualName>
            <organizationName>&quot;Biodiversity&quot; research and educational centre of the Bogdan Khmelnytsky Melitopol State Pedagogical University</organizationName>
            <address>
                <country>UKRAINE</country>
            </address>
        </creator>
        <creator>
            <individualName>
                <givenName>Olha</givenName>
                <surName>Bielska</surName>
            </individualName>
            <organizationName>Polissia Nature Reserve</organizationName>
            <address>
                <country>UKRAINE</country>
            </address>
        </creator>
        <creator>
            <individualName>
                <givenName>Iryna</givenName>
                <surName>Bobryk</surName>
            </individualName>
            <organizationName>Kremenets Mountains National Nature Park</organizationName>
            <address>
                <country>UKRAINE</country>
            </address>
        </creator>
        <creator>
            <individualName>
                <givenName>O.I.</givenName>
                <surName>Bronskov</surName>
            </individualName>
            <organizationName>Meotyda National Nature Park</organizationName>
            <address>
                <country>UKRAINE</country>
            </address>
        </creator>
        <creator>
            <individualName>
                <givenName>Olena</givenName>
                <surName>Bronskova</surName>
            </individualName>
            <organizationName>Meotyda National Nature Park</organizationName>
            <address>
                <country>UKRAINE</country>
            </address>
        </creator>
        <creator>
            <individualName>
                <givenName>Oleksandr</givenName>
                <surName>Bubela</surName>
            </individualName>
            <address>
                <country>UKRAINE</country>
            </address>
        </creator>
        <creator>
            <individualName>
                <givenName>Lesia</givenName>
                <surName>Buhai</surName>
            </individualName>
            <organizationName>&quot;Yelanetskyi Steppe&quot; Natural Reserve</organizationName>
            <address>
                <country>UKRAINE</country>
            </address>
        </creator>
        <creator>
            <individualName>
                <givenName>Halyna</givenName>
                <surName>Bumar</surName>
            </individualName>
            <organizationName>Polissia Nature Reserve</organizationName>
            <address>
                <country>UKRAINE</country>
            </address>
        </creator>
        <creator>
            <individualName>
                <givenName>P.V.</givenName>
                <surName>Bundziak</surName>
            </individualName>
            <organizationName>A. Krushelnytsyi Horodenkivska gymnasium</organizationName>
            <address>
                <country>UKRAINE</country>
            </address>
        </creator>
        <creator>
            <individualName>
                <givenName>V.O.</givenName>
                <surName>Busel</surName>
            </individualName>
            <organizationName>Velykyi Luh National Nature Park</organizationName>
            <address>
                <country>UKRAINE</country>
            </address>
        </creator>
        <creator>
            <individualName>
                <givenName>Serhii</givenName>
                <surName>Bushuiev</surName>
            </individualName>
            <organizationName>Institute of Marine Biology of the NAS of Ukraine</organizationName>
            <address>
                <country>UKRAINE</country>
            </address>
        </creator>
        <creator>
            <individualName>
                <givenName>O.A.</givenName>
                <surName>Buzevych</surName>
            </individualName>
            <organizationName>Institute of Fisheries of the National Academy of Agrarian Sciences</organizationName>
            <address>
                <country>UKRAINE</country>
            </address>
        </creator>
        <creator>
            <individualName>
                <givenName>Petro</givenName>
                <surName>Buzunko</surName>
            </individualName>
            <organizationName>T.H. Shevchenko National University &quot;Chernihiv Сollegium&quot;</organizationName>
            <address>
                <country>UKRAINE</country>
            </address>
        </creator>
        <creator>
            <individualName>
                <givenName>A.B.</givenName>
                <surName>Chaplyhina</surName>
            </individualName>
            <organizationName>H.S. Skovoroda Kharkiv National  Pedagogical University</organizationName>
            <address>
                <country>UKRAINE</country>
            </address>
        </creator>
        <creator>
            <individualName>
                <givenName>Alona</givenName>
                <surName>Cherevatenko</surName>
            </individualName>
            <organizationName>V.N. Karazin Kharkiv National University</organizationName>
            <address>
                <country>UKRAINE</country>
            </address>
        </creator>
        <creator>
            <individualName>
                <givenName>R.M.</givenName>
                <surName>Chernychko</surName>
            </individualName>
            <organizationName>Lab of ornithology of the I.I. Sсhmalhausen Institute of Zoology NAS of Ukraine</organizationName>
            <address>
                <country>UKRAINE</country>
            </address>
        </creator>
        <creator>
            <individualName>
                <givenName>Polina</givenName>
                <surName>Daineko</surName>
            </individualName>
            <organizationName>Kherson State University</organizationName>
            <address>
                <country>UKRAINE</country>
            </address>
        </creator>
        <creator>
            <individualName>
                <givenName>Hanna</givenName>
                <surName>Danko</surName>
            </individualName>
            <organizationName>T.H. Shevchenko National University &quot;Chernihiv Сollegium&quot;</organizationName>
            <address>
                <country>UKRAINE</country>
            </address>
        </creator>
        <creator>
            <individualName>
                <givenName>I.V.</givenName>
                <surName>Davydenko</surName>
            </individualName>
            <organizationName>I.I. Sсhmalhausen Institute of Zoology NAS of Ukraine</organizationName>
            <address>
                <country>UKRAINE</country>
            </address>
        </creator>
        <creator>
            <individualName>
                <givenName>Denys</givenName>
                <surName>Davydov</surName>
            </individualName>
            <organizationName>M.G. Kholodny Institute of Botany NAS of Ukraine</organizationName>
            <address>
                <country>UKRAINE</country>
            </address>
        </creator>
        <creator>
            <individualName>
                <givenName>Anastasiia</givenName>
                <surName>Davydova</surName>
            </individualName>
            <organizationName>M.G. Kholodny Institute of Botany NAS of Ukraine</organizationName>
            <address>
                <country>UKRAINE</country>
            </address>
        </creator>
        <creator>
            <individualName>
                <givenName>N.V.</givenName>
                <surName>Demskyi</surName>
            </individualName>
            <address>
                <country>UKRAINE</country>
            </address>
        </creator>
        <creator>
            <individualName>
                <givenName>L.M.</givenName>
                <surName>Derzhypilskyi</surName>
            </individualName>
            <organizationName>Hutsulshchyna National Nature Park</organizationName>
            <address>
                <country>UKRAINE</country>
            </address>
        </creator>
        <creator>
            <individualName>
                <givenName>T.M.</givenName>
                <surName>Deviatko</surName>
            </individualName>
            <organizationName>V.N. Karazin Kharkiv National University</organizationName>
            <address>
                <country>UKRAINE</country>
            </address>
        </creator>
        <creator>
            <individualName>
                <givenName>O.A.</givenName>
                <surName>Diadicheva</surName>
            </individualName>
            <organizationName>Lab of ornithology of the I.I. Sсhmalhausen Institute of Zoology NAS of Ukraine</organizationName>
            <address>
                <country>UKRAINE</country>
            </address>
        </creator>
        <creator>
            <individualName>
                <givenName>V.H.</givenName>
                <surName>Diadychko</surName>
            </individualName>
            <organizationName>Institute of Marine Biology of the NAS of Ukraine</organizationName>
            <address>
                <country>UKRAINE</country>
            </address>
        </creator>
        <creator>
            <individualName>
                <givenName>Viktor</givenName>
                <surName>Diakov</surName>
            </individualName>
            <organizationName>&quot;Svyati Hory&quot; National Nature Park</organizationName>
            <address>
                <country>UKRAINE</country>
            </address>
        </creator>
        <creator>
            <individualName>
                <givenName>Olha</givenName>
                <surName>Diakova</surName>
            </individualName>
            <organizationName>&quot;Svyati Hory&quot; National Nature Park</organizationName>
            <address>
                <country>UKRAINE</country>
            </address>
        </creator>
        <creator>
            <individualName>
                <givenName>O.V.</givenName>
                <surName>Didenko</surName>
            </individualName>
            <organizationName>Institute of Fisheries of the National Academy of Agrarian Sciences</organizationName>
            <address>
                <country>UKRAINE</country>
            </address>
        </creator>
        <creator>
            <individualName>
                <givenName>Lesia</givenName>
                <surName>Dmytroniak</surName>
            </individualName>
            <organizationName>Cheremosh National Nature Park</organizationName>
            <address>
                <country>UKRAINE</country>
            </address>
        </creator>
        <creator>
            <individualName>
                <givenName>V.I.</givenName>
                <surName>Dolynnyi</surName>
            </individualName>
            <organizationName>&quot;Biodiversity&quot; research and educational centre of the Bogdan Khmelnytsky Melitopol State Pedagogical University</organizationName>
            <address>
                <country>UKRAINE</country>
            </address>
        </creator>
        <creator>
            <individualName>
                <givenName>Vasyl</givenName>
                <surName>Dovbush</surName>
            </individualName>
            <address>
                <country>UKRAINE</country>
            </address>
        </creator>
        <creator>
            <individualName>
                <givenName>I.Ya.</givenName>
                <surName>Dovhaniuk</surName>
            </individualName>
            <organizationName>Kremenets Mountains National Nature Park</organizationName>
            <address>
                <country>UKRAINE</country>
            </address>
        </creator>
        <creator>
            <individualName>
                <givenName>Yu.</givenName>
                <surName>Drach</surName>
            </individualName>
            <organizationName>Ivan Franko National University of Lviv</organizationName>
            <address>
                <country>UKRAINE</country>
            </address>
        </creator>
        <creator>
            <individualName>
                <givenName>M.V.</givenName>
                <surName>Drebet</surName>
            </individualName>
            <organizationName>Podilski Tovtry National Nature Park</organizationName>
            <address>
                <country>UKRAINE</country>
            </address>
        </creator>
        <creator>
            <individualName>
                <givenName>O.M.</givenName>
                <surName>Duhina</surName>
            </individualName>
            <organizationName>Hetmanskyi National Nature Park</organizationName>
            <address>
                <country>UKRAINE</country>
            </address>
        </creator>
        <creator>
            <individualName>
                <givenName>V.P.</givenName>
                <surName>Dumenko</surName>
            </individualName>
            <organizationName>Askania-Nova Biosphere Reserve</organizationName>
            <address>
                <country>UKRAINE</country>
            </address>
        </creator>
        <creator>
            <individualName>
                <givenName>Viktoriia</givenName>
                <surName>Dzerkal</surName>
            </individualName>
            <organizationName>National Nature Park &quot;Nyzhnyodniprovskyi&quot;</organizationName>
            <address>
                <country>UKRAINE</country>
            </address>
        </creator>
        <creator>
            <individualName>
                <givenName>O.M.</givenName>
                <surName>Fedun</surName>
            </individualName>
            <organizationName>T.H. Shevchenko National University &quot;Chernihiv Сollegium&quot;</organizationName>
            <address>
                <country>UKRAINE</country>
            </address>
        </creator>
        <creator>
            <individualName>
                <givenName>O.O.</givenName>
                <surName>Formaniuk</surName>
            </individualName>
            <organizationName>Azov-Black Sea ornithological working group</organizationName>
            <address>
                <country>UKRAINE</country>
            </address>
        </creator>
        <creator>
            <individualName>
                <givenName>Olesia</givenName>
                <surName>Fryz-Duzhak</surName>
            </individualName>
            <organizationName>Medvezhany Public School</organizationName>
            <address>
                <country>UKRAINE</country>
            </address>
        </creator>
        <creator>
            <individualName>
                <givenName>L.V.</givenName>
                <surName>Godlevska</surName>
            </individualName>
            <organizationName>I.I. Sсhmalhausen Institute of Zoology NAS of Ukraine</organizationName>
            <address>
                <country>UKRAINE</country>
            </address>
        </creator>
        <creator>
            <individualName>
                <givenName>Galina</givenName>
                <surName>Gouz</surName>
            </individualName>
            <organizationName>Luhansk Nature Reserve NAS of Ukraine</organizationName>
            <address>
                <country>UKRAINE</country>
            </address>
        </creator>
        <creator>
            <individualName>
                <givenName>O.M.</givenName>
                <surName>Haidash</surName>
            </individualName>
            <organizationName>NGO &quot;Centr biobezpeky ta biozahystu&quot;</organizationName>
            <address>
                <country>UKRAINE</country>
            </address>
        </creator>
        <creator>
            <individualName>
                <givenName>V.S.</givenName>
                <surName>Havrylenko</surName>
            </individualName>
            <organizationName>Askania-Nova Biosphere Reserve</organizationName>
            <address>
                <country>UKRAINE</country>
            </address>
        </creator>
        <creator>
            <individualName>
                <givenName>Maksym</givenName>
                <surName>Havryliuk</surName>
            </individualName>
            <organizationName>Cherkasy Bohdan Khmelnytsky National University</organizationName>
            <address>
                <country>UKRAINE</country>
            </address>
        </creator>
        <creator>
            <individualName>
                <givenName>H.H.</givenName>
                <surName>Havrys</surName>
            </individualName>
            <organizationName>I.I. Sсhmalhausen Institute of Zoology NAS of Ukraine</organizationName>
            <address>
                <country>UKRAINE</country>
            </address>
        </creator>
        <creator>
            <individualName>
                <givenName>Viktoriia</givenName>
                <surName>Holovko</surName>
            </individualName>
            <organizationName>Luhansk Nature Reserve NAS of Ukraine</organizationName>
            <address>
                <country>UKRAINE</country>
            </address>
        </creator>
        <creator>
            <individualName>
                <givenName>Yevhen</givenName>
                <surName>Horbenko</surName>
            </individualName>
            <organizationName>Velykyi Luh National Nature Park</organizationName>
            <address>
                <country>UKRAINE</country>
            </address>
        </creator>
        <creator>
            <individualName>
                <givenName>Tetiana</givenName>
                <surName>Horielova</surName>
            </individualName>
            <organizationName>Child Ecological Centre</organizationName>
            <address>
                <country>UKRAINE</country>
            </address>
        </creator>
        <creator>
            <individualName>
                <givenName>P.I.</givenName>
                <surName>Horlov</surName>
            </individualName>
            <organizationName>&quot;Biodiversity&quot; research and educational centre of the Bogdan Khmelnytsky Melitopol State Pedagogical University</organizationName>
            <address>
                <country>UKRAINE</country>
            </address>
        </creator>
        <creator>
            <individualName>
                <givenName>M.O.</givenName>
                <surName>Hrandova</surName>
            </individualName>
            <organizationName>Ukrainian scientific center of Ecology of Sea (UkrSCES)</organizationName>
            <address>
                <country>UKRAINE</country>
            </address>
        </creator>
        <creator>
            <individualName>
                <givenName>Volodymyr</givenName>
                <surName>Hrebenshchykov</surName>
            </individualName>
            <organizationName>Cheremosh National Nature Park</organizationName>
            <address>
                <country>UKRAINE</country>
            </address>
        </creator>
        <creator>
            <individualName>
                <givenName>O.V.</givenName>
                <surName>Hryb</surName>
            </individualName>
            <address>
                <country>UKRAINE</country>
            </address>
        </creator>
        <creator>
            <individualName>
                <givenName>T.Yu.</givenName>
                <surName>Hrynchyshyn</surName>
            </individualName>
            <organizationName>Lviv division of the Ukranian Herpetological Society</organizationName>
            <address>
                <country>UKRAINE</country>
            </address>
        </creator>
        <creator>
            <individualName>
                <givenName>P.M.</givenName>
                <surName>Hryniuk</surName>
            </individualName>
            <organizationName>Northern Podillia National Nature Park</organizationName>
            <address>
                <country>UKRAINE</country>
            </address>
        </creator>
        <creator>
            <individualName>
                <givenName>Liubov</givenName>
                <surName>Hubar</surName>
            </individualName>
            <organizationName>Institute for evolutionary ecology NAS of Ukraine</organizationName>
            <address>
                <country>UKRAINE</country>
            </address>
        </creator>
        <creator>
            <individualName>
                <givenName>O.B.</givenName>
                <surName>Hubryk</surName>
            </individualName>
            <organizationName>Institute of Fisheries of the National Academy of Agrarian Sciences</organizationName>
            <address>
                <country>UKRAINE</country>
            </address>
        </creator>
        <creator>
            <individualName>
                <givenName>O.O.</givenName>
                <surName>Hupalo</surName>
            </individualName>
            <organizationName>Institute of Hydrobiology NAS of Ukraine</organizationName>
            <address>
                <country>UKRAINE</country>
            </address>
        </creator>
        <creator>
            <individualName>
                <givenName>Habriel</givenName>
                <surName>Hushtan</surName>
            </individualName>
            <organizationName>National Museum of Natural History NAS of Ukraine</organizationName>
            <address>
                <country>UKRAINE</country>
            </address>
        </creator>
        <creator>
            <individualName>
                <givenName>Kateryna</givenName>
                <surName>Hushtan</surName>
            </individualName>
            <organizationName>National Museum of Natural History NAS of Ukraine</organizationName>
            <address>
                <country>UKRAINE</country>
            </address>
        </creator>
        <creator>
            <individualName>
                <givenName>O.A.</givenName>
                <surName>Ilichok</surName>
            </individualName>
            <organizationName>&quot;Biodiversity&quot; research and educational centre of the Bogdan Khmelnytsky Melitopol State Pedagogical University</organizationName>
            <address>
                <country>UKRAINE</country>
            </address>
        </creator>
        <creator>
            <individualName>
                <givenName>Liubov</givenName>
                <surName>Ilminska</surName>
            </individualName>
            <address>
                <country>UKRAINE</country>
            </address>
        </creator>
        <creator>
            <individualName>
                <givenName>Vytalyi</givenName>
                <surName>Kavurka</surName>
            </individualName>
            <organizationName>I.I. Sсhmalhausen Institute of Zoology NAS of Ukraine</organizationName>
            <address>
                <country>UKRAINE</country>
            </address>
        </creator>
        <creator>
            <individualName>
                <givenName>V.V.</givenName>
                <surName>Kazannyk</surName>
            </individualName>
            <organizationName>Taras Shevchenko National University of Kyiv</organizationName>
            <address>
                <country>UKRAINE</country>
            </address>
        </creator>
        <creator>
            <individualName>
                <givenName>Borys</givenName>
                <surName>Kedrov</surName>
            </individualName>
            <organizationName>Nizhyn Mykola Gogol State University</organizationName>
            <address>
                <country>UKRAINE</country>
            </address>
        </creator>
        <creator>
            <individualName>
                <givenName>Serhii</givenName>
                <surName>Khomenko</surName>
            </individualName>
            <organizationName>Mezynskyi National Nature Park</organizationName>
            <address>
                <country>UKRAINE</country>
            </address>
        </creator>
        <creator>
            <individualName>
                <givenName>Taisiia</givenName>
                <surName>Kiian</surName>
            </individualName>
            <organizationName>V.N. Karazin Kharkiv National University</organizationName>
            <address>
                <country>UKRAINE</country>
            </address>
        </creator>
        <creator>
            <individualName>
                <givenName>M.L.</givenName>
                <surName>Kliestov</surName>
            </individualName>
            <organizationName>Nyzhniosulskyi National Nature Park</organizationName>
            <address>
                <country>UKRAINE</country>
            </address>
        </creator>
        <creator>
            <individualName>
                <givenName>M.P.</givenName>
                <surName>Knysh</surName>
            </individualName>
            <organizationName>Hetmanskyi National Nature Park</organizationName>
            <address>
                <country>UKRAINE</country>
            </address>
        </creator>
        <creator>
            <individualName>
                <givenName>L.I.</givenName>
                <surName>Kobzar</surName>
            </individualName>
            <organizationName>Polissia Nature Reserve</organizationName>
            <address>
                <country>UKRAINE</country>
            </address>
        </creator>
        <creator>
            <individualName>
                <givenName>Serhii</givenName>
                <surName>Koniakin</surName>
            </individualName>
            <organizationName>Institute for evolutionary ecology NAS of Ukraine</organizationName>
            <address>
                <country>UKRAINE</country>
            </address>
        </creator>
        <creator>
            <individualName>
                <givenName>Dariia</givenName>
                <surName>Koroliesova</surName>
            </individualName>
            <organizationName>Black Sea Biosphere reserve NAS of Ukraine</organizationName>
            <address>
                <country>UKRAINE</country>
            </address>
        </creator>
        <creator>
            <individualName>
                <givenName>A.V.</givenName>
                <surName>Koshelev</surName>
            </individualName>
            <organizationName>Institute of Marine Biology of the NAS of Ukraine</organizationName>
            <address>
                <country>UKRAINE</country>
            </address>
        </creator>
        <creator>
            <individualName>
                <givenName>O.I.</givenName>
                <surName>Kosheliev</surName>
            </individualName>
            <organizationName>Bogdan Khmelnytsky Melitopol State Pedagogical University</organizationName>
            <address>
                <country>UKRAINE</country>
            </address>
        </creator>
        <creator>
            <individualName>
                <givenName>V.O.</givenName>
                <surName>Kosheliev</surName>
            </individualName>
            <organizationName>Bogdan Khmelnytsky Melitopol State Pedagogical University</organizationName>
            <address>
                <country>UKRAINE</country>
            </address>
        </creator>
        <creator>
            <individualName>
                <givenName>I.M.</givenName>
                <surName>Kotserzhynska</surName>
            </individualName>
            <organizationName>I.I. Sсhmalhausen Institute of Zoology NAS of Ukraine</organizationName>
            <address>
                <country>UKRAINE</country>
            </address>
        </creator>
        <creator>
            <individualName>
                <givenName>S.Ye.</givenName>
                <surName>Kotserzhynskyi</surName>
            </individualName>
            <organizationName>I.I. Sсhmalhausen Institute of Zoology NAS of Ukraine</organizationName>
            <address>
                <country>UKRAINE</country>
            </address>
        </creator>
        <creator>
            <individualName>
                <givenName>T.A.</givenName>
                <surName>Kovalenko</surName>
            </individualName>
            <organizationName>Dzharylhak National Nature Park</organizationName>
            <address>
                <country>UKRAINE</country>
            </address>
        </creator>
        <creator>
            <individualName>
                <givenName>Anna</givenName>
                <surName>Kovtoniuk</surName>
            </individualName>
            <organizationName>Arboretum Sofiyivka NAN of Ukraine</organizationName>
            <address>
                <country>UKRAINE</country>
            </address>
        </creator>
        <creator>
            <individualName>
                <givenName>M.I.</givenName>
                <surName>Kozlov</surName>
            </individualName>
            <organizationName>Nyzhniosulskyi National Nature Park</organizationName>
            <address>
                <country>UKRAINE</country>
            </address>
        </creator>
        <creator>
            <individualName>
                <givenName>S.V.</givenName>
                <surName>Kozodavov</surName>
            </individualName>
            <organizationName>Khortytsia National Reserve</organizationName>
            <address>
                <country>UKRAINE</country>
            </address>
        </creator>
        <creator>
            <individualName>
                <givenName>Olha</givenName>
                <surName>Krasnova</surName>
            </individualName>
            <organizationName>Kryvyy Rih Botanical garden NAS of Ukraine</organizationName>
            <address>
                <country>UKRAINE</country>
            </address>
        </creator>
        <creator>
            <individualName>
                <givenName>Maryna</givenName>
                <surName>Kulyk</surName>
            </individualName>
            <organizationName>V.N. Karazin Kharkiv National University</organizationName>
            <address>
                <country>UKRAINE</country>
            </address>
        </creator>
        <creator>
            <individualName>
                <givenName>Volodymyr</givenName>
                <surName>Kuzhel</surName>
            </individualName>
            <organizationName>Ukrainian Society for the Protection of Birds</organizationName>
            <address>
                <country>UKRAINE</country>
            </address>
        </creator>
        <creator>
            <individualName>
                <givenName>Kateryna</givenName>
                <surName>Kuzhel</surName>
            </individualName>
            <organizationName>Ukrainian Society for the Protection of Birds</organizationName>
            <address>
                <country>UKRAINE</country>
            </address>
        </creator>
        <creator>
            <individualName>
                <givenName>Yu.V.</givenName>
                <surName>Kvach</surName>
            </individualName>
            <organizationName>Institute of Marine Biology of the NAS of Ukraine</organizationName>
            <address>
                <country>UKRAINE</country>
            </address>
        </creator>
        <creator>
            <individualName>
                <givenName>Svitlana</givenName>
                <surName>Kyiak</surName>
            </individualName>
            <address>
                <country>UKRAINE</country>
            </address>
        </creator>
        <creator>
            <individualName>
                <givenName>O.M.</givenName>
                <surName>Lietytska</surName>
            </individualName>
            <organizationName>Institute of Hydrobiology NAS of Ukraine</organizationName>
            <address>
                <country>UKRAINE</country>
            </address>
        </creator>
        <creator>
            <individualName>
                <givenName>S.P.</givenName>
                <surName>Lytvynenko</surName>
            </individualName>
            <organizationName>Luhansk Taras Shevchenko National University</organizationName>
            <address>
                <country>UKRAINE</country>
            </address>
        </creator>
        <creator>
            <individualName>
                <givenName>Tetiana</givenName>
                <surName>Mamchur</surName>
            </individualName>
            <organizationName>Uman National University of Horticulture</organizationName>
            <address>
                <country>UKRAINE</country>
            </address>
        </creator>
        <creator>
            <individualName>
                <givenName>Zvenyslava</givenName>
                <surName>Mamchur</surName>
            </individualName>
            <organizationName>Ivan Franko National University of Lviv</organizationName>
            <address>
                <country>UKRAINE</country>
            </address>
        </creator>
        <creator>
            <individualName>
                <givenName>A.</givenName>
                <surName>Mamchur</surName>
            </individualName>
            <organizationName>National Museum of Natural History NAS of Ukraine</organizationName>
            <address>
                <country>UKRAINE</country>
            </address>
        </creator>
        <creator>
            <individualName>
                <givenName>Liubov</givenName>
                <surName>Markivska</surName>
            </individualName>
            <organizationName>Karmeliukove Podillia National Nature Park</organizationName>
            <address>
                <country>UKRAINE</country>
            </address>
        </creator>
        <creator>
            <individualName>
                <givenName>V.Yu.</givenName>
                <surName>Martyniuk</surName>
            </individualName>
            <organizationName>Podilski Tovtry National Nature Park</organizationName>
            <address>
                <country>UKRAINE</country>
            </address>
        </creator>
        <creator>
            <individualName>
                <givenName>V.V.</givenName>
                <surName>Martynov</surName>
            </individualName>
            <address>
                <country>UKRAINE</country>
            </address>
        </creator>
        <creator>
            <individualName>
                <givenName>Ihor</givenName>
                <surName>Merzlikin</surName>
            </individualName>
            <organizationName>Sumy State Pedagogical University named after AS Makarenko</organizationName>
            <address>
                <country>UKRAINE</country>
            </address>
        </creator>
        <creator>
            <individualName>
                <givenName>O.S.</givenName>
                <surName>Mezinov</surName>
            </individualName>
            <organizationName>Askania-Nova Biosphere Reserve</organizationName>
            <address>
                <country>UKRAINE</country>
            </address>
        </creator>
        <creator>
            <individualName>
                <givenName>Ivan</givenName>
                <surName>Moisiienko</surName>
            </individualName>
            <organizationName>Kherson State University</organizationName>
            <address>
                <country>UKRAINE</country>
            </address>
        </creator>
        <creator>
            <individualName>
                <givenName>H.</givenName>
                <surName>Morhun</surName>
            </individualName>
            <organizationName>V.N. Karazin Kharkiv National University</organizationName>
            <address>
                <country>UKRAINE</country>
            </address>
        </creator>
        <creator>
            <individualName>
                <givenName>H.I.</givenName>
                <surName>Mykytynets</surName>
            </individualName>
            <organizationName>Pryazovskyi National Nature Park</organizationName>
            <address>
                <country>UKRAINE</country>
            </address>
        </creator>
        <creator>
            <individualName>
                <givenName>N.M.</givenName>
                <surName>Mylenko</surName>
            </individualName>
            <organizationName>Pyryatynsky National Nature Park</organizationName>
            <address>
                <country>UKRAINE</country>
            </address>
        </creator>
        <creator>
            <individualName>
                <givenName>Hanna</givenName>
                <surName>Nadtochii</surName>
            </individualName>
            <organizationName>Ukrainian research institute of issues in ecology</organizationName>
            <address>
                <country>UKRAINE</country>
            </address>
        </creator>
        <creator>
            <individualName>
                <givenName>A.S.</givenName>
                <surName>Nadtochii</surName>
            </individualName>
            <organizationName>Ukrainian research institute of issues in ecology</organizationName>
            <address>
                <country>UKRAINE</country>
            </address>
        </creator>
        <creator>
            <individualName>
                <givenName>Nazar</givenName>
                <surName>Nazarov</surName>
            </individualName>
            <organizationName>Mezynskyi National Nature Park</organizationName>
            <address>
                <country>UKRAINE</country>
            </address>
        </creator>
        <creator>
            <individualName>
                <givenName>V.O.</givenName>
                <surName>Novak</surName>
            </individualName>
            <address>
                <country>UKRAINE</country>
            </address>
        </creator>
        <creator>
            <individualName>
                <givenName>M.I.</givenName>
                <surName>Nitochko</surName>
            </individualName>
            <organizationName>Black Sea Biosphere reserve NAS of Ukraine</organizationName>
            <address>
                <country>UKRAINE</country>
            </address>
        </creator>
        <creator>
            <individualName>
                <givenName>V.V.</givenName>
                <surName>Novak</surName>
            </individualName>
            <address>
                <country>UKRAINE</country>
            </address>
        </creator>
        <creator>
            <individualName>
                <givenName>Andriy</givenName>
                <surName>Novikov</surName>
            </individualName>
            <organizationName>State Museum of Natural History</organizationName>
            <address>
                <country>UKRAINE</country>
            </address>
        </creator>
        <creator>
            <individualName>
                <givenName>Ya.V.</givenName>
                <surName>Oliinyk</surName>
            </individualName>
            <organizationName>National ecology and naturalistic Center of the Youth</organizationName>
            <address>
                <country>UKRAINE</country>
            </address>
        </creator>
        <creator>
            <individualName>
                <givenName>Ihor</givenName>
                <surName>Olshanskyi</surName>
            </individualName>
            <organizationName>M.G. Kholodny Institute of Botany NAS of Ukraine</organizationName>
            <address>
                <country>UKRAINE</country>
            </address>
        </creator>
        <creator>
            <individualName>
                <givenName>K.S.</givenName>
                <surName>Orlova-Hudim</surName>
            </individualName>
            <organizationName>Kherson Hydrobiological station NAS of Ukraine</organizationName>
            <address>
                <country>UKRAINE</country>
            </address>
        </creator>
        <creator>
            <individualName>
                <givenName>Petro</givenName>
                <surName>Osadchuk</surName>
            </individualName>
            <organizationName>Ukrainian Steppe Natural Reserve NAN of Ukraine</organizationName>
            <address>
                <country>UKRAINE</country>
            </address>
        </creator>
        <creator>
            <individualName>
                <givenName>P.S.</givenName>
                <surName>Panchenko</surName>
            </individualName>
            <organizationName>Azov-Black Sea ornithological working group</organizationName>
            <address>
                <country>UKRAINE</country>
            </address>
        </creator>
        <creator>
            <individualName>
                <givenName>O.S.</givenName>
                <surName>Panchuk</surName>
            </individualName>
            <organizationName>Kyiv Zoo</organizationName>
            <address>
                <country>UKRAINE</country>
            </address>
        </creator>
        <creator>
            <individualName>
                <givenName>Nataliia</givenName>
                <surName>Parkhomenko</surName>
            </individualName>
            <organizationName>Young naturalists&apos; station of Terniv district</organizationName>
            <address>
                <country>UKRAINE</country>
            </address>
        </creator>
        <creator>
            <individualName>
                <givenName>S.V.</givenName>
                <surName>Pasichnyk</surName>
            </individualName>
            <organizationName>Nizhyn Mykola Gogol State University</organizationName>
            <address>
                <country>UKRAINE</country>
            </address>
        </creator>
        <creator>
            <individualName>
                <givenName>P.M.</givenName>
                <surName>Ploshchanskyi</surName>
            </individualName>
            <organizationName>Dniester Canyon National Nature Park</organizationName>
            <address>
                <country>UKRAINE</country>
            </address>
        </creator>
        <creator>
            <individualName>
                <givenName>A.V.</givenName>
                <surName>Podobailo</surName>
            </individualName>
            <organizationName>Taras Shevchenko National University of Kyiv</organizationName>
            <address>
                <country>UKRAINE</country>
            </address>
        </creator>
        <creator>
            <individualName>
                <givenName>Oleksandr</givenName>
                <surName>Podpriatov</surName>
            </individualName>
            <organizationName>Ukrainian Steppe Natural Reserve NAN of Ukraine</organizationName>
            <address>
                <country>UKRAINE</country>
            </address>
        </creator>
        <creator>
            <individualName>
                <givenName>Oksana</givenName>
                <surName>Podpriatova</surName>
            </individualName>
            <organizationName>Ukrainian Steppe Natural Reserve NAN of Ukraine</organizationName>
            <address>
                <country>UKRAINE</country>
            </address>
        </creator>
        <creator>
            <individualName>
                <givenName>O.O.</givenName>
                <surName>Pohribnyi</surName>
            </individualName>
            <organizationName>Hutsulshchyna National Nature Park</organizationName>
            <address>
                <country>UKRAINE</country>
            </address>
        </creator>
        <creator>
            <individualName>
                <givenName>I.K.</givenName>
                <surName>Polishchuk</surName>
            </individualName>
            <organizationName>Askania-Nova Biosphere Reserve</organizationName>
            <address>
                <country>UKRAINE</country>
            </address>
        </creator>
        <creator>
            <individualName>
                <givenName>Volodymyr</givenName>
                <surName>Popenko</surName>
            </individualName>
            <organizationName>Lab of ornithology of the I.I. Sсhmalhausen Institute of Zoology NAS of Ukraine</organizationName>
            <address>
                <country>UKRAINE</country>
            </address>
        </creator>
        <creator>
            <individualName>
                <givenName>M.V.</givenName>
                <surName>Prychepa</surName>
            </individualName>
            <organizationName>Institute of Hydrobiology NAS of Ukraine</organizationName>
            <address>
                <country>UKRAINE</country>
            </address>
        </creator>
        <creator>
            <individualName>
                <givenName>K.</givenName>
                <surName>Pysmennyi</surName>
            </individualName>
            <organizationName>Ukrainian Birds of Prey Research Centre</organizationName>
            <address>
                <country>UKRAINE</country>
            </address>
        </creator>
        <creator>
            <individualName>
                <givenName>N.R.</givenName>
                <surName>Rabchevskyi</surName>
            </individualName>
            <organizationName>Polyanska gymnasium</organizationName>
            <address>
                <country>UKRAINE</country>
            </address>
        </creator>
        <creator>
            <individualName>
                <givenName>R.M.</givenName>
                <surName>Rabchevskyi</surName>
            </individualName>
            <organizationName>Polyanska gymnasium</organizationName>
            <address>
                <country>UKRAINE</country>
            </address>
        </creator>
        <creator>
            <individualName>
                <givenName>Madina</givenName>
                <surName>Rakhmatillaieva</surName>
            </individualName>
            <organizationName>V.N. Karazin Kharkiv National University</organizationName>
            <address>
                <country>UKRAINE</country>
            </address>
        </creator>
        <creator>
            <individualName>
                <givenName>Yurii</givenName>
                <surName>Rakov</surName>
            </individualName>
            <organizationName>Velykonovosilkivska young naturalist&apos; station</organizationName>
            <address>
                <country>UKRAINE</country>
            </address>
        </creator>
        <creator>
            <individualName>
                <givenName>A.M.</givenName>
                <surName>Roman</surName>
            </individualName>
            <organizationName>Institute of Hydrobiology NAS of Ukraine</organizationName>
            <address>
                <country>UKRAINE</country>
            </address>
        </creator>
        <creator>
            <individualName>
                <givenName>A.H.</givenName>
                <surName>Rudenko</surName>
            </individualName>
            <address>
                <country>UKRAINE</country>
            </address>
        </creator>
        <creator>
            <individualName>
                <givenName>V.P.</givenName>
                <surName>Rudenko</surName>
            </individualName>
            <organizationName>Dzharylhak National Nature Park</organizationName>
            <address>
                <country>UKRAINE</country>
            </address>
        </creator>
        <creator>
            <individualName>
                <givenName>Viktor</givenName>
                <surName>Savostian</surName>
            </individualName>
            <address>
                <country>UKRAINE</country>
            </address>
        </creator>
        <creator>
            <individualName>
                <givenName>M.M.</givenName>
                <surName>Shcherbatiuk</surName>
            </individualName>
            <organizationName>M.G. Kholodny Institute of Botany NAS of Ukraine</organizationName>
            <address>
                <country>UKRAINE</country>
            </address>
        </creator>
        <creator>
            <individualName>
                <givenName>Pavel</givenName>
                <surName>Sheshurak</surName>
            </individualName>
            <organizationName>Nizhyn Mykola Gogol State University</organizationName>
            <address>
                <country>UKRAINE</country>
            </address>
        </creator>
        <creator>
            <individualName>
                <givenName>I.V.</givenName>
                <surName>Shevchenko</surName>
            </individualName>
            <organizationName>Kherson Hydrobiological station NAS of Ukraine</organizationName>
            <address>
                <country>UKRAINE</country>
            </address>
        </creator>
        <creator>
            <individualName>
                <givenName>Halyna</givenName>
                <surName>Shol</surName>
            </individualName>
            <organizationName>Kryvyy Rih Botanical garden NAS of Ukraine</organizationName>
            <address>
                <country>UKRAINE</country>
            </address>
        </creator>
        <creator>
            <individualName>
                <givenName>Mykola</givenName>
                <surName>Shtohryn</surName>
            </individualName>
            <organizationName>Kremenets Mountains National Nature Park</organizationName>
            <address>
                <country>UKRAINE</country>
            </address>
        </creator>
        <creator>
            <individualName>
                <givenName>Andriy</givenName>
                <surName>Shtohun</surName>
            </individualName>
            <organizationName>Kremenets Mountains National Nature Park</organizationName>
            <address>
                <country>UKRAINE</country>
            </address>
        </creator>
        <creator>
            <individualName>
                <givenName>Oleksandr</givenName>
                <surName>Shynder</surName>
            </individualName>
            <organizationName>M.M. Hryshko National Botanical Garden NAN of Ukraine</organizationName>
            <address>
                <country>UKRAINE</country>
            </address>
        </creator>
        <creator>
            <individualName>
                <givenName>Serhii</givenName>
                <surName>Sidorovskyi</surName>
            </individualName>
            <organizationName>V.N. Karazin Kharkiv National University</organizationName>
            <address>
                <country>UKRAINE</country>
            </address>
        </creator>
        <creator>
            <individualName>
                <givenName>A.</givenName>
                <surName>Simon</surName>
            </individualName>
            <organizationName>Taras Shevchenko National University of Kyiv</organizationName>
            <address>
                <country>UKRAINE</country>
            </address>
        </creator>
        <creator>
            <individualName>
                <givenName>V.D.</givenName>
                <surName>Siokhin</surName>
            </individualName>
            <organizationName>&quot;Biodiversity&quot; research and educational centre of the Bogdan Khmelnytsky Melitopol State Pedagogical University</organizationName>
            <address>
                <country>UKRAINE</country>
            </address>
        </creator>
        <creator>
            <individualName>
                <givenName>Viktor</givenName>
                <surName>Sirenko</surName>
            </individualName>
            <organizationName>Ukrainian Steppe Natural Reserve NAN of Ukraine</organizationName>
            <address>
                <country>UKRAINE</country>
            </address>
        </creator>
        <creator>
            <individualName>
                <givenName>O.Yu.</givenName>
                <surName>Skliar</surName>
            </individualName>
            <organizationName>Hetmanskyi National Nature Park</organizationName>
            <address>
                <country>UKRAINE</country>
            </address>
        </creator>
        <creator>
            <individualName>
                <givenName>Ye.M.</givenName>
                <surName>Skubak</surName>
            </individualName>
            <address>
                <country>UKRAINE</country>
            </address>
        </creator>
        <creator>
            <individualName>
                <givenName>N.A.</givenName>
                <surName>Smirnov</surName>
            </individualName>
            <organizationName>Chernivtsi Regional Museum</organizationName>
            <address>
                <country>UKRAINE</country>
            </address>
        </creator>
        <creator>
            <individualName>
                <givenName>M.O.</givenName>
                <surName>Son</surName>
            </individualName>
            <organizationName>Institute of Marine Biology of the NAS of Ukraine</organizationName>
            <address>
                <country>UKRAINE</country>
            </address>
        </creator>
        <creator>
            <individualName>
                <givenName>Yuliia</givenName>
                <surName>Spinova</surName>
            </individualName>
            <organizationName>National University of Kyiv-Mohyla Academy</organizationName>
            <address>
                <country>UKRAINE</country>
            </address>
        </creator>
        <creator>
            <individualName>
                <givenName>O.I.</givenName>
                <surName>Stankevych-Volosianchuk</surName>
            </individualName>
            <organizationName>Uzhhorod National University</organizationName>
            <address>
                <country>UKRAINE</country>
            </address>
        </creator>
        <creator>
            <individualName>
                <givenName>T.V.</givenName>
                <surName>Starovoitova</surName>
            </individualName>
            <organizationName>Askania-Nova Biosphere Reserve</organizationName>
            <address>
                <country>UKRAINE</country>
            </address>
        </creator>
        <creator>
            <individualName>
                <givenName>Zh.V.</givenName>
                <surName>Storozhenko</surName>
            </individualName>
            <organizationName>National park &quot;Khotynskyi&quot;</organizationName>
            <address>
                <country>UKRAINE</country>
            </address>
        </creator>
        <creator>
            <individualName>
                <givenName>Olena</givenName>
                <surName>Strokyna</surName>
            </individualName>
            <address>
                <country>UKRAINE</country>
            </address>
        </creator>
        <creator>
            <individualName>
                <givenName>N.M.</givenName>
                <surName>Suriadna</surName>
            </individualName>
            <organizationName>Melitopol Institute of Ecology and Social technologies  of  &quot;Ukraine&quot; University</organizationName>
            <address>
                <country>UKRAINE</country>
            </address>
        </creator>
        <creator>
            <individualName>
                <givenName>A.I.</givenName>
                <surName>Sydorenko</surName>
            </individualName>
            <organizationName>&quot;Biodiversity&quot; research and educational centre of the Bogdan Khmelnytsky Melitopol State Pedagogical University</organizationName>
            <address>
                <country>UKRAINE</country>
            </address>
        </creator>
        <creator>
            <individualName>
                <givenName>Tetiana</givenName>
                <surName>Sytnyk</surName>
            </individualName>
            <organizationName>NGO &quot;Nasinneva skarbnytsia&quot;</organizationName>
            <address>
                <country>UKRAINE</country>
            </address>
        </creator>
        <creator>
            <individualName>
                <givenName>Vadym</givenName>
                <surName>Tkachenko</surName>
            </individualName>
            <organizationName>Pryazovskyi National Nature Park</organizationName>
            <address>
                <country>UKRAINE</country>
            </address>
        </creator>
        <creator>
            <individualName>
                <givenName>Fedir</givenName>
                <surName>Tkachenko</surName>
            </individualName>
            <organizationName>I.I. Mechnikov Odessa National University</organizationName>
            <address>
                <country>UKRAINE</country>
            </address>
        </creator>
        <creator>
            <individualName>
                <givenName>M.V.</givenName>
                <surName>Tomych</surName>
            </individualName>
            <organizationName>Hutsulshchyna National Nature Park</organizationName>
            <address>
                <country>UKRAINE</country>
            </address>
        </creator>
        <creator>
            <individualName>
                <givenName>Viktoriia</givenName>
                <surName>Trotner</surName>
            </individualName>
            <organizationName>Krivoy Rog Mining and Metallurgical Professional Lyceum</organizationName>
            <address>
                <country>UKRAINE</country>
            </address>
        </creator>
        <creator>
            <individualName>
                <givenName>V.V.</givenName>
                <surName>Vietrov</surName>
            </individualName>
            <organizationName>Ukrainian Birds of Prey Research Centre</organizationName>
            <address>
                <country>UKRAINE</country>
            </address>
        </creator>
        <creator>
            <individualName>
                <givenName>Stanislav</givenName>
                <surName>Viter</surName>
            </individualName>
            <organizationName>National Nature Park &quot;Homilsha Forests&quot;</organizationName>
            <address>
                <country>UKRAINE</country>
            </address>
        </creator>
        <creator>
            <individualName>
                <givenName>Aleksandr</givenName>
                <surName>Voblenko</surName>
            </individualName>
            <organizationName>Nizhyn Mykola Gogol State University</organizationName>
            <address>
                <country>UKRAINE</country>
            </address>
        </creator>
        <creator>
            <individualName>
                <givenName>P.M.</givenName>
                <surName>Vorobei</surName>
            </individualName>
            <organizationName>I.I. Sсhmalhausen Institute of Zoology NAS of Ukraine</organizationName>
            <address>
                <country>UKRAINE</country>
            </address>
        </creator>
        <creator>
            <individualName>
                <givenName>Ye.Yu.</givenName>
                <surName>Yanish</surName>
            </individualName>
            <organizationName>I.I. Sсhmalhausen Institute of Zoology NAS of Ukraine</organizationName>
            <address>
                <country>UKRAINE</country>
            </address>
        </creator>
        <creator>
            <individualName>
                <givenName>Yu.V.</givenName>
                <surName>Yanish</surName>
            </individualName>
            <organizationName>R.Ye. Kravetskyi Institute of experimental pathology, oncology and radiobiology NAS of Ukraine</organizationName>
            <address>
                <country>UKRAINE</country>
            </address>
        </creator>
        <creator>
            <individualName>
                <givenName>Tetiana</givenName>
                <surName>Yarova</surName>
            </individualName>
            <organizationName>Pryazovskyi National Nature Park</organizationName>
            <address>
                <country>UKRAINE</country>
            </address>
        </creator>
        <creator>
            <individualName>
                <givenName>Serhii</givenName>
                <surName>Yarovyi</surName>
            </individualName>
            <organizationName>Ukrainian Steppe Natural Reserve NAN of Ukraine</organizationName>
            <address>
                <country>UKRAINE</country>
            </address>
        </creator>
        <creator>
            <individualName>
                <givenName>H.O.</givenName>
                <surName>Yevtushenko</surName>
            </individualName>
            <organizationName>Luhansk Taras Shevchenko National University</organizationName>
            <address>
                <country>UKRAINE</country>
            </address>
        </creator>
        <creator>
            <individualName>
                <givenName>Rostyslav</givenName>
                <surName>Yurechko</surName>
            </individualName>
            <organizationName>Northern Podillia National Nature Park</organizationName>
            <address>
                <country>UKRAINE</country>
            </address>
        </creator>
        <creator>
            <individualName>
                <givenName>Diana</givenName>
                <surName>Yuzyk</surName>
            </individualName>
            <organizationName>Cheremosh National Nature Park</organizationName>
            <address>
                <country>UKRAINE</country>
            </address>
        </creator>
        <creator>
            <individualName>
                <givenName>S.M.</givenName>
                <surName>Zhyla</surName>
            </individualName>
            <organizationName>Polissia Nature Reserve</organizationName>
            <address>
                <country>UKRAINE</country>
            </address>
        </creator>
        <creator>
            <individualName>
                <givenName>O.</givenName>
                <surName>Zimin</surName>
            </individualName>
            <organizationName>LLC Diweave Group</organizationName>
            <address>
                <country>UKRAINE</country>
            </address>
        </creator>
        <creator>
            <individualName>
                <givenName>Yurii</givenName>
                <surName>Zubatov</surName>
            </individualName>
            <address>
                <country>UKRAINE</country>
            </address>
        </creator>
        <creator>
            <individualName>
                <givenName>Oleksii</givenName>
                <surName>Marushchak</surName>
            </individualName>
            <organizationName>I. I. Schmalhausen Institute of Zoology NAS of Ukraine</organizationName>
            <positionName>junior researcher</positionName>
            <address>
                <country>UKRAINE</country>
            </address>
            <electronicMailAddress>ecopelobates@gmail.com</electronicMailAddress>
            <userId directory="http://orcid.org/">0000-0001-9380-5593</userId>
        </creator>
        <metadataProvider>
            <individualName>
                <givenName>Oleh</givenName>
                <surName>Prylutskyi</surName>
            </individualName>
            <organizationName>V.N. Karazin Kharkiv National University</organizationName>
            <positionName>senior lecturer</positionName>
            <address>
                <country>UKRAINE</country>
            </address>
        </metadataProvider>
        <associatedParty>
            <individualName>
                <givenName>Oleh</givenName>
                <surName>Prylutskyi</surName>
            </individualName>
            <organizationName>V.N. Karazin Kharkiv National University</organizationName>
            <positionName>senior lecturer</positionName>
            <address>
                <country>UKRAINE</country>
            </address>
            <electronicMailAddress>oleh.prylutskyi@gmail.com</electronicMailAddress>
            <role>CUSTODIAN_STEWARD</role>
        </associatedParty>
        <pubDate>
                2022-09-25
        </pubDate>
        <language>UKRAINIAN</language>
        <abstract>
            The dataset consists of records of protected animal, plant and fungi species published in &amp;#34;Records of protected animal, plant and fungi species in Ukraine. (Series: «Conservation Biology in Ukraine», Is. 19.). – Kyiv-Chernivtsi: Druk-Art, 2020. – 704 p.&amp;#34;
        </abstract>
        <keywordSet>
            <keyword>Occurrence</keyword>
            <keywordThesaurus>GBIF Dataset Type Vocabulary: http://rs.gbif.org/vocabulary/gbif/dataset_type.xml</keywordThesaurus>
        </keywordSet>
        <keywordSet>
            <keyword>Occurrence</keyword>
            <keywordThesaurus>GBIF Dataset Type Vocabulary: http://rs.gbif.org/vocabulary/gbif/dataset_type_2015-07-10.xml</keywordThesaurus>
        </keywordSet>
        <intellectualRights>
            <para>This work is licensed under a <ulink url="http://creativecommons.org/licenses/by/4.0/legalcode"><citetitle>Creative Commons Attribution (CC-BY) 4.0 License</citetitle></ulink>.</para>
        </intellectualRights>
        <licensed>
            <licenseName>Creative Commons Attribution 4.0 International</licenseName>
            <url>https://spdx.org/licenses/CC-BY-4.0.html</url>
            <identifier>CC-BY-4.0</identifier>
        </licensed>
        <distribution scope="document">
            <online>
                <url function="download">https://ukraine.ipt.gbif.no/archive.do?r=records_of_protected_animal_plant_and_fungi_species_in_ukraine</url>
            </online>
        </distribution>
        <coverage>
            <geographicCoverage>
                <geographicDescription>Ukraine</geographicDescription>
                <boundingCoordinates>
                    <westBoundingCoordinate>22.061</westBoundingCoordinate>
                    <eastBoundingCoordinate>40.254</eastBoundingCoordinate>
                    <northBoundingCoordinate>52.483</northBoundingCoordinate>
                    <southBoundingCoordinate>44.024</southBoundingCoordinate>
                </boundingCoordinates>
            </geographicCoverage>
            <temporalCoverage>
                <rangeOfDates>
                    <beginDate>
                        <calendarDate>                1927
</calendarDate>
                    </beginDate>
                    <endDate>
                        <calendarDate>                2020
</calendarDate>
                    </endDate>
                </rangeOfDates>
            </temporalCoverage>
            <taxonomicCoverage>
                <taxonomicClassification>
                    <taxonRankName>Kingdom</taxonRankName>
                    <taxonRankValue>Animalia</taxonRankValue>
                </taxonomicClassification>
                <taxonomicClassification>
                    <taxonRankName>Kingdom</taxonRankName>
                    <taxonRankValue>Plantae</taxonRankValue>
                </taxonomicClassification>
                <taxonomicClassification>
                    <taxonRankName>Kingdom</taxonRankName>
                    <taxonRankValue>Fungi</taxonRankValue>
                </taxonomicClassification>
            </taxonomicCoverage>
        </coverage>
        <maintenance>
            <description>
                <para></para>
            </description>
            <maintenanceUpdateFrequency>unkown</maintenanceUpdateFrequency>
        </maintenance>
        <contact>
            <individualName>
                <givenName>Olexii</givenName>
                <surName>Vasyliuk</surName>
            </individualName>
            <organizationName>I. I. Schmalhausen Institute of Zoology NAS of Ukraine</organizationName>
            <positionName>junior researcher</positionName>
            <address>
                <city>Kyiv</city>
                <country>UKRAINE</country>
            </address>
            <electronicMailAddress>vasyliuk@gmail.com</electronicMailAddress>
        </contact>
        <methods>
            <methodStep>
                <description>
                    <para>Preparation of research articles using unified template by authors</para>
                </description>
            </methodStep>
            <methodStep>
                <description>
                    <para>Data aggregation and preparation for publishing as paper book</para>
                </description>
            </methodStep>
            <methodStep>
                <description>
                    <para>Data cleaning and alignment to Darwin Core standard</para>
                </description>
            </methodStep>
            <sampling>
                <studyExtent>
                    <description>
                        <para>Occurrence data were obtained from 187 researchers, represented 78 research organizations from all over Ukraine, and published in &quot;Records of protected animal, plant and fungi species in Ukraine. (Series: «Conservation Biology in Ukraine», Is. 19.). – Kyiv-Chernivtsi: Druk-Art, 2020. – 704 p.&quot;</para>
                    </description>
                </studyExtent>
                <samplingDescription>
                    <para>Data were collected, georeferenced, and organized by the authors of each articles on their own. Additional data cleaning and postprocessing were conducted by Olexii Marushchak and Oleh Prylutskyi.</para>
                </samplingDescription>
            </sampling>
            <qualityControl>
                <description>
                    <para>Authors of each particular article are fully responsible for the correctness of species identifications, information on organisms&apos; quantity and georeferencing. Sporadic issues in georeferencing, revealed during data cleaning, were corrected where it was possible, by Oleh Prylutskyi.</para>
                </description>
            </qualityControl>
        </methods>

            <project id="nlbif2018.2019.004">
                <title>Mobilization of biodiversity data from Ukraine to GBIF</title>
                <personnel>
                    <individualName>
                    <givenName>Svetlana</givenName>
                    <surName>Miteva</surName>
                    </individualName>
                    <role>POINT_OF_CONTACT</role>
                </personnel>
                <personnel>
                    <individualName>
                    <givenName>Mikhail</givenName>
                    <surName>Rusin</surName>
                    </individualName>
                    <role>POINT_OF_CONTACT</role>
                </personnel>
                <abstract>
                    <para>Dataset has been organized with the support of Project nlbif2018.2019.004 funded by NLBIF to The Habitat Foundation &quot;Mobilization of biodiversity data from Ukraine to GBIF&quot; https://www.nlbif.nl/mobilization-of-biodiversity-data-from-ukraine-to-gbif/</para>
                </abstract>
                <funding>
                    <para></para>
                </funding>
            </project>
    </dataset>

    <additionalMetadata>
        <metadata>
            <gbif>
                <dateStamp>2025-01-03T13:15:07Z</dateStamp>
                <citation>Vasyliuk O, Kuzemko A, Sadogurska S, Gol&apos;din P, Kavurka V, Kutsokon Y, Nekrasova O, Prylutskyi O, Rusin M, Abramiuk I, Aleinikova K, Aleksenko T, Andriushchenko Y, Antonovskyi O, Babiichuk O, Balatskyi K, Barabokha N, Baranets M, Bashta A, Berest Z, Bielashkov I, Bielska O, Bobryk I, Bronskov O, Bronskova O, Bubela O, Buhai L, Bumar H, Bundziak P, Busel V, Bushuiev S, Buzevych O, Buzunko P, Chaplyhina A, Cherevatenko A, Chernychko R, Daineko P, Danko H, Davydenko I, Davydov D, Davydova A, Demskyi N, Derzhypilskyi L, Deviatko T, Diadicheva O, Diadychko V, Diakov V, Diakova O, Didenko O, Dmytroniak L, Dolynnyi V, Dovbush V, Dovhaniuk I, Drach Y, Drebet M, Duhina O, Dumenko V, Dzerkal V, Fedun O, Formaniuk O, Fryz-Duzhak O, Godlevska L, Gouz G, Haidash O, Havrylenko V, Havryliuk M, Havrys H, Holovko V, Horbenko Y, Horielova T, Horlov P, Hrandova M, Hrebenshchykov V, Hryb O, Hrynchyshyn T, Hryniuk P, Hubar L, Hubryk O, Hupalo O, Hushtan H, Hushtan K, Ilichok O, Ilminska L, Kavurka V, Kazannyk V, Kedrov B, Khomenko S, Kiian T, Kliestov M, Knysh M, Kobzar L, Koniakin S, Koroliesova D, Koshelev A, Kosheliev O, Kosheliev V, Kotserzhynska I, Kotserzhynskyi S, Kovalenko T, Kovtoniuk A, Kozlov M, Kozodavov S, Krasnova O, Kulyk M, Kuzhel V, Kuzhel K, Kvach Y, Kyiak S, Lietytska O, Lytvynenko S, Mamchur T, Mamchur Z, Mamchur A, Markivska L, Martyniuk V, Martynov V, Merzlikin I, Mezinov O, Moisiienko I, Morhun H, Mykytynets H, Mylenko N, Nadtochii H, Nadtochii A, Nazarov N, Novak V, Nitochko M, Novak V, Novikov A, Oliinyk Y, Olshanskyi I, Orlova-Hudim K, Osadchuk P, Panchenko P, Panchuk O, Parkhomenko N, Pasichnyk S, Ploshchanskyi P, Podobailo A, Podpriatov O, Podpriatova O, Pohribnyi O, Polishchuk I, Popenko V, Prychepa M, Pysmennyi K, Rabchevskyi N, Rabchevskyi R, Rakhmatillaieva M, Rakov Y, Roman A, Rudenko A, Rudenko V, Savostian V, Shcherbatiuk M, Sheshurak P, Shevchenko I, Shol H, Shtohryn M, Shtohun A, Shynder O, Sidorovskyi S, Simon A, Siokhin V, Sirenko V, Skliar O, Skubak Y, Smirnov N, Son M, Spinova Y, Stankevych-Volosianchuk O, Starovoitova T, Storozhenko Z, Strokyna O, Suriadna N, Sydorenko A, Sytnyk T, Tkachenko V, Tkachenko F, Tomych M, Trotner V, Vietrov V, Viter S, Voblenko A, Vorobei P, Yanish Y, Yanish Y, Yarova T, Yarovyi S, Yevtushenko H, Yurechko R, Yuzyk D, Zhyla S, Zimin O, Zubatov Y, Marushchak O (2022). Records of protected animal, plant and fungi species in Ukraine. Version 1.7. Ukrainian Nature Conservation Group (NGO). Occurrence dataset https://doi.org/10.15468/m5vrza accessed via GBIF.org on 2025-01-03.</citation>
                <bibliography>
                <citation>Records of protected animal, plant and fungi species in Ukraine. (Series: «Conservation Biology in Ukraine», Is. 19.). – Kyiv-Chernivtsi: Druk-Art, 2020. – 704 p.</citation>
                <citation>Знахідки видів рослин, тварин та грибів, що знаходяться під охороною, в Україні. (Серія: «Conservation Biology in Ukraine». – Вип. 19.). – Київ; Чернівці: Друк Арт, 2020. – 704 с.</citation>
                </bibliography>
            </gbif>
        </metadata>
    </additionalMetadata>
    </eml:eml>
