<?xml version="1.0" encoding="utf-8"?>
<eml:eml xmlns:eml="https://eml.ecoinformatics.org/eml-2.2.0" xmlns:xsi="http://www.w3.org/2001/XMLSchema-instance"
         xsi:schemaLocation="https://eml.ecoinformatics.org/eml-2.2.0 https://rs.gbif.org/schema/eml-gbif-profile/1.3/eml.xsd"
packageId="09435c69-7ec7-46f4-b52f-5131baa10143"  system="http://gbif.org" scope="system"
xml:lang="en">
    <dataset>
        <alternateIdentifier>10.15468/w9b6ap</alternateIdentifier>
        <alternateIdentifier>09435c69-7ec7-46f4-b52f-5131baa10143</alternateIdentifier>
        <alternateIdentifier>https://ipt.idigbio.org/resource?r=cuic</alternateIdentifier>
        <shortName>CUIC</shortName>
        <title>Cornell University Insect Collection (CUIC)</title>
        <creator>
            <individualName>
                <givenName>Jason</givenName>
                <surName>Dombroskie</surName>
            </individualName>
            <organizationName>Cornell University Insect Collection</organizationName>
            <positionName>Collection Manager</positionName>
            <address>
                <deliveryPoint>129 Garden Avenue, Comstock Hall 2144</deliveryPoint>
                <city>Ithaca</city>
                <administrativeArea>New York</administrativeArea>
                <postalCode>14853</postalCode>
                <country>UNITED_STATES</country>
            </address>
        </creator>
        <associatedParty>
            <individualName>
                <givenName>Cat</givenName>
                <surName>Chapman</surName>
            </individualName>
            <electronicMailAddress>cac469@nau.edu</electronicMailAddress>
            <role>USER</role>
        </associatedParty>
        <pubDate>
                2024-12-28
        </pubDate>
        <language>ENGLISH</language>
        <abstract>
            
            The Cornell University Insect Collection serves as a permanent repository for scientifically valuable terrestrial arthropod specimens and associated data representing global insect diversity, species of economic importance, and vouchers from scientific studies. Starting with J.H. Comstock and H.H. Smith in the 1870’s, today’s CUIC is the result of efforts by a long line of Cornell entomologists. Our taxonomic breadth is based on the sequential additions to our holdings by professors, staff and students who have exhibited dedication to the development of their diverse research interests.The CUIC supports insect identification, systematics research, education, and public outreach for the global community.
        
        </abstract>
        <keywordSet>
            <keyword>Occurrence</keyword>
            <keywordThesaurus>GBIF Dataset Type Vocabulary: http://rs.gbif.org/vocabulary/gbif/dataset_type_2015-07-10.xml</keywordThesaurus>
        </keywordSet>
        <keywordSet>
            <keyword>Specimen</keyword>
            <keywordThesaurus>GBIF Dataset Subtype Vocabulary: http://rs.gbif.org/vocabulary/gbif/dataset_subtype.xml</keywordThesaurus>
        </keywordSet>
        <intellectualRights>
            <para>This work is licensed under a <ulink url="http://creativecommons.org/licenses/by-nc/4.0/legalcode"><citetitle>Creative Commons Attribution Non Commercial (CC-BY-NC) 4.0 License</citetitle></ulink>.</para>
        </intellectualRights>
        <licensed>
            <licenseName>Creative Commons Attribution Non Commercial 4.0 International</licenseName>
            <url>https://spdx.org/licenses/CC-BY-NC-4.0.html</url>
            <identifier>CC-BY-NC-4.0</identifier>
        </licensed>
        <distribution scope="document">
            <online>
                <url function="information">https://cuic.entomology.cornell.edu/about/</url>
            </online>
        </distribution>
        <distribution scope="document">
            <online>
                <url function="download">https://ipt.idigbio.org/archive.do?r=cuic</url>
            </online>
        </distribution>
        <maintenance>
            <description>
                <para>The CUIC database is updated every 3-6 months, updating any changes to current listings and adding newly databased specimens.</para>
            </description>
            <maintenanceUpdateFrequency>asNeeded</maintenanceUpdateFrequency>
        </maintenance>
        <contact>
            <individualName>
                <givenName>Jason</givenName>
                <surName>Dombroskie</surName>
            </individualName>
            <organizationName>Cornell University Insect Collection</organizationName>
            <positionName>Collection Manager</positionName>
            <address>
                <deliveryPoint>129 Garden Avenue, Comstock Hall 2144</deliveryPoint>
                <city>Ithaca</city>
                <administrativeArea>New York</administrativeArea>
                <postalCode>14853</postalCode>
                <country>UNITED_STATES</country>
            </address>
            <onlineUrl>https://cuic.entomology.cornell.edu/</onlineUrl>
        </contact>
        <contact>
            <individualName>
                <givenName>Corrie</givenName>
                <surName>Moreau</surName>
            </individualName>
            <organizationName>Cornell University Insect Collection</organizationName>
            <positionName>Curator</positionName>
            <address>
                <deliveryPoint>129 Garden Avenue, Comstock Hall 2144</deliveryPoint>
                <city>Ithaca</city>
                <administrativeArea>New York</administrativeArea>
                <postalCode>14853</postalCode>
                <country>UNITED_STATES</country>
            </address>
            <onlineUrl>https://www.moreaulab.entomology.cornell.edu/team/corrie-moreau/</onlineUrl>
        </contact>
        <contact>
            <individualName>
                <givenName>Jack</givenName>
                <surName>Whisenant</surName>
            </individualName>
            <organizationName>Cornell University Insect Collection</organizationName>
            <positionName>Technician III</positionName>
            <address>
                <deliveryPoint>129 Garden Avenue Comstock Hall 2144</deliveryPoint>
                <city>Ithaca</city>
                <administrativeArea>New York</administrativeArea>
                <postalCode>14850</postalCode>
                <country>UNITED_STATES</country>
            </address>
        </contact>

    </dataset>

    <additionalMetadata>
        <metadata>
            <gbif>
                <dateStamp>2025-01-03T13:15:08Z</dateStamp>
                <citation>Dombroskie J (2024). Cornell University Insect Collection (CUIC). Version 1.2. Cornell University Insect Collection (CUIC). Occurrence dataset https://doi.org/10.15468/w9b6ap accessed via GBIF.org on 2025-01-03.</citation>
            </gbif>
        </metadata>
    </additionalMetadata>
    </eml:eml>
