<?xml version="1.0" encoding="utf-8"?>
<eml:eml xmlns:eml="https://eml.ecoinformatics.org/eml-2.2.0" xmlns:xsi="http://www.w3.org/2001/XMLSchema-instance"
         xsi:schemaLocation="https://eml.ecoinformatics.org/eml-2.2.0 https://rs.gbif.org/schema/eml-gbif-profile/1.3/eml.xsd"
packageId="2282809d-f37b-4568-9164-72ca2d17227b"  system="http://gbif.org" scope="system"
xml:lang="en">
    <dataset>
        <alternateIdentifier>10.15468/rsmdu9</alternateIdentifier>
        <alternateIdentifier>https://www.izeltlabuak.hu/rendszertan/talalatok?to=2024-12-26&amp;dr=4_4</alternateIdentifier>
        <alternateIdentifier>https://www.izeltlabuak.hu/rendszertan/talalatok?to=2024-12-20&amp;dr=4_4</alternateIdentifier>
        <alternateIdentifier>https://www.izeltlabuak.hu/rendszertan/talalatok?to=2024-12-18&amp;dr=4_4</alternateIdentifier>
        <alternateIdentifier>https://www.izeltlabuak.hu/rendszertan/talalatok?to=2024-12-12&amp;dr=4_4</alternateIdentifier>
        <alternateIdentifier>https://www.izeltlabuak.hu/rendszertan/talalatok?to=2024-12-05&amp;dr=4_4</alternateIdentifier>
        <alternateIdentifier>https://www.izeltlabuak.hu/rendszertan/talalatok?to=2024-11-28&amp;dr=4_4</alternateIdentifier>
        <alternateIdentifier>https://www.izeltlabuak.hu/rendszertan/talalatok?to=2024-11-21&amp;dr=4_4</alternateIdentifier>
        <alternateIdentifier>https://www.izeltlabuak.hu/rendszertan/talalatok?to=2024-11-14&amp;dr=4_4</alternateIdentifier>
        <alternateIdentifier>https://www.izeltlabuak.hu/rendszertan/talalatok?to=2024-10-31&amp;dr=4_4</alternateIdentifier>
        <alternateIdentifier>https://www.izeltlabuak.hu/rendszertan/talalatok?to=2024-10-24&amp;dr=4_4</alternateIdentifier>
        <alternateIdentifier>https://www.izeltlabuak.hu/rendszertan/talalatok?to=2024-10-17&amp;dr=4_4</alternateIdentifier>
        <alternateIdentifier>https://www.izeltlabuak.hu/rendszertan/talalatok?to=2024-10-10&amp;dr=4_4</alternateIdentifier>
        <alternateIdentifier>https://www.izeltlabuak.hu/rendszertan/talalatok?to=2024-10-03&amp;dr=4_4</alternateIdentifier>
        <alternateIdentifier>https://www.izeltlabuak.hu/rendszertan/talalatok?to=2024-09-26&amp;dr=4_4</alternateIdentifier>
        <alternateIdentifier>https://www.izeltlabuak.hu/rendszertan/talalatok?to=2024-09-19&amp;dr=4_4</alternateIdentifier>
        <alternateIdentifier>https://www.izeltlabuak.hu/rendszertan/talalatok?to=2024-09-12&amp;dr=4_4</alternateIdentifier>
        <alternateIdentifier>https://www.izeltlabuak.hu/rendszertan/talalatok?to=2024-08-29&amp;dr=4_4</alternateIdentifier>
        <alternateIdentifier>https://www.izeltlabuak.hu/rendszertan/talalatok?to=2024-08-22&amp;dr=4_4</alternateIdentifier>
        <alternateIdentifier>https://www.izeltlabuak.hu/rendszertan/talalatok?to=2024-08-15&amp;dr=4_4</alternateIdentifier>
        <alternateIdentifier>https://www.izeltlabuak.hu/rendszertan/talalatok?to=2024-08-08&amp;dr=4_4</alternateIdentifier>
        <alternateIdentifier>https://www.izeltlabuak.hu/rendszertan/talalatok?to=2024-08-04&amp;dr=4_4</alternateIdentifier>
        <alternateIdentifier>https://www.izeltlabuak.hu/rendszertan/talalatok?to=2024-08-01&amp;dr=4_4</alternateIdentifier>
        <alternateIdentifier>https://www.izeltlabuak.hu/rendszertan/talalatok?to=2024-07-25&amp;dr=4_4</alternateIdentifier>
        <alternateIdentifier>https://www.izeltlabuak.hu/rendszertan/talalatok?to=2024-07-23&amp;dr=4_4</alternateIdentifier>
        <alternateIdentifier>https://www.izeltlabuak.hu/rendszertan/talalatok?to=2024-07-19&amp;dr=4_4</alternateIdentifier>
        <title>izeltlabuak.hu observations validated to species level</title>
        <creator>
            <individualName>
                <surName>izeltlabuak.hu observers</surName>
            </individualName>
            <organizationName>izeltlabuak.hu</organizationName>
            <address>
                <country>HUNGARY</country>
            </address>
            <electronicMailAddress>info@izeltlabuak.hu</electronicMailAddress>
            <onlineUrl>https://www.izeltlabuak.hu</onlineUrl>
        </creator>
        <metadataProvider>
            <individualName>
                <surName>izeltlabuak.hu</surName>
            </individualName>
            <organizationName>izeltlabuak.hu</organizationName>
            <address>
                <city>Budapest</city>
                <administrativeArea>Pest</administrativeArea>
                <postalCode>1039</postalCode>
                <country>HUNGARY</country>
            </address>
            <electronicMailAddress>info@izeltlabuak.hu</electronicMailAddress>
            <onlineUrl>https://www.izeltlabuak.hu</onlineUrl>
        </metadataProvider>
        <pubDate>
                2024-12-26
        </pubDate>
        <language>HUNGARIAN</language>
        <abstract>
            <para>This record includes 369457 arthropod observations and 502674 images, mainly from Hungary, but not restricted for the country.</para><para>The taxonId in the report represents the Gbif taxonId.</para><para>Goal of izeltlabuak.hu is to protect our natural values, create a harmonic relationship between wildlife and human, explore and celebrate the beauty of biodiversity and promote the citizen science through monitoring.</para><para>On this platform, users have the opportunity to document their arthropod observations complete with photos, geolocation data, and other pertinent information. Professionals also contribute by identifying the recorded arthropods. Essentially, the platform functions as a monitoring service.</para><para>This report includes all observations with the following criteria:</para><para>- authors set their license to CC0, CC-BY, or CC-BY-NC</para><para>- determined or validated to at least species level by an expert of the area</para><para>- location is set to the observation</para><para>- observed in its natural habitat (not in zoo, or garden center that imports plants, or terrarium, or similar environment)</para><para>- was recorded before 2024-12-26</para>
        </abstract>
        <intellectualRights>
            <para>This work is licensed under a <ulink url="http://creativecommons.org/licenses/by-nc/4.0/legalcode"><citetitle>Creative Commons Attribution Non Commercial (CC-BY-NC) 4.0 License</citetitle></ulink>.</para>
        </intellectualRights>
        <licensed>
            <licenseName>Creative Commons Attribution Non Commercial 4.0 International</licenseName>
            <url>https://spdx.org/licenses/CC-BY-NC-4.0.html</url>
            <identifier>CC-BY-NC-4.0</identifier>
        </licensed>
        <distribution scope="document">
            <online>
                <url function="information">https://www.izeltlabuak.hu/rendszertan/talalatok</url>
            </online>
        </distribution>
        <distribution scope="document">
            <online>
                <url function="download">https://izeltlabuak.hu/archive/gbif/latest</url>
            </online>
        </distribution>
        <coverage>
            <geographicCoverage>
                <geographicDescription>Bounding Box</geographicDescription>
                <boundingCoordinates>
                    <westBoundingCoordinate>-87.97451</westBoundingCoordinate>
                    <eastBoundingCoordinate>126.86768</eastBoundingCoordinate>
                    <northBoundingCoordinate>62.98898</northBoundingCoordinate>
                    <southBoundingCoordinate>-11.0975</southBoundingCoordinate>
                </boundingCoordinates>
            </geographicCoverage>
            <temporalCoverage>
                <rangeOfDates>
                    <beginDate>
                        <calendarDate>                1900-01-01
</calendarDate>
                    </beginDate>
                    <endDate>
                        <calendarDate>                2024-12-26
</calendarDate>
                    </endDate>
                </rangeOfDates>
            </temporalCoverage>
        </coverage>
        <purpose><para>On izeltlabuak.hu users can record their arthropod observations. These records can be utilized for various scientific and educational purposes. The platform's capabilities extend further, as it automatically generates distribution maps for species based on the aggregated user data. These maps serve as a crucial tool for identifying shifts in the distribution of invasive species and enhancing our understanding of the distribution patterns of all arthropod species within the country. Additionally, these recorded observations stand as invaluable resources for scientific research and educational activities.</para></purpose>
        <maintenance>
            <description>
                <para></para>
            </description>
            <maintenanceUpdateFrequency>weekly</maintenanceUpdateFrequency>
        </maintenance>
        <contact>
            <individualName>
                <surName>izeltlabuak.hu</surName>
            </individualName>
            <organizationName>izeltlabuak.hu</organizationName>
            <address>
                <city>Budapest</city>
                <administrativeArea>Pest</administrativeArea>
                <postalCode>1039</postalCode>
                <country>HUNGARY</country>
            </address>
            <electronicMailAddress>info@izeltlabuak.hu</electronicMailAddress>
            <onlineUrl>https://www.izeltlabuak.hu</onlineUrl>
        </contact>
        <methods>
            <methodStep>
                <description>
                    <para>Observation recorded by the community and verified by the experts of the community</para>
                </description>
            </methodStep>
            <qualityControl>
                <description>
                    <para>On the izeltlabuak.hu web application professionals or experts contribute by validating and identifying the recorded arthropods. They are users with a specific user role called &apos;identifiers&apos;. They have access specific pages of the website where they can give their identifications for the observations. They will be recognized as the identifier in the appearances of the observations. It is possible for the identifiers to set an another person as the identifier of the observation as they get the determination personally or got it on a social platform. Identifiers can modify or overwrite previous determinations if they find it to need correction. If taxonomic changes have been made, the corrector will be the new identifier. One observation has only one actual identification. Identifiers must accept the ethical codex for the webpage as well as the users.</para>
                </description>
            </qualityControl>
        </methods>

    </dataset>

    <additionalMetadata>
        <metadata>
            <gbif>
                <dateStamp>2025-01-03T13:15:28Z</dateStamp>
                <citation>izeltlabuak.hu observers, izeltlabuak.hu (2024). izeltlabuak.hu observations validated to species level. izeltlabuak.hu. Occurrence dataset https://doi.org/10.15468/rsmdu9 accessed via GBIF.org on 2025-01-03.</citation>
            </gbif>
        </metadata>
    </additionalMetadata>
    </eml:eml>
