<?xml version="1.0" encoding="utf-8"?>
<eml:eml xmlns:eml="https://eml.ecoinformatics.org/eml-2.2.0" xmlns:xsi="http://www.w3.org/2001/XMLSchema-instance"
         xsi:schemaLocation="https://eml.ecoinformatics.org/eml-2.2.0 https://rs.gbif.org/schema/eml-gbif-profile/1.3/eml.xsd"
packageId="2d8d3cd4-da79-419b-9428-4820d44d30fd"  system="http://gbif.org" scope="system"
xml:lang="en">
    <dataset>
        <alternateIdentifier>10.15468/95qy47</alternateIdentifier>
        <alternateIdentifier>https://ukraine.ipt.gbif.no/resource?r=rufford2022</alternateIdentifier>
        <alternateIdentifier>2d8d3cd4-da79-419b-9428-4820d44d30fd</alternateIdentifier>
        <alternateIdentifier>https://cloud.gbif.org/eca/resource?r=rufford2022</alternateIdentifier>
        <title>Materials of the project &quot;Open biodiversity data: serving nature conservation in Ukraine&quot;</title>
        <creator>
            <individualName>
                <givenName>Oleksii</givenName>
                <surName>Marushchak</surName>
            </individualName>
            <organizationName>I. I. Schmalhausen Institute of Zoology NAS of Ukraine</organizationName>
            <positionName>junior researcher</positionName>
            <address>
                <deliveryPoint>Vul. B. Khmelnytskogo, 15</deliveryPoint>
                <city>Kyiv</city>
                <postalCode>01030</postalCode>
                <country>UKRAINE</country>
            </address>
            <phone>+380964882670</phone>
            <electronicMailAddress>ecopelobates@gmail.com</electronicMailAddress>
            <userId directory="https://orcid.org/">0000-0001-9380-5593</userId>
        </creator>
        <creator>
            <individualName>
                <givenName>Viktor</givenName>
                <surName>Skorobogatov</surName>
            </individualName>
            <organizationName>Ukrainian Nature Conservation Group</organizationName>
            <address>
                <country>UKRAINE</country>
            </address>
        </creator>
        <creator>
            <individualName>
                <givenName>Olexiy</givenName>
                <surName>Vasyliuk</surName>
            </individualName>
            <organizationName>I. I. Schmalhausen Institute of Zoology NAS of Ukraine</organizationName>
            <positionName>junior researcher</positionName>
            <address>
                <deliveryPoint>Vul. B. Khmelnytskogo, 15</deliveryPoint>
                <city>Kyiv</city>
                <postalCode>01030</postalCode>
                <country>UKRAINE</country>
            </address>
            <electronicMailAddress>vasyliuk@gmail.com</electronicMailAddress>
        </creator>
        <creator>
            <individualName>
                <givenName>Stanislav</givenName>
                <surName>Viter</surName>
            </individualName>
            <organizationName>National Nature Park &quot;Homilsha Forests&quot;</organizationName>
            <positionName>Head of the Department of science and eco-education</positionName>
            <address>
                <country>UKRAINE</country>
            </address>
        </creator>
        <creator>
            <individualName>
                <givenName>Maksym</givenName>
                <surName>Marushchak</surName>
            </individualName>
            <organizationName>Ukrainian Nature Conservation Group</organizationName>
            <positionName>volunteer</positionName>
            <address>
                <city>Kyiv</city>
                <country>UKRAINE</country>
            </address>
        </creator>
        <creator>
            <individualName>
                <givenName>Anna</givenName>
                <surName>Kuzemko</surName>
            </individualName>
            <organizationName>M.G. Kholodny Institute of Botany NAS of Ukraine</organizationName>
            <positionName>leading researcher</positionName>
            <address>
                <city>Kyiv</city>
                <country>UKRAINE</country>
            </address>
            <electronicMailAddress>anyameadow.ak@gmail.com</electronicMailAddress>
            <onlineUrl>https://www.researchgate.net/profile/Anna-Kuzemko</onlineUrl>
            <userId directory="https://orcid.org/">0000-0002-9425-2756</userId>
        </creator>
        <creator>
            <individualName>
                <givenName>Oleksandr</givenName>
                <surName>Shynder</surName>
            </individualName>
            <organizationName>M.M. Gryshko National Botanical Garden</organizationName>
            <positionName>researcher</positionName>
            <address>
                <city>Kyiv</city>
                <country>UKRAINE</country>
            </address>
        </creator>
        <creator>
            <individualName>
                <givenName>Vitalii</givenName>
                <surName>Kavurka</surName>
            </individualName>
            <organizationName>I. I. Schmalhausen Institute of Zoology NAS of Ukraine</organizationName>
            <address>
                <deliveryPoint>Vul. B. Khmelnytskogo, 15</deliveryPoint>
                <city>Kyiv</city>
                <postalCode>01030</postalCode>
                <country>UKRAINE</country>
            </address>
        </creator>
        <creator>
            <individualName>
                <givenName>Nazar</givenName>
                <surName>Nazarov</surName>
            </individualName>
            <address>
                <country>UKRAINE</country>
            </address>
        </creator>
        <creator>
            <individualName>
                <givenName>Oleksandr</givenName>
                <surName>Martynov</surName>
            </individualName>
            <organizationName>The National Museum of Natural History at the National Academy of Sciences of Ukraine</organizationName>
            <address>
                <country>UKRAINE</country>
            </address>
        </creator>
        <creator>
            <individualName>
                <givenName>Oleksii</givenName>
                <surName>Prokhorov</surName>
            </individualName>
            <address>
                <country>UKRAINE</country>
            </address>
        </creator>
        <creator>
            <individualName>
                <givenName>Ruslan</givenName>
                <surName>Hleb</surName>
            </individualName>
            <organizationName>Carpathian Biosphere Reserve</organizationName>
            <address>
                <country>UKRAINE</country>
            </address>
        </creator>
        <creator>
            <individualName>
                <givenName>Olesya</givenName>
                <surName>Bezsmertna</surName>
            </individualName>
            <organizationName>Taras Shevchenko National University of Kyiv</organizationName>
            <address>
                <country>UKRAINE</country>
            </address>
        </creator>
        <creator>
            <individualName>
                <givenName>Roman</givenName>
                <surName>Kish</surName>
            </individualName>
            <address>
                <country>UKRAINE</country>
            </address>
        </creator>
        <creator>
            <individualName>
                <givenName>Ivan</givenName>
                <surName>Moysiyenko</surName>
            </individualName>
            <organizationName>Kherson State University</organizationName>
        </creator>
        <creator>
            <individualName>
                <givenName>Oleksandr</givenName>
                <surName>Haidash</surName>
            </individualName>
            <organizationName>Danube Nature Reserve</organizationName>
            <address>
                <country>UKRAINE</country>
            </address>
        </creator>
        <creator>
            <individualName>
                <givenName>Mikhail</givenName>
                <surName>Rusin</surName>
            </individualName>
            <organizationName>Kyiv Zoo</organizationName>
            <address>
                <country>UKRAINE</country>
            </address>
        </creator>
        <creator>
            <individualName>
                <givenName>O.</givenName>
                <surName>Volutsa</surName>
            </individualName>
            <address>
                <country>UKRAINE</country>
            </address>
        </creator>
        <creator>
            <individualName>
                <givenName>Hanna</givenName>
                <surName>Kuzio</surName>
            </individualName>
            <address>
                <country>UKRAINE</country>
            </address>
        </creator>
        <creator>
            <individualName>
                <givenName>Oleh</givenName>
                <surName>Prylutskyi</surName>
            </individualName>
            <address>
                <country>UKRAINE</country>
            </address>
        </creator>
        <creator>
            <individualName>
                <givenName>Olena</givenName>
                <surName>Prylutska</surName>
            </individualName>
            <address>
                <country>UKRAINE</country>
            </address>
        </creator>
        <creator>
            <individualName>
                <givenName>Habriel</givenName>
                <surName>Hushtan</surName>
            </individualName>
            <organizationName>State Museum of Natural History, National Academy of Sciences of Ukraine</organizationName>
            <address>
                <deliveryPoint>18, Teatralna Str.</deliveryPoint>
                <city>Lviv</city>
                <administrativeArea>Lviv</administrativeArea>
                <postalCode>79008</postalCode>
                <country>UKRAINE</country>
            </address>
        </creator>
        <creator>
            <individualName>
                <givenName>Kateryna</givenName>
                <surName>Hushtan</surName>
            </individualName>
            <organizationName>State Museum of Natural History, National Academy of Sciences of Ukraine</organizationName>
            <address>
                <deliveryPoint>18, Teatralna Str.</deliveryPoint>
                <city>Lviv</city>
                <administrativeArea>Lviv</administrativeArea>
                <postalCode>79008</postalCode>
                <country>UKRAINE</country>
            </address>
        </creator>
        <metadataProvider>
            <individualName>
                <givenName>Olexiy</givenName>
                <surName>Vasyliuk</surName>
            </individualName>
            <organizationName>I. I. Schmalhausen Institute of Zoology NAS of Ukraine</organizationName>
            <positionName>junior researcher</positionName>
            <address>
                <deliveryPoint>Vul. B. Khmelnytskogo, 15</deliveryPoint>
                <city>Kyiv</city>
                <postalCode>01030</postalCode>
                <country>UKRAINE</country>
            </address>
            <electronicMailAddress>vasyliuk@gmail.com</electronicMailAddress>
        </metadataProvider>
        <associatedParty>
            <individualName>
                <givenName>Oleksii</givenName>
                <surName>Marushchak</surName>
            </individualName>
            <organizationName>I. I. Schmalhausen Institute of Zoology NAS of Ukraine</organizationName>
            <positionName>junior researcher</positionName>
            <address>
                <deliveryPoint>Vul. B. Khmelnytskogo, 15</deliveryPoint>
                <city>Kyiv</city>
                <postalCode>01030</postalCode>
                <country>UKRAINE</country>
            </address>
            <phone>+380964882670</phone>
            <electronicMailAddress>ecopelobates@gmail.com</electronicMailAddress>
            <userId directory="https://orcid.org/">0000-0001-9380-5593</userId>
            <role>PROGRAMMER</role>
        </associatedParty>
        <pubDate>
                2024-09-22
        </pubDate>
        <language>ENGLISH</language>
        <abstract>
            The project &amp;#34;Open biodiversity data: serving nature conservation in Ukraine&amp;#34; is supported by the Rufford Foundation and is aimed on collecting data on biodiversity in Ukraine by specialists of the Ukrainian Nature Conservation Group (UNCG) for publication in GBIF. The project became especially relevant in connection with the invasion of Russian troops into Ukraine, which led to many threats to rare species in different parts of Ukraine.
        </abstract>
        <keywordSet>
            <keyword>biodiversity</keyword>
            <keyword>nature conservation</keyword>
            <keyword>fungi</keyword>
            <keyword>plants</keyword>
            <keyword>Ukraine</keyword>
            <keyword>animals</keyword>
            <keyword>Occurrence</keyword>
            <keyword>Rufford</keyword>
            <keywordThesaurus>GBIF Dataset Type Vocabulary: http://rs.gbif.org/vocabulary/gbif/dataset_type_2015-07-10.xml</keywordThesaurus>
        </keywordSet>
        <keywordSet>
            <keyword>Observation</keyword>
            <keywordThesaurus>GBIF Dataset Subtype Vocabulary: http://rs.gbif.org/vocabulary/gbif/dataset_subtype.xml</keywordThesaurus>
        </keywordSet>
        <intellectualRights>
            <para>This work is licensed under a <ulink url="http://creativecommons.org/licenses/by/4.0/legalcode"><citetitle>Creative Commons Attribution (CC-BY) 4.0 License</citetitle></ulink>.</para>
        </intellectualRights>
        <licensed>
            <licenseName>Creative Commons Attribution 4.0 International</licenseName>
            <url>https://spdx.org/licenses/CC-BY-4.0.html</url>
            <identifier>CC-BY-4.0</identifier>
        </licensed>
        <distribution scope="document">
            <online>
                <url function="information">https://l.facebook.com/l.php?u=https%3A%2F%2Fwww.rufford.org%2Fprojects%2Foleksii-vasyliuk%2Fopen-biodiversity-data-serving-nature-conservation-ukraine%2F%3Ffbclid%3DIwAR0f2hf2M2g7HBFe1yshwAp9-TXS_mwf-FbzzsfwgaNKW2O1koIbsx7FqSg&amp;h=AT3ki4mwCpTcJuSDqMDPlZhvrZhQzF-79P39S0AnZun64PQn9jbmv35EB0ky_5p7XlA_n6g1Obofm71a142N5ULfQ96L6sxMvP3IcapeQydJ0F_bSeFf5lq1LDSKXs6gQr07Iw</url>
            </online>
        </distribution>
        <distribution scope="document">
            <online>
                <url function="download">https://ukraine.ipt.gbif.no/archive.do?r=rufford2022</url>
            </online>
        </distribution>
        <coverage>
            <geographicCoverage>
                <geographicDescription>The dataset covers entire territory of Ukraine.</geographicDescription>
                <boundingCoordinates>
                    <westBoundingCoordinate>22.083</westBoundingCoordinate>
                    <eastBoundingCoordinate>40.166</eastBoundingCoordinate>
                    <northBoundingCoordinate>52.376</northBoundingCoordinate>
                    <southBoundingCoordinate>44.371</southBoundingCoordinate>
                </boundingCoordinates>
            </geographicCoverage>
            <taxonomicCoverage>
                <generalTaxonomicCoverage>The dataset includes findings of animals (Animalia), fungi (Fungi) and plants (Plantae).</generalTaxonomicCoverage>
                <taxonomicClassification>
                    <taxonRankName>Kingdom</taxonRankName>
                    <taxonRankValue>Animalia</taxonRankValue>
                </taxonomicClassification>
                <taxonomicClassification>
                    <taxonRankName>Kingdom</taxonRankName>
                    <taxonRankValue>Fungi</taxonRankValue>
                </taxonomicClassification>
                <taxonomicClassification>
                    <taxonRankName>Kingdom</taxonRankName>
                    <taxonRankValue>Plantae</taxonRankValue>
                </taxonomicClassification>
                <taxonomicClassification>
                    <taxonRankName>Phylum</taxonRankName>
                    <taxonRankValue>Tracheophyta</taxonRankValue>
                </taxonomicClassification>
                <taxonomicClassification>
                    <taxonRankName>Phylum</taxonRankName>
                    <taxonRankValue>Ascomycota</taxonRankValue>
                </taxonomicClassification>
                <taxonomicClassification>
                    <taxonRankName>Phylum</taxonRankName>
                    <taxonRankValue>Arthropoda</taxonRankValue>
                </taxonomicClassification>
                <taxonomicClassification>
                    <taxonRankName>Phylum</taxonRankName>
                    <taxonRankValue>Annelida</taxonRankValue>
                </taxonomicClassification>
                <taxonomicClassification>
                    <taxonRankName>Phylum</taxonRankName>
                    <taxonRankValue>Basidiomycota</taxonRankValue>
                </taxonomicClassification>
                <taxonomicClassification>
                    <taxonRankName>Phylum</taxonRankName>
                    <taxonRankValue>Chordata</taxonRankValue>
                </taxonomicClassification>
                <taxonomicClassification>
                    <taxonRankName>Phylum</taxonRankName>
                    <taxonRankValue>Mollusca</taxonRankValue>
                </taxonomicClassification>
            </taxonomicCoverage>
        </coverage>
        <maintenance>
            <description>
                <para></para>
            </description>
            <maintenanceUpdateFrequency>unkown</maintenanceUpdateFrequency>
        </maintenance>
        <contact>
            <individualName>
                <givenName>Olexiy</givenName>
                <surName>Vasyliuk</surName>
            </individualName>
            <organizationName>I. I. Schmalhausen Institute of Zoology NAS of Ukraine</organizationName>
            <positionName>junior researcher</positionName>
            <address>
                <deliveryPoint>Vul. B. Khmelnytskogo, 15</deliveryPoint>
                <city>Kyiv</city>
                <postalCode>01030</postalCode>
                <country>UKRAINE</country>
            </address>
            <electronicMailAddress>vasyliuk@gmail.com</electronicMailAddress>
        </contact>
        <methods>
            <methodStep>
                <description>
                    <para>Conducting of field research.</para>
                </description>
            </methodStep>
            <methodStep>
                <description>
                    <para>Species identification.</para>
                </description>
            </methodStep>
            <methodStep>
                <description>
                    <para>Georeferencing.</para>
                </description>
            </methodStep>
            <methodStep>
                <description>
                    <para>Organizing of the dataset according to the Darwin Core standards.</para>
                </description>
            </methodStep>
            <sampling>
                <studyExtent>
                    <description>
                        <para>During this project, participants organized expeditionary research and documented the presence of species in the areas identified by the project in the priority regions. The project territory covers all territories of Ukraine that remaone accessable during the period from 2020 to 2023. Each group of organisms had its own methodology of collecting of information.</para>
                    </description>
                </studyExtent>
                <samplingDescription>
                    <para>The species presence was recorded after their identification (visual, audial, based on derivative material).
Fungi and plant records have been made using route approach. All records were photographed, images stored in inaturalist.org.
Bat inventory was carried out using mist nest, settled up from 9PM to 1AM on the places where bat was actively flying - forest roads, gaps, edges. All the captured bats were released back to the wild after identification. Methods for recording of fungi and bat secies included:
1) route trips for fungi collection;
2) photographing fruit bodies, collecting specimens when it was needed for accurate identification;
3) passive capturing bats using 5-meter-long mist nets;
4) identification, description, and releasing animals.
Photos of fungi and plants available on inaturalist.org.
Standard methods of general faunal surveys were used during the field expeditions - from actual count and registration of the animals on the routes to the methods including special means of registration (photo traps, video cameras, bait traps, etc.).</para>
                </samplingDescription>
            </sampling>
            <qualityControl>
                <description>
                    <para>The authors are responsible for the quality of data provided within the dataset. All authors are speciealists in their specific group of living organisms (e.g. fungi, bats, herpetofauna, birds, insects etc.).</para>
                </description>
            </qualityControl>
        </methods>

            <project id="34873-1">
                <title>Open biodiversity data: serving Nature Conservation in Ukriane</title>
                <personnel>
                    <individualName>
                    <givenName>Olexiy</givenName>
                    <surName>Vasyliuk</surName>
                    </individualName>
                    <role>POINT_OF_CONTACT</role>
                </personnel>
                <abstract>
                    <para>The results of the project will be a backbone for establishment of new protected areas and Emerald Network sites, as well as for development of management plans for already existing protected areas. As a result, we will prepare documents for all the important sites identified and provide them directly to the Ministry of Environmental Protection of Ukraine. Our gathered data on the occurrences of protected species will facilitate the establishment of new protected areas.</para>
                </abstract>
                <funding>
                    <para>Rufford Foundation</para>
                </funding>
            </project>
    </dataset>

    <additionalMetadata>
        <metadata>
            <gbif>
                <dateStamp>2025-01-03T13:15:39Z</dateStamp>
                <citation>Marushchak O, Skorobogatov V, Vasyliuk O, Viter S, Marushchak M, Kuzemko A, Shynder O, Kavurka V, Nazarov N, Martynov O, Prokhorov O, Hleb R, Bezsmertna O, Kish R, Moysiyenko I, Haidash O, Rusin M, Volutsa O, Kuzio H, Prylutskyi O, Prylutska O, Hushtan H, Hushtan K (2024). Materials of the project &quot;Open biodiversity data: serving nature conservation in Ukraine&quot;. Version 1.14. Ukrainian Nature Conservation Group (NGO). Occurrence dataset https://doi.org/10.15468/95qy47 accessed via GBIF.org on 2025-01-03.</citation>
                <formationPeriod>2020/2023</formationPeriod>
            </gbif>
        </metadata>
    </additionalMetadata>
    </eml:eml>
