<?xml version="1.0" encoding="utf-8"?>
<eml:eml xmlns:eml="https://eml.ecoinformatics.org/eml-2.2.0" xmlns:xsi="http://www.w3.org/2001/XMLSchema-instance"
         xsi:schemaLocation="https://eml.ecoinformatics.org/eml-2.2.0 https://rs.gbif.org/schema/eml-gbif-profile/1.3/eml.xsd"
packageId="306f61f2-9ff0-404e-8aa6-a525a7fae369"  system="http://gbif.org" scope="system"
xml:lang="en">
    <dataset>
        <alternateIdentifier>10.15468/aw4q6q</alternateIdentifier>
        <alternateIdentifier>10.15468/r2rwih</alternateIdentifier>
        <title>Naturalis Biodiversity Center (NL) - Hemiptera</title>
        <creator>
            <individualName>
                <givenName>Charlotte</givenName>
                <surName>Hartong</surName>
            </individualName>
            <organizationName>Naturalis</organizationName>
            <positionName>Curator</positionName>
            <address>
                <deliveryPoint>PO Box 9517</deliveryPoint>
                <city>Leiden</city>
                <administrativeArea>Zuid Holland</administrativeArea>
                <postalCode>NL-2300 RA</postalCode>
                <country>NETHERLANDS</country>
            </address>
            <phone>+31.71.7519600</phone>
            <electronicMailAddress>frontofficecollectie@naturalis.nl</electronicMailAddress>
            <onlineUrl>https://naturalis.nl/en/collection/</onlineUrl>
        </creator>
        <creator>
            <individualName>
                <givenName>Luc</givenName>
                <surName>Willemse</surName>
            </individualName>
            <organizationName>Naturalis Biodiversity Center</organizationName>
            <positionName>Data manager</positionName>
            <address>
                <deliveryPoint>PO Box 9517</deliveryPoint>
                <city>Leiden</city>
                <administrativeArea>Zuid Holland</administrativeArea>
                <postalCode>NL-2300 RA</postalCode>
                <country>NETHERLANDS</country>
            </address>
            <electronicMailAddress>frontofficecollectie@naturalis.nl</electronicMailAddress>
        </creator>
        <creator>
            <individualName>
                <givenName>Jeroen</givenName>
                <surName>Creuwels</surName>
            </individualName>
            <organizationName>Naturalis Biodiversity Center</organizationName>
            <positionName>Data manager</positionName>
            <address>
                <deliveryPoint>PO Box 9517</deliveryPoint>
                <city>Leiden</city>
                <administrativeArea>Zuid Holland</administrativeArea>
                <postalCode>NL-2300 RA</postalCode>
                <country>NETHERLANDS</country>
            </address>
            <userId directory="http://orcid.org/">0000-0001-6131-7026</userId>
        </creator>
        <metadataProvider>
            <individualName>
                <givenName>Charlotte</givenName>
                <surName>Hartong</surName>
            </individualName>
            <organizationName>Naturalis</organizationName>
            <positionName>Curator</positionName>
            <address>
                <deliveryPoint>PO Box 9517</deliveryPoint>
                <city>Leiden</city>
                <administrativeArea>Zuid Holland</administrativeArea>
                <postalCode>NL-2300 RA</postalCode>
                <country>NETHERLANDS</country>
            </address>
            <phone>+31.71.7519600</phone>
            <electronicMailAddress>frontofficecollectie@naturalis.nl</electronicMailAddress>
            <onlineUrl>https://naturalis.nl/en/collection/</onlineUrl>
        </metadataProvider>
        <metadataProvider>
            <individualName>
                <givenName>Luc</givenName>
                <surName>Willemse</surName>
            </individualName>
            <organizationName>Naturalis</organizationName>
            <positionName>Curator</positionName>
            <address>
                <deliveryPoint>PO Box 9517</deliveryPoint>
                <city>Leiden</city>
                <administrativeArea>Zuid Holland</administrativeArea>
                <postalCode>NL-2300 RA</postalCode>
                <country>NETHERLANDS</country>
            </address>
            <phone>+31.71.7519600</phone>
            <electronicMailAddress>frontofficecollectie@naturalis.nl</electronicMailAddress>
            <onlineUrl>https://naturalis.nl/en/collection/</onlineUrl>
        </metadataProvider>
        <pubDate>
                2024-12-11
        </pubDate>
        <language>en</language>
        <abstract>
            <para>Database contains specimen records from the Hemiptera collection of the Naturalis Biodiversity Center (Leiden, Netherlands). These specimens originate from the collections of the National Museum of Natural History (RMNH; Rijksmuseum voor Natuurlijke Historie), later National Museum of Natural History, Naturalis in Leiden and of the former Zoological Museum Amsterdam (ZMA). On request more information can be provided.
            </para>
        </abstract>
        <keywordSet>
            <keyword>Occurrence</keyword>
            <keywordThesaurus>GBIF Dataset Type Vocabulary: http://rs.gbif.org/vocabulary/gbif/dataset_type.xml</keywordThesaurus>
        </keywordSet>
        <keywordSet>
            <keyword>Specimen</keyword>
            <keywordThesaurus>GBIF Dataset Subtype Vocabulary: http://rs.gbif.org/vocabulary/gbif/dataset_subtype.xml</keywordThesaurus>
        </keywordSet>
        <intellectualRights>
            <para>To the extent possible under law, the publisher has waived all rights to these data and has dedicated them to the <ulink url="http://creativecommons.org/publicdomain/zero/1.0/legalcode"><citetitle>Public Domain (CC0 1.0)</citetitle></ulink>. Users may copy, modify, distribute and use the work, including for commercial purposes, without restriction.</para>
        </intellectualRights>
        <licensed>
            <licenseName>Creative Commons Zero v1.0 Universal</licenseName>
            <url>https://spdx.org/licenses/CC0-1.0.html</url>
            <identifier>CC0-1.0</identifier>
        </licensed>
        <distribution scope="document">
            <online>
                <url function="download">https://api.biodiversitydata.nl/v2/specimen/dwca/getDataSet/odonata</url>
            </online>
        </distribution>
        <coverage>
            <geographicCoverage>
                <geographicDescription>Global coverage</geographicDescription>
                <boundingCoordinates>
                    <westBoundingCoordinate>-180</westBoundingCoordinate>
                    <eastBoundingCoordinate>180</eastBoundingCoordinate>
                    <northBoundingCoordinate>90</northBoundingCoordinate>
                    <southBoundingCoordinate>-90</southBoundingCoordinate>
                </boundingCoordinates>
            </geographicCoverage>
        </coverage>
        <contact>
            <individualName>
                <givenName>Charlotte</givenName>
                <surName>Hartong</surName>
            </individualName>
            <organizationName>Naturalis</organizationName>
            <positionName>Curator</positionName>
            <address>
                <deliveryPoint>PO Box 9517</deliveryPoint>
                <city>Leiden</city>
                <administrativeArea>Zuid Holland</administrativeArea>
                <postalCode>NL-2300 RA</postalCode>
                <country>NETHERLANDS</country>
            </address>
            <phone>+31.71.7519600</phone>
            <electronicMailAddress>frontofficecollectie@naturalis.nl</electronicMailAddress>
            <onlineUrl>https://naturalis.nl/en/collection/</onlineUrl>
        </contact>

    </dataset>

    <additionalMetadata>
        <metadata>
            <gbif>
                <dateStamp>2025-01-03T13:15:41Z</dateStamp>
                <citation>Hartong C, Willemse L, Creuwels J (2024). Naturalis Biodiversity Center (NL) - Hemiptera. Naturalis Biodiversity Center. Occurrence dataset https://doi.org/10.15468/aw4q6q accessed via GBIF.org on 2025-01-03.</citation>
                <resourceLogoUrl>http://ipt.nlbif.nl/resources/logo_Naturalis_rood.png</resourceLogoUrl>
            </gbif>
        </metadata>
    </additionalMetadata>
    </eml:eml>
