<?xml version="1.0" encoding="utf-8"?>
<eml:eml xmlns:eml="https://eml.ecoinformatics.org/eml-2.2.0" xmlns:xsi="http://www.w3.org/2001/XMLSchema-instance"
         xsi:schemaLocation="https://eml.ecoinformatics.org/eml-2.2.0 https://rs.gbif.org/schema/eml-gbif-profile/1.3/eml.xsd"
packageId="33591b80-0e31-480c-82ce-2f57211b10e6"  system="http://gbif.org" scope="system"
xml:lang="en">
    <dataset>
        <alternateIdentifier>10.15468/k1pumk</alternateIdentifier>
        <alternateIdentifier>https://gbif.vm.ntnu.no/resource?r=benthic_invertebrates_biogeographical_mapping_ntnu_university_museum</alternateIdentifier>
        <alternateIdentifier>33591b80-0e31-480c-82ce-2f57211b10e6</alternateIdentifier>
        <alternateIdentifier>https://gbif.vm.ntnu.no/ipt/resource?r=benthic_invertebrates_biogeographical_mapping_ntnu_university_museum</alternateIdentifier>
        <title>Freshwater benthic invertebrates ecological collection NTNU University Museum</title>
        <creator>
            <individualName>
                <givenName>Karstein</givenName>
                <surName>Hårsaker</surName>
            </individualName>
            <organizationName>NTNU University Museum</organizationName>
            <positionName>Collection manager</positionName>
            <address>
                <city>Trondheim</city>
                <postalCode>NO-7491</postalCode>
                <country>NORWAY</country>
            </address>
            <electronicMailAddress>karstein.harsaker@ntnu.no</electronicMailAddress>
            <userId directory="https://orcid.org/">0000-0002-2490-2848</userId>
        </creator>
        <creator>
            <individualName>
                <givenName>Marc</givenName>
                <surName>Daverdin</surName>
            </individualName>
            <organizationName>NTNU University Museum</organizationName>
            <positionName>Engineer</positionName>
            <address>
                <city>Trondheim</city>
                <postalCode>NO-7491</postalCode>
                <country>NORWAY</country>
            </address>
            <electronicMailAddress>marc.daverdin@ntnu.no</electronicMailAddress>
        </creator>
        <creator>
            <individualName>
                <givenName>Gaute</givenName>
                <surName>Kjærstad</surName>
            </individualName>
            <organizationName>NTNU University Museum</organizationName>
            <positionName>Researcher</positionName>
            <address>
                <city>Trondheim</city>
                <postalCode>NO-7491</postalCode>
                <country>NORWAY</country>
            </address>
            <electronicMailAddress>gaute.kjarstad@ntnu.no</electronicMailAddress>
            <userId directory="https://orcid.org/">0000-0001-8900-219X</userId>
        </creator>
        <metadataProvider>
            <individualName>
                <givenName>Marc</givenName>
                <surName>Daverdin</surName>
            </individualName>
            <organizationName>NTNU University Museum</organizationName>
            <positionName>Staff engineer</positionName>
            <address>
                <city>Trondheim</city>
                <postalCode>NO-7491</postalCode>
                <country>NORWAY</country>
            </address>
            <electronicMailAddress>marc.daverdin@ntnu.no</electronicMailAddress>
        </metadataProvider>
        <associatedParty>
            <individualName>
                <givenName>Marc</givenName>
                <surName>Daverdin</surName>
            </individualName>
            <electronicMailAddress>marc.daverdin@ntnu.no</electronicMailAddress>
            <role>USER</role>
        </associatedParty>
        <pubDate>
                2025-01-03
        </pubDate>
        <language>ENGLISH</language>
        <abstract>
            <para>The freshwater benthic invertebrates’ collection at the NTNU University Museum dates back to 1962. Its material has been mainly collected in connection with regional mapping of species and nature types as well as effects of anthropogenic impacts, e.g. hydropower regulation, rotenone treatment and metal mine contamination.
Todays’ collection covers the taxonomical groups Annelida, Coleoptera, Diptera, Ephemeroptera, Hemiptera, Neuroptera, Odonata, Plecoptera, Trichoptera, Acari, Crustacea, Mollusca and represents more than 450 species. 
The geographic coverage is essentially mid and northern Norway; the collection has been sampled from more than 1490 localities (rivers, streams, lakes and ponds) with more than 29600 sampling events.</para>
        </abstract>
        <keywordSet>
            <keyword>Occurrence</keyword>
            <keywordThesaurus>GBIF Dataset Type Vocabulary: http://rs.gbif.org/vocabulary/gbif/dataset_type.xml</keywordThesaurus>
        </keywordSet>
        <keywordSet>
            <keyword>Samplingevent</keyword>
            <keywordThesaurus>GBIF Dataset Type Vocabulary: http://rs.gbif.org/vocabulary/gbif/dataset_type_2015-07-10.xml</keywordThesaurus>
        </keywordSet>
        <keywordSet>
            <keyword>Specimen</keyword>
            <keywordThesaurus>GBIF Dataset Subtype Vocabulary: http://rs.gbif.org/vocabulary/gbif/dataset_subtype.xml</keywordThesaurus>
        </keywordSet>
        <intellectualRights>
            <para>This work is licensed under a <ulink url="http://creativecommons.org/licenses/by/4.0/legalcode"><citetitle>Creative Commons Attribution (CC-BY) 4.0 License</citetitle></ulink>.</para>
        </intellectualRights>
        <licensed>
            <licenseName>Creative Commons Attribution 4.0 International</licenseName>
            <url>https://spdx.org/licenses/CC-BY-4.0.html</url>
            <identifier>CC-BY-4.0</identifier>
        </licensed>
        <distribution scope="document">
            <online>
                <url function="download">https://gbif.vm.ntnu.no/archive.do?r=benthic_invertebrates_biogeographical_mapping_ntnu_university_museum</url>
            </online>
        </distribution>
        <maintenance>
            <description>
                <para></para>
            </description>
            <maintenanceUpdateFrequency>daily</maintenanceUpdateFrequency>
        </maintenance>
        <contact>
            <individualName>
                <givenName>Karstein</givenName>
                <surName>Hårsaker</surName>
            </individualName>
            <organizationName>NTNU University Museum</organizationName>
            <positionName>Collection manager</positionName>
            <address>
                <city>Trondheim</city>
                <postalCode>NO-7491</postalCode>
                <country>NORWAY</country>
            </address>
            <electronicMailAddress>karstein.harsaker@ntnu.no</electronicMailAddress>
            <userId directory="https://orcid.org/">0000-0002-2490-2848</userId>
        </contact>
        <contact>
            <individualName>
                <givenName>Gaute</givenName>
                <surName>Kjærstad</surName>
            </individualName>
            <organizationName>NTNU University Museum</organizationName>
            <positionName>Researcher</positionName>
            <address>
                <city>Trondheim</city>
                <postalCode>NO-7491</postalCode>
                <country>NORWAY</country>
            </address>
            <electronicMailAddress>gaute.kjarstad@ntnu.no</electronicMailAddress>
            <userId directory="https://orcid.org/">0000-0001-8900-219X</userId>
        </contact>

    </dataset>

    <additionalMetadata>
        <metadata>
            <gbif>
                <dateStamp>2025-01-03T13:15:50Z</dateStamp>
                <citation>Hårsaker K, Daverdin M, Kjærstad G (2025). Freshwater benthic invertebrates ecological collection NTNU University Museum. Version 1.1058. Norwegian University of Science and Technology. Sampling event dataset https://doi.org/10.15468/k1pumk accessed via GBIF.org on 2025-01-03.</citation>
                <resourceLogoUrl>https://gbif.vm.ntnu.no/ipt/logo.do?r=benthic_invertebrates_biogeographical_mapping_ntnu_university_museum</resourceLogoUrl>
            </gbif>
        </metadata>
    </additionalMetadata>
    </eml:eml>
