<?xml version="1.0" encoding="utf-8"?>
<eml:eml xmlns:eml="https://eml.ecoinformatics.org/eml-2.2.0" xmlns:xsi="http://www.w3.org/2001/XMLSchema-instance"
         xsi:schemaLocation="https://eml.ecoinformatics.org/eml-2.2.0 https://rs.gbif.org/schema/eml-gbif-profile/1.3/eml.xsd"
packageId="3580c8a0-33eb-40ac-b172-995854622428"  system="http://gbif.org" scope="system"
xml:lang="en">
    <dataset>
        <alternateIdentifier>10.15468/snyq2x</alternateIdentifier>
        <alternateIdentifier>3580c8a0-33eb-40ac-b172-995854622428</alternateIdentifier>
        <alternateIdentifier>https://data.freshwaterbiodiversity.eu/ipt/resource?r=fwm_38</alternateIdentifier>
        <title>Biodiversity data of gravel pit lakes in Northern Germany</title>
        <creator>
            <individualName>
                <givenName>Sven</givenName>
                <surName>Matern</surName>
            </individualName>
            <organizationName>Potsdam Institute of Inland Fisheries</organizationName>
            <positionName>scientist</positionName>
            <address>
                <deliveryPoint>Im Königswald 2</deliveryPoint>
                <city>Potsdam</city>
                <postalCode>14469</postalCode>
                <country>GERMANY</country>
            </address>
            <phone>+49 (0)33201 406 69</phone>
            <electronicMailAddress>sven.matern@ifb-potsdam.de</electronicMailAddress>
            <onlineUrl>https://www.ifb-potsdam.de</onlineUrl>
            <userId directory="https://orcid.org/">0000-0002-6762-7612</userId>
        </creator>
        <creator>
            <individualName>
                <givenName>Robert</givenName>
                <surName>Nikolaus</surName>
            </individualName>
            <organizationName>Oberschule Neuenhagen</organizationName>
            <positionName>scientist</positionName>
            <address>
                <country>GERMANY</country>
            </address>
            <electronicMailAddress>nikolaus.klosterdorf@outlook.de</electronicMailAddress>
            <userId directory="https://orcid.org/">0000-0002-6639-2743</userId>
        </creator>
        <creator>
            <individualName>
                <givenName>Malwina</givenName>
                <surName>Schafft</surName>
            </individualName>
            <organizationName>Leibniz Institute of Freshwater Ecology and Inland Fisheries (IGB)</organizationName>
            <positionName>scientist</positionName>
            <address>
                <country>GERMANY</country>
            </address>
            <electronicMailAddress>malwina.schafft@igb-berlin.de</electronicMailAddress>
            <userId directory="https://orcid.org/">0000-0003-0633-4063</userId>
        </creator>
        <creator>
            <individualName>
                <givenName>Thomas</givenName>
                <surName>Klefoth</surName>
            </individualName>
            <organizationName>Hochschule Bremen, City University of Applied Sciences</organizationName>
            <positionName>scientist</positionName>
            <address>
                <country>GERMANY</country>
            </address>
            <electronicMailAddress>thomas.klefoth@hs-bremen.de</electronicMailAddress>
            <userId directory="https://orcid.org/">0000-0003-3659-5336</userId>
        </creator>
        <creator>
            <individualName>
                <givenName>Matthias</givenName>
                <surName>Emmrich</surName>
            </individualName>
            <organizationName>Angler Association of Lower Saxony in Hannover</organizationName>
            <positionName>scientist</positionName>
            <address>
                <country>GERMANY</country>
            </address>
            <electronicMailAddress>m.emmrich@av-nds.de</electronicMailAddress>
        </creator>
        <creator>
            <individualName>
                <givenName>Andreas</givenName>
                <surName>Maday</surName>
            </individualName>
            <organizationName>Angler Association of Lower Saxony in Hannover</organizationName>
            <positionName>scientist</positionName>
            <address>
                <country>GERMANY</country>
            </address>
            <electronicMailAddress>a.maday@av-nds.de</electronicMailAddress>
            <userId directory="https://orcid.org/">0000-0002-0092-8744</userId>
        </creator>
        <creator>
            <individualName>
                <givenName>Steffen</givenName>
                <surName>Bader</surName>
            </individualName>
            <organizationName>Fischereiforschungsstelle Baden-Württemberg</organizationName>
            <positionName>scientist</positionName>
            <address>
                <country>GERMANY</country>
            </address>
            <electronicMailAddress>steffen.bader@lazbw.bwl.de</electronicMailAddress>
        </creator>
        <creator>
            <individualName>
                <givenName>Christian</givenName>
                <surName>Wolter</surName>
            </individualName>
            <organizationName>Leibniz Institute of Freshwater Ecology and Inland Fisheries (IGB)</organizationName>
            <positionName>scientist</positionName>
            <address>
                <country>GERMANY</country>
            </address>
            <electronicMailAddress>christian.wolter@igb-berlin.de</electronicMailAddress>
            <userId directory="https://orcid.org/">0000-0002-2819-2900</userId>
        </creator>
        <creator>
            <individualName>
                <givenName>Daniel</givenName>
                <surName>Hering</surName>
            </individualName>
            <organizationName>University of Duisburg-Essen</organizationName>
            <positionName>scientist</positionName>
            <address>
                <country>GERMANY</country>
            </address>
            <electronicMailAddress>daniel.hering@uni-due.de</electronicMailAddress>
            <userId directory="https://orcid.org/">0000-0002-5436-4753</userId>
        </creator>
        <creator>
            <individualName>
                <givenName>Alessandro</givenName>
                <surName>Manfrin</surName>
            </individualName>
            <organizationName>University of Koblenz-Landau, Institute for Environmental Sciences</organizationName>
            <positionName>scientist</positionName>
            <address>
                <country>GERMANY</country>
            </address>
            <electronicMailAddress>manfrin@uni-landau.de</electronicMailAddress>
            <userId directory="https://orcid.org/">0000-0001-5259-980X</userId>
        </creator>
        <creator>
            <individualName>
                <givenName>Robert</givenName>
                <surName>Arlinghaus</surName>
            </individualName>
            <organizationName>Leibniz Institute of Freshwater Ecology and Inland Fisheries (IGB)</organizationName>
            <positionName>Professor</positionName>
            <address>
                <deliveryPoint>Müggelseedamm 310</deliveryPoint>
                <city>Berlin</city>
                <postalCode>12587</postalCode>
                <country>GERMANY</country>
            </address>
            <phone>+49 (0)30 64181 653</phone>
            <electronicMailAddress>robert.arlinghaus@igb-berlin.de</electronicMailAddress>
            <onlineUrl>https://www.igb-berlin.de/en</onlineUrl>
            <userId directory="https://orcid.org/">0000-0003-2861-527X</userId>
        </creator>
        <metadataProvider>
            <individualName>
                <givenName>Sven</givenName>
                <surName>Matern</surName>
            </individualName>
            <organizationName>Potsdam Institute of Inland Fisheries</organizationName>
            <positionName>scientist</positionName>
            <address>
                <deliveryPoint>Im Königswald 2</deliveryPoint>
                <city>Potsdam</city>
                <postalCode>14469</postalCode>
                <country>GERMANY</country>
            </address>
            <phone>+49 (0)33201 406 69</phone>
            <electronicMailAddress>sven.matern@ifb-potsdam.de</electronicMailAddress>
            <onlineUrl>https://www.ifb-potsdam.de</onlineUrl>
            <userId directory="https://orcid.org/">0000-0002-6762-7612</userId>
        </metadataProvider>
        <metadataProvider>
            <individualName>
                <givenName>Robert</givenName>
                <surName>Nikolaus</surName>
            </individualName>
            <organizationName>Oberschule Neuenhagen</organizationName>
            <positionName>scientist</positionName>
            <address>
                <country>GERMANY</country>
            </address>
            <electronicMailAddress>nikolaus.klosterdorf@outlook.de</electronicMailAddress>
            <userId directory="https://orcid.org/">0000-0002-6639-2743</userId>
        </metadataProvider>
        <associatedParty>
            <individualName>
                <givenName>Robert</givenName>
                <surName>Nikolaus</surName>
            </individualName>
            <organizationName>Oberschule Neuenhagen</organizationName>
            <positionName>scientist</positionName>
            <address>
                <country>GERMANY</country>
            </address>
            <electronicMailAddress>nikolaus.klosterdorf@outlook.de</electronicMailAddress>
            <userId directory="https://orcid.org/">0000-0002-6639-2743</userId>
            <role>CONTENT_PROVIDER</role>
        </associatedParty>
        <associatedParty>
            <individualName>
                <givenName>Robert</givenName>
                <surName>Arlinghaus</surName>
            </individualName>
            <organizationName>Leibniz Institute of Freshwater Ecology and Inland Fisheries (IGB)</organizationName>
            <positionName>Professor</positionName>
            <address>
                <deliveryPoint>Müggelseedamm 310</deliveryPoint>
                <city>Berlin</city>
                <postalCode>12587</postalCode>
                <country>GERMANY</country>
            </address>
            <phone>+49 (0)30 64181 653</phone>
            <electronicMailAddress>robert.arlinghaus@igb-berlin.de</electronicMailAddress>
            <onlineUrl>https://www.igb-berlin.de/en</onlineUrl>
            <userId directory="https://orcid.org/">0000-0003-2861-527X</userId>
            <role>PRINCIPAL_INVESTIGATOR</role>
        </associatedParty>
        <associatedParty>
            <individualName>
                <givenName>Sven</givenName>
                <surName>Matern</surName>
            </individualName>
            <organizationName>Institute of Inland Fisheries Research e.V. Potsdam-Sacrow</organizationName>
            <positionName>scientist</positionName>
            <address>
                <country>GERMANY</country>
            </address>
            <electronicMailAddress>sven.matern@ifb-potsdam.de</electronicMailAddress>
            <userId directory="https://orcid.org/">0000-0002-6762-7612</userId>
            <role>CONTENT_PROVIDER</role>
        </associatedParty>
        <associatedParty>
            <individualName>
                <givenName>Malwina</givenName>
                <surName>Schafft</surName>
            </individualName>
            <organizationName>Leibniz Institute of Freshwater Ecology and Inland Fisheries (IGB)</organizationName>
            <positionName>scientist</positionName>
            <address>
                <country>GERMANY</country>
            </address>
            <electronicMailAddress>malwina.schafft@igb-berlin.de</electronicMailAddress>
            <userId directory="https://orcid.org/">0000-0003-0633-4063</userId>
            <role>CONTENT_PROVIDER</role>
        </associatedParty>
        <associatedParty>
            <individualName>
                <givenName>Thomas</givenName>
                <surName>Klefoth</surName>
            </individualName>
            <organizationName>Hochschule Bremen, City University of Applied Sciences</organizationName>
            <positionName>scientist</positionName>
            <address>
                <country>GERMANY</country>
            </address>
            <electronicMailAddress>thomas.klefoth@hs-bremen.de</electronicMailAddress>
            <userId directory="https://orcid.org/">0000-0003-3659-5336</userId>
            <role>CONTENT_PROVIDER</role>
        </associatedParty>
        <associatedParty>
            <individualName>
                <givenName>Matthias</givenName>
                <surName>Emmrich</surName>
            </individualName>
            <organizationName>Angler Association of Lower Saxony</organizationName>
            <positionName>scientist</positionName>
            <address>
                <city>Hannover</city>
                <country>GERMANY</country>
            </address>
            <electronicMailAddress>m.emmrich@av-nds.de</electronicMailAddress>
            <role>CONTENT_PROVIDER</role>
        </associatedParty>
        <associatedParty>
            <individualName>
                <givenName>Andreas</givenName>
                <surName>Maday</surName>
            </individualName>
            <organizationName>Angler Association of Lower Saxony</organizationName>
            <positionName>scientist</positionName>
            <address>
                <city>Hannover</city>
                <country>GERMANY</country>
            </address>
            <electronicMailAddress>a.maday@av-nds.de</electronicMailAddress>
            <userId directory="https://orcid.org/">0000-0002-0092-8744</userId>
            <role>CONTENT_PROVIDER</role>
        </associatedParty>
        <associatedParty>
            <individualName>
                <givenName>Steffen</givenName>
                <surName>Bader</surName>
            </individualName>
            <organizationName>Fischereiforschungsstelle Baden-Württemberg</organizationName>
            <positionName>scientist</positionName>
            <address>
                <country>GERMANY</country>
            </address>
            <electronicMailAddress>steffen.bader@lazbw.bwl.de</electronicMailAddress>
            <role>CONTENT_PROVIDER</role>
        </associatedParty>
        <associatedParty>
            <individualName>
                <givenName>Christian</givenName>
                <surName>Wolter</surName>
            </individualName>
            <organizationName>Leibniz Institute of Freshwater Ecology and Inland Fisheries (IGB)</organizationName>
            <positionName>scientist</positionName>
            <address>
                <country>GERMANY</country>
            </address>
            <electronicMailAddress>christian.wolter@igb-berlin.de</electronicMailAddress>
            <userId directory="https://orcid.org/">0000-0002-2819-2900</userId>
            <role>CONTENT_PROVIDER</role>
        </associatedParty>
        <associatedParty>
            <individualName>
                <givenName>Daniel</givenName>
                <surName>Hering</surName>
            </individualName>
            <organizationName>University of Duisburg-Essen</organizationName>
            <positionName>scientist</positionName>
            <address>
                <country>GERMANY</country>
            </address>
            <userId directory="https://orcid.org/">0000-0002-5436-4753</userId>
            <role>CONTENT_PROVIDER</role>
        </associatedParty>
        <associatedParty>
            <individualName>
                <givenName>Alessandro</givenName>
                <surName>Manfrin</surName>
            </individualName>
            <organizationName>University of Koblenz-Landau, Institute for Environmental Sciences</organizationName>
            <positionName>scientist</positionName>
            <address>
                <country>GERMANY</country>
            </address>
            <electronicMailAddress>manfrin@uni-landau.de</electronicMailAddress>
            <userId directory="https://orcid.org/">0000-0001-5259-980X</userId>
            <role>CONTENT_PROVIDER</role>
        </associatedParty>
        <associatedParty>
            <individualName>
                <givenName>Robert</givenName>
                <surName>Arlinghaus</surName>
            </individualName>
            <organizationName>Leibniz Institute of Freshwater Ecology and Inland Fisheries (IGB)</organizationName>
            <positionName>Professor</positionName>
            <address>
                <deliveryPoint>Müggelseedamm 310</deliveryPoint>
                <city>Berlin</city>
                <postalCode>12587</postalCode>
                <country>GERMANY</country>
            </address>
            <phone>+49 (0)30 64181 653</phone>
            <electronicMailAddress>robert.arlinghaus@igb-berlin.de</electronicMailAddress>
            <onlineUrl>https://www.igb-berlin.de/en</onlineUrl>
            <userId directory="https://orcid.org/">0000-0003-2861-527X</userId>
            <role>CONTENT_PROVIDER</role>
        </associatedParty>
        <pubDate>
                2023-08-16
        </pubDate>
        <language>ENGLISH</language>
        <abstract>
            This dataset contains information on species presence in and at lakes in Northern Germany. Most of the lakes are gravel pit lakes. All lakes that contain &amp;#34;fish data&amp;#34; only are natural lakes (N&amp;#61;6). Depending on lake and biological taxa, lakes were sampled several times. This datasheet contains information on species presence from the first sampling event to represent roughly equal sampling efforts between the lakes. The complete database with all sampling events is available via www.fred.igb-berlin.de (DOI: 10.18728/igb-fred-807.0)

Detailed metadata can be found in the Freshwater Metadatabase (http://data.freshwaterbiodiversity.eu/metadb/bf_mdb_view.php?entryID&amp;#61;FWM_38) and in the Freshwater Metadata Journal (https://doi.org/10.15504/fmj.2023.53).
        </abstract>
        <keywordSet>
            <keyword>macrozoobenthos</keyword>
            <keyword>biodiversity</keyword>
            <keyword>riparian vegetation</keyword>
            <keyword>dragonflies</keyword>
            <keyword>crayfish</keyword>
            <keyword>fish</keyword>
            <keyword>macrophytes</keyword>
            <keyword>lakes</keyword>
            <keyword>birds</keyword>
            <keyword>gravel pit lake</keyword>
            <keyword>amphibians</keyword>
            <keywordThesaurus>N/A</keywordThesaurus>
        </keywordSet>
        <keywordSet>
            <keyword>Biological Classification</keyword>
            <keyword>Biosphere</keyword>
            <keyword>Terrestrial Hydrosphere</keyword>
            <keywordThesaurus>GCMD</keywordThesaurus>
        </keywordSet>
        <keywordSet>
            <keyword>Inland Waters</keyword>
            <keyword>Biota</keyword>
            <keywordThesaurus>ISO 19115</keywordThesaurus>
        </keywordSet>
        <keywordSet>
            <keyword>Occurrence</keyword>
            <keywordThesaurus>GBIF Dataset Type Vocabulary: http://rs.gbif.org/vocabulary/gbif/dataset_type_2015-07-10.xml</keywordThesaurus>
        </keywordSet>
        <keywordSet>
            <keyword>Observation</keyword>
            <keywordThesaurus>GBIF Dataset Subtype Vocabulary: http://rs.gbif.org/vocabulary/gbif/dataset_subtype.xml</keywordThesaurus>
        </keywordSet>
        <keywordSet>
            <keyword>Species distribution</keyword>
            <keywordThesaurus>INSPIRE/GEMET</keywordThesaurus>
        </keywordSet>
        <intellectualRights>
            <para>This work is licensed under a <ulink url="http://creativecommons.org/licenses/by/4.0/legalcode"><citetitle>Creative Commons Attribution (CC-BY) 4.0 License</citetitle></ulink>.</para>
        </intellectualRights>
        <licensed>
            <licenseName>Creative Commons Attribution 4.0 International</licenseName>
            <url>https://spdx.org/licenses/CC-BY-4.0.html</url>
            <identifier>CC-BY-4.0</identifier>
        </licensed>
        <distribution scope="document">
            <online>
                <url function="information">https://fred.igb-berlin.de/data/package/807</url>
            </online>
        </distribution>
        <distribution scope="document">
            <online>
                <url function="download">https://data.freshwaterbiodiversity.eu/ipt/archive.do?r=fwm_38</url>
            </online>
        </distribution>
        <coverage>
            <geographicCoverage>
                <geographicDescription>regional coverage
maximum altitude: 110.5 m
minimum altitude: -0.9 m</geographicDescription>
                <boundingCoordinates>
                    <westBoundingCoordinate>7.24</westBoundingCoordinate>
                    <eastBoundingCoordinate>13.59</eastBoundingCoordinate>
                    <northBoundingCoordinate>53.62</northBoundingCoordinate>
                    <southBoundingCoordinate>52.01</southBoundingCoordinate>
                </boundingCoordinates>
            </geographicCoverage>
            <temporalCoverage>
                <rangeOfDates>
                    <beginDate>
                        <calendarDate>                2016-01-01
</calendarDate>
                    </beginDate>
                    <endDate>
                        <calendarDate>                2020-01-01
</calendarDate>
                    </endDate>
                </rangeOfDates>
            </temporalCoverage>
            <taxonomicCoverage>
                <generalTaxonomicCoverage>Most taxa are on species levels; for some groups some taxa are identified on genus or family level.</generalTaxonomicCoverage>
                <taxonomicClassification>
                    <taxonRankName>Species</taxonRankName>
                    <taxonRankValue>Water birds</taxonRankValue>
                </taxonomicClassification>
                <taxonomicClassification>
                    <taxonRankName>Species</taxonRankName>
                    <taxonRankValue>Amphibians</taxonRankValue>
                </taxonomicClassification>
                <taxonomicClassification>
                    <taxonRankName>Species</taxonRankName>
                    <taxonRankValue>Fish</taxonRankValue>
                </taxonomicClassification>
                <taxonomicClassification>
                    <taxonRankName>Species</taxonRankName>
                    <taxonRankValue>Macro invertebrates</taxonRankValue>
                </taxonomicClassification>
                <taxonomicClassification>
                    <taxonRankName>Species</taxonRankName>
                    <taxonRankValue>Mollusca</taxonRankValue>
                </taxonomicClassification>
                <taxonomicClassification>
                    <taxonRankName>Species</taxonRankName>
                    <taxonRankValue>Crayfish</taxonRankValue>
                </taxonomicClassification>
                <taxonomicClassification>
                    <taxonRankName>Species</taxonRankName>
                    <taxonRankValue>Ephemeroptera</taxonRankValue>
                </taxonomicClassification>
                <taxonomicClassification>
                    <taxonRankName>Species</taxonRankName>
                    <taxonRankValue>Odonata</taxonRankValue>
                </taxonomicClassification>
                <taxonomicClassification>
                    <taxonRankName>Species</taxonRankName>
                    <taxonRankValue>Coleoptera</taxonRankValue>
                </taxonomicClassification>
                <taxonomicClassification>
                    <taxonRankName>Species</taxonRankName>
                    <taxonRankValue>Trichoptera</taxonRankValue>
                </taxonomicClassification>
                <taxonomicClassification>
                    <taxonRankName>Species</taxonRankName>
                    <taxonRankValue>Chironomidae</taxonRankValue>
                </taxonomicClassification>
                <taxonomicClassification>
                    <taxonRankName>Species</taxonRankName>
                    <taxonRankValue>Macrophytes</taxonRankValue>
                </taxonomicClassification>
                <taxonomicClassification>
                    <taxonRankName>Species</taxonRankName>
                    <taxonRankValue>Angiosperms</taxonRankValue>
                </taxonomicClassification>
                <taxonomicClassification>
                    <taxonRankName>Species</taxonRankName>
                    <taxonRankValue>riparian vegetation</taxonRankValue>
                </taxonomicClassification>
            </taxonomicCoverage>
        </coverage>
        <maintenance>
            <description>
                <para></para>
            </description>
            <maintenanceUpdateFrequency>notPlanned</maintenanceUpdateFrequency>
        </maintenance>
        <contact>
            <individualName>
                <givenName>Robert</givenName>
                <surName>Arlinghaus</surName>
            </individualName>
            <organizationName>Leibniz Institute of Freshwater Ecology and Inland Fisheries (IGB)</organizationName>
            <positionName>Professor</positionName>
            <address>
                <deliveryPoint>Müggelseedamm 310</deliveryPoint>
                <city>Berlin</city>
                <postalCode>12587</postalCode>
                <country>GERMANY</country>
            </address>
            <phone>+49 (0)30 64181 653</phone>
            <electronicMailAddress>robert.arlinghaus@igb-berlin.de</electronicMailAddress>
            <onlineUrl>https://www.igb-berlin.de/en</onlineUrl>
            <userId directory="https://orcid.org/">0000-0003-2861-527X</userId>
        </contact>
        <methods>
            <methodStep>
                <description>
                    <para>commonly used series of methods steps regarding all organism groups (e.g. sampling, identification, data management)</para>
                </description>
            </methodStep>
            <sampling>
                <studyExtent>
                    <description>
                        <para>51 gravel pit lakes and 6 natural lakes located in Northern Germany.</para>
                    </description>
                </studyExtent>
                <samplingDescription>
                    <para>A description of the sampling methods for fish can be found in the following publications:

Matern, S., Emmrich, M., Klefoth, T., Wolter, C., Nikolaus, R., Wegener, N. &amp; Arlinghaus, R. Effect of recreational-fisheries management on fish biodiversity in gravel pit lakes, with contrasts to unmanaged lakes. J Fish Biol. 2019; 94: 865-881. https://doi.org/10.1111/jfb.13989
 
Matern, S., Klefoth, T., Wolter, C., Hussner, A., Simon, J. &amp; Arlinghaus, R. Fish community composition in small lakes: The impact of lake genesis and fisheries management. Freshw Biol. 2022; 67: 2130-2147. https://doi.org/10.1111/fwb.14001
 
For all other taxa a description of the sampling methods can be found in the following publication:
 
Nikolaus, R., Schafft, M., Maday, A., Klefoth, T., Wolter, C. &amp; Arlinghaus, R. Status of aquatic and riparian biodiversity in artificial lake ecosystems with and without management for recreational fisheries: Implications for conservation. Aquatic Conserv: Mar Freshw Ecosyst. 2021; 31: 153–172. https://doi.org/10.1002/aqc.3481
 
For more information please contact the authors.</para>
                </samplingDescription>
            </sampling>
        </methods>

            <project >
                <title>BAGGERSEE</title>
                <abstract>
                    <para></para>
                </abstract>
                <funding>
                    <para>Bundesministerium für Bildung und Forschung (BMBF): Forschung für Nachhaltige Entwicklungen (FONA).
Bundesamt für Naturschutz mit Mitteln des Bundesministeriums für Umwelt, Naturschutz, Bau und Reaktorsicherheit (BMUB) im Rahmen des Bundesprogramms Biologische Vielfalt (Förderkennzeichen 01LC1320A, 01LC1320B und 3514685C20)</para>
                </funding>
            </project>
    </dataset>

    <additionalMetadata>
        <metadata>
            <gbif>
                <dateStamp>2025-01-03T13:15:52Z</dateStamp>
                <citation>Matern S, Nikolaus R, Schafft M, Klefoth T, Emmrich M, Maday A, Bader S, Wolter C, Hering D, Manfrin A, Arlinghaus R (2023). Biodiversity data of gravel pit lakes in Northern Germany. Version 1.3. BioFresh. Occurrence dataset https://doi.org/10.15468/snyq2x accessed via GBIF.org on 2025-01-03.</citation>
            </gbif>
        </metadata>
    </additionalMetadata>
    </eml:eml>
