<?xml version="1.0" encoding="utf-8"?>
<eml:eml xmlns:eml="https://eml.ecoinformatics.org/eml-2.2.0" xmlns:xsi="http://www.w3.org/2001/XMLSchema-instance"
         xsi:schemaLocation="https://eml.ecoinformatics.org/eml-2.2.0 https://rs.gbif.org/schema/eml-gbif-profile/1.3/eml.xsd"
packageId="1af83152-24f7-4df7-afbc-b213b62175bb"  system="http://gbif.org" scope="system"
xml:lang="en">
    <dataset>
        <alternateIdentifier>10.15468/qn6223</alternateIdentifier>
        <title>Estonian University of Life Sciences Institute of Agricultural and Environmental Sciences Entomological Collection</title>
        <creator>
            <individualName>
                <givenName>Olavi</givenName>
                <surName>Kurina</surName>
            </individualName>
            <positionName>Curator</positionName>
            <electronicMailAddress>olavi.kurina@emu.ee</electronicMailAddress>
            <userId directory="https://orcid.org/">0000-0002-4858-4629</userId>
        </creator>
        <metadataProvider>
            <individualName>
                <givenName>Olavi</givenName>
                <surName>Kurina</surName>
            </individualName>
            <positionName>Curator</positionName>
            <electronicMailAddress>olavi.kurina@emu.ee</electronicMailAddress>
            <userId directory="https://orcid.org/">0000-0002-4858-4629</userId>
        </metadataProvider>
        <language>ENGLISH</language>
        <abstract>
            The collection consists of more than 850,000 specimens and 3,006 types (holo-, para- and lectotypes). About 25 monographs and more than 600 publications are based on this collection. The material has been collected during the past 50 years by professional entomologists and has been deposited from private collections (P. Lackschewitz, W. Petersen, F. Sintenis, J. Miländer, R. Suurpere, R. Sülla)
        </abstract>
        <intellectualRights>
            <para>This work is licensed under a <ulink url="http://creativecommons.org/licenses/by-nc/4.0/legalcode"><citetitle>Creative Commons Attribution Non Commercial (CC-BY-NC) 4.0 License</citetitle></ulink>.</para>
        </intellectualRights>
        <licensed>
            <licenseName>Creative Commons Attribution Non Commercial 4.0 International</licenseName>
            <url>https://spdx.org/licenses/CC-BY-NC-4.0.html</url>
            <identifier>CC-BY-NC-4.0</identifier>
        </licensed>
        <distribution scope="document">
            <online>
                <url function="information">https://kogud.emu.ee/?p=2&amp;id=12</url>
            </online>
        </distribution>
        <distribution scope="document">
            <online>
                <url function="download">https://s3.hpc.ut.ee/plutof-public/original/46b1a41c-f530-451a-afc8-8195df26803a.zip</url>
            </online>
        </distribution>
        <contact>
            <individualName>
                <givenName>Olavi</givenName>
                <surName>Kurina</surName>
            </individualName>
            <positionName>Curator</positionName>
            <electronicMailAddress>olavi.kurina@emu.ee</electronicMailAddress>
            <userId directory="https://orcid.org/">0000-0002-4858-4629</userId>
        </contact>

            <project >
                <title></title>
                <abstract>
                    <para></para>
                </abstract>
                <funding>
                    <para></para>
                </funding>
            </project>
    </dataset>

    <additionalMetadata>
        <metadata>
            <gbif>
                <dateStamp>2024-12-27T11:56:03Z</dateStamp>
                <citation>Kurina O. Estonian University of Life Sciences Institute of Agricultural and Environmental Sciences Entomological Collection. Estonian University of Life Sciences. Occurrence dataset https://doi.org/10.15468/qn6223 accessed via GBIF.org on 2024-12-27.</citation>
                <resourceLogoUrl>https://s3.hpc.ut.ee/plutof-public/large/4fd516e7-5c86-4e4f-8299-b20811c12c8d.jpg</resourceLogoUrl>
            </gbif>
        </metadata>
    </additionalMetadata>
    </eml:eml>
