<?xml version="1.0" encoding="utf-8"?>
<eml:eml xmlns:eml="https://eml.ecoinformatics.org/eml-2.2.0" xmlns:xsi="http://www.w3.org/2001/XMLSchema-instance"
         xsi:schemaLocation="https://eml.ecoinformatics.org/eml-2.2.0 https://rs.gbif.org/schema/eml-gbif-profile/1.3/eml.xsd"
packageId="3b82fc70-e5a5-4af3-a4d6-ec14b215aef8"  system="http://gbif.org" scope="system"
xml:lang="en">
    <dataset>
        <alternateIdentifier>10.15468/vednhh</alternateIdentifier>
        <alternateIdentifier>3b82fc70-e5a5-4af3-a4d6-ec14b215aef8</alternateIdentifier>
        <alternateIdentifier>https://ipt.taibif.tw/resource?r=cetaexplorers_mianhua_huaping_islets</alternateIdentifier>
        <title>The Survey Data of Mianhua and Huaping Islets Wildlife Refuge</title>
        <creator>
            <individualName>
                <givenName>Yen-Ting</givenName>
                <surName>Huang</surName>
            </individualName>
            <organizationName>Ceta explorers Co., Ltd</organizationName>
            <positionName>Chief Executive Officer</positionName>
            <address>
                <city>New Taipei City</city>
                <country>TAIWAN</country>
            </address>
            <electronicMailAddress>yentingh@cetaexplorers.com</electronicMailAddress>
        </creator>
        <creator>
            <individualName>
                <givenName>Chia-Wei</givenName>
                <surName>Chen</surName>
            </individualName>
            <organizationName>Ceta explorers Co., Ltd</organizationName>
            <positionName>Associate Researcher</positionName>
            <address>
                <city>New Taipei City</city>
                <country>TAIWAN</country>
            </address>
        </creator>
        <creator>
            <individualName>
                <givenName>Hsin-Han</givenName>
                <surName>Tsai</surName>
            </individualName>
            <organizationName>Ceta explorers Co., Ltd</organizationName>
            <positionName>Associate Researcher</positionName>
            <address>
                <city>New Taipei City</city>
                <country>TAIWAN</country>
            </address>
            <electronicMailAddress>hsinhantsai@cetaexplorers.com</electronicMailAddress>
        </creator>
        <metadataProvider>
            <individualName>
                <givenName>Jui-Wen</givenName>
                <surName>Chang</surName>
            </individualName>
            <organizationName>Ceta explorers Co., Ltd</organizationName>
            <positionName>Assistant Researcher</positionName>
            <address>
                <city>New Taipei City</city>
                <country>TAIWAN</country>
            </address>
            <electronicMailAddress>juiwen@cetaexplorers.com</electronicMailAddress>
        </metadataProvider>
        <associatedParty>
            <individualName>
                <givenName>Yen-Ting</givenName>
                <surName>Huang</surName>
            </individualName>
            <organizationName>Ceta explorers Co., Ltd</organizationName>
            <positionName>Chief Executive Officer</positionName>
            <address>
                <city>New Taipei City</city>
                <country>TAIWAN</country>
            </address>
            <electronicMailAddress>yentingh@cetaexplorers.com</electronicMailAddress>
            <role>CONTENT_PROVIDER</role>
        </associatedParty>
        <associatedParty>
            <individualName>
                <givenName>Chang-Feng</givenName>
                <surName>Dai</surName>
            </individualName>
            <organizationName>Taiwanese Coral Reef Society​</organizationName>
            <positionName>Former President</positionName>
            <address>
                <city>Taipei</city>
                <country>TAIWAN</country>
            </address>
            <role>CONTENT_PROVIDER</role>
        </associatedParty>
        <associatedParty>
            <individualName>
                <givenName>I-Shiung</givenName>
                <surName>Chen</surName>
            </individualName>
            <organizationName>National Taiwan Ocean University</organizationName>
            <positionName>Professor</positionName>
            <address>
                <city>Keelung</city>
                <country>TAIWAN</country>
            </address>
            <role>CONTENT_PROVIDER</role>
        </associatedParty>
        <associatedParty>
            <individualName>
                <givenName>Chen-Chung</givenName>
                <surName>Shen</surName>
            </individualName>
            <organizationName>Wild Bird Society of Keelung</organizationName>
            <positionName>Founder</positionName>
            <address>
                <city>Keelung</city>
                <country>TAIWAN</country>
            </address>
            <role>CONTENT_PROVIDER</role>
        </associatedParty>
        <associatedParty>
            <individualName>
                <givenName>Yueh-Tzu</givenName>
                <surName>Yang</surName>
            </individualName>
            <organizationName>Wild Bird Society of Keelung</organizationName>
            <positionName>Executive Director</positionName>
            <address>
                <city>Keelung</city>
                <country>TAIWAN</country>
            </address>
            <role>CONTENT_PROVIDER</role>
        </associatedParty>
        <associatedParty>
            <individualName>
                <givenName>Jin-Fung</givenName>
                <surName>Shen</surName>
            </individualName>
            <organizationName>Wild Bird Society of Keelung</organizationName>
            <positionName>President</positionName>
            <address>
                <city>Keelung</city>
                <country>TAIWAN</country>
            </address>
            <role>CONTENT_PROVIDER</role>
        </associatedParty>
        <associatedParty>
            <individualName>
                <givenName>Cheng-Wei</givenName>
                <surName>Tso</surName>
            </individualName>
            <organizationName>Taiwan Leisure Fishery Development Association</organizationName>
            <positionName>Deputy Secretary General</positionName>
            <address>
                <country>TAIWAN</country>
            </address>
            <role>CONTENT_PROVIDER</role>
        </associatedParty>
        <associatedParty>
            <individualName>
                <surName>Keelung City Government</surName>
            </individualName>
            <organizationName>Keelung City Animal Protection and Health Inspection Office</organizationName>
            <positionName>Department of Economic Affairs</positionName>
            <role>OWNER</role>
        </associatedParty>
        <pubDate>
                2024-11-19
        </pubDate>
        <language>CHINESE</language>
        <abstract>
            <para>&amp;#34;The Patrol and Biological Survey of Mianhua and Huaping Islets Wildlife Refuge&amp;#34; is a government project focused on monitoring the changing trends of the ecosystem in the Wildlife Refuge, assessing potential human impacts, and developing management strategies. The initial survey records went back to 1994, two years before the Wildlife Refuge was established in 1996. This project has been carried out annually by different groups from 1994 to 2024. Currently, it is managed and executed by the Keelung City Animal Protection and Health Inspection Office.</para>
        </abstract>
        <keywordSet>
            <keyword>Checklist</keyword>
            <keywordThesaurus>GBIF Dataset Type Vocabulary: http://rs.gbif.org/vocabulary/gbif/dataset_type_2015-07-10.xml</keywordThesaurus>
        </keywordSet>
        <keywordSet>
            <keyword>Inventoryregional</keyword>
            <keywordThesaurus>GBIF Dataset Subtype Vocabulary: http://rs.gbif.org/vocabulary/gbif/dataset_subtype.xml</keywordThesaurus>
        </keywordSet>
        <keywordSet>
            <keyword>Mianhua and Huaping Islets Wildlife Refuge</keyword>
            <keywordThesaurus>Ocean Conservation Administration, &quot;Marine protected areas of Taiwan&quot;: https://www.oca.gov.tw/en/home.jsp?id=99&amp;parentpath=0,5</keywordThesaurus>
        </keywordSet>
        <additionalInfo>
            <para>This dataset in GBIF and the dataset in Taiwan Biodiversity Network (TBN) came from the same survey but with different temporal coverage and different species counts. The DatasetUUID in TBN is &quot;07f25813-00f8-4d3d-afc2-ab06d6b385a5&quot; and the URL in TBN is &quot;https://www.tbn.org.tw/dataset/07f25813-00f8-4d3d-afc2-ab06d6b385a5?row=0&amp;rowsperpage=25&amp;ft=datasetid%3A73835128&amp;view=spatial#metrix-switcher&quot;.</para>
        </additionalInfo>
        <intellectualRights>
            <para>This work is licensed under a <ulink url="http://creativecommons.org/licenses/by/4.0/legalcode"><citetitle>Creative Commons Attribution (CC-BY) 4.0 License</citetitle></ulink>.</para>
        </intellectualRights>
        <licensed>
            <licenseName>Creative Commons Attribution 4.0 International</licenseName>
            <url>https://spdx.org/licenses/CC-BY-4.0.html</url>
            <identifier>CC-BY-4.0</identifier>
        </licensed>
        <distribution scope="document">
            <online>
                <url function="download">https://ipt.taibif.tw/archive.do?r=cetaexplorers_mianhua_huaping_islets</url>
            </online>
        </distribution>
        <coverage>
            <geographicCoverage>
                <geographicDescription>The territory includes Mianhua Islet, Huaping Islet, Pengjia Islet, and the surrounding water body.</geographicDescription>
                <boundingCoordinates>
                    <westBoundingCoordinate>121.772</westBoundingCoordinate>
                    <eastBoundingCoordinate>122.294</eastBoundingCoordinate>
                    <northBoundingCoordinate>25.649</northBoundingCoordinate>
                    <southBoundingCoordinate>25.156</southBoundingCoordinate>
                </boundingCoordinates>
            </geographicCoverage>
            <taxonomicCoverage>
                <generalTaxonomicCoverage>The checklist includes 8 groups, which are &quot;Tracheophyta、Algae、Benthic Invertebrate、Insecta、Fish、Reptilia、Aves、Cetacea&quot;.</generalTaxonomicCoverage>
                <taxonomicClassification>
                    <taxonRankName>Phylum</taxonRankName>
                    <taxonRankValue>Tracheophyta</taxonRankValue>
                </taxonomicClassification>
                <taxonomicClassification>
                    <taxonRankName>Kingdom</taxonRankName>
                    <taxonRankValue>Chromista</taxonRankValue>
                    <commonName>Algae</commonName>
                </taxonomicClassification>
                <taxonomicClassification>
                    <taxonRankName>Phylum</taxonRankName>
                    <taxonRankValue>Cnidaria</taxonRankValue>
                    <commonName>Benthic Invertebrate</commonName>
                </taxonomicClassification>
                <taxonomicClassification>
                    <taxonRankName>Class</taxonRankName>
                    <taxonRankValue>Insecta</taxonRankValue>
                </taxonomicClassification>
                <taxonomicClassification>
                    <taxonRankName>Class</taxonRankName>
                    <taxonRankValue>Chondrichthyes</taxonRankValue>
                </taxonomicClassification>
                <taxonomicClassification>
                    <taxonRankName>Class</taxonRankName>
                    <taxonRankValue>Osteichthyes</taxonRankValue>
                </taxonomicClassification>
                <taxonomicClassification>
                    <taxonRankName>Class</taxonRankName>
                    <taxonRankValue>Reptilia</taxonRankValue>
                </taxonomicClassification>
                <taxonomicClassification>
                    <taxonRankName>Class</taxonRankName>
                    <taxonRankValue> Aves</taxonRankValue>
                </taxonomicClassification>
                <taxonomicClassification>
                    <taxonRankName>Infraorder</taxonRankName>
                    <taxonRankValue>Cetacea</taxonRankValue>
                </taxonomicClassification>
                <taxonomicClassification>
                    <taxonRankName>Kingdom</taxonRankName>
                    <taxonRankValue>Plantae</taxonRankValue>
                </taxonomicClassification>
                <taxonomicClassification>
                    <taxonRankName>Kingdom</taxonRankName>
                    <taxonRankValue>Animalia</taxonRankValue>
                </taxonomicClassification>
                <taxonomicClassification>
                    <taxonRankName>Phylum</taxonRankName>
                    <taxonRankValue>Arthropoda</taxonRankValue>
                </taxonomicClassification>
                <taxonomicClassification>
                    <taxonRankName>Phylum</taxonRankName>
                    <taxonRankValue>Chordata</taxonRankValue>
                </taxonomicClassification>
                <taxonomicClassification>
                    <taxonRankName>Class</taxonRankName>
                    <taxonRankValue>Mammalia</taxonRankValue>
                </taxonomicClassification>
            </taxonomicCoverage>
        </coverage>
        <maintenance>
            <description>
                <para></para>
            </description>
            <maintenanceUpdateFrequency>otherMaintenancePeriod</maintenanceUpdateFrequency>
        </maintenance>
        <contact>
            <individualName>
                <givenName>Yen-Ting</givenName>
                <surName>Huang</surName>
            </individualName>
            <organizationName>Ceta explorers Co., Ltd</organizationName>
            <positionName>Chief Executive Officer</positionName>
            <address>
                <city>New Taipei City</city>
                <country>TAIWAN</country>
            </address>
            <electronicMailAddress>yentingh@cetaexplorers.com</electronicMailAddress>
        </contact>
        <methods>
            <methodStep>
                <description>
                    <para>1).The Avian survey:
The bird survey was conducted through sightings on the land of Mianhua Islet and the surrounding waters of Mianhua, Huaping, and Pengjia Islets. Also, sightings were recorded along the patrolling route, including the back-and-forth route from Bachimen Fishing Harbor to Mianhua and Huaping Islets. Last, the trail cameras were been set up at Mianhua Islet in the years 2023 and 2024 for additional data collection.
2).The Plant survey At Mianhua Islet:
At Mianhua Islets, surveys were conducted using grid sampling and the line transect method from 2011 to 2018 and 2020 to 2023. The grid sampling consisted of twelve 5x5 square meter sample plots scattered across Mianhua Islets. The survey methods in other years were either unknown or varied. During these surveys, species recognition and coverage were recorded.
3). The Insect Survey At Mianhua Islet:
The insect survey was conducted by random sighting.
4). The Reptile Survey At Mianhua Islet:
The reptile survey on Mianhua Islet was conducted through random sightings.
5). The Cetacean survey At Mianhua Islet:
Sightings were recorded along the patrolling route, including the back-and-forth route from Bachimen Fishing Harbor to Mianhua and Huaping Islets.
6). The Algae survey At Mianhua Islet :
The method used for algae surveys is snorkeling.
7). The Benthic Invertebrates Survey At Mianhua Islet:
The methods for benthic invertebrates include snorkeling, scuba diving, and intertidal surveys.
8). The Fish Survey At Mianhua Islet:
The Underwater Visual Census (UVC), Roving Diver Method Baited Remote Underwater Video (BRUV), and Diver Operated Video (DOV) were introduced for fish surveys.</para>
                </description>
            </methodStep>
            <sampling>
                <studyExtent>
                    <description>
                        <para>The sampling sites for the study covered the route between Bachimen Fishing Harbor, the &quot;Mianhua and Huaping Islets Wildlife Refuge&quot; and the surrounding water. This study, which spanned from 1994 to 2024, included surveys of Tracheophyta, Algae, Benthic Invertebrate, Insecta, Chondrichthyes, Osteichthyes, Aves, Reptilia, Cetacea (since 2019). However, the study was not conducted every year. It took place in 1994, 2002-2003, 2005, and 2008-2024. The dataset was compiled from reports produced by various groups, including the National Taiwan Ocean University, Taiwanese Coral Reef Society, Taiwan Leisure Fishery Development Association, Wild Bird Society of Keelung, and Ceta Explorers Co., Ltd. There was an additional terrestrial bird survey at Pengjia Islet, which was conducted by the Wild Bird Society of Keelung.</para>
                    </description>
                </studyExtent>
                <samplingDescription>
                    <para>Sampling methods vary based on different taxonomic groups, which are divided into eight categories: Aves (birds), Plants, Insects, Reptiles, Cetaceans, Algae, Fish, and Benthic Invertebrates.</para>
                </samplingDescription>
            </sampling>
            <qualityControl>
                <description>
                    <para>From 1994 to 2020, the data were collected from various reports (without access to raw data), and quality control was conducted by the previous research team. Since 2020, quality control has been managed by our team. The Standard Operating Procedure (SOP) includes:
Before the surveys:
Ensure that the surveyors are experts in species recognition.
During the surveys:
Verify that there are no duplicate sightings at the individual level.
After the surveys:
1. Check that the GPS coordinate records correspond to the correct zone.
2. Verify that there are no duplicate sightings at the individual level.</para>
                </description>
            </qualityControl>
        </methods>

    </dataset>

    <additionalMetadata>
        <metadata>
            <gbif>
                <dateStamp>2024-12-27T11:56:02Z</dateStamp>
                <citation>Huang Y, Chang J, Chen C, Tsai H (2024). The Survey Data of Mianhua and Huaping Islets Wildlife Refuge. Version 1.11. Ceta explorers Co., Ltd. Checklist dataset https://doi.org/10.15468/vednhh accessed via GBIF.org on 2024-12-27.</citation>
                <bibliography>
                <citation>戴昌鳳, 王震哲, 徐堉峰, 何恭算, 王士偉, 張睿昇, 陳志炘, &amp; 黃興倬. (2008). 北方三島自然資源調查計畫成果報告書 [海洋國家公園管理處委託辦理計畫報告]. 海洋國家公園管理處</citation>
                <citation>沈振中, 劉良力, &amp; 沈錦豐. (2010). 北方三島鳥類生態調查成果報告書 [海洋國家公園管理處委託辦理計畫報告]. 海洋國家公園管理處</citation>
                <citation>陳義雄, 邵廣昭, 李明安, &amp; 陳天任. (2011). 北方三島海域生物多樣性與資源特性調查計畫成果報告書 [海洋國家公園管理處委託辦理計畫報告]. 海洋國家公園管理處.(2010年水下)</citation>
                <citation>楊月姿, 劉良力, &amp; 沈錦豐. (2011). 100 年基隆市棉花嶼、花瓶嶼野生動物保護區生態調查委託案成果報告書 [基隆市政府委託辦理計畫報告]. 基隆市政府</citation>
                <citation>社團法人基隆市野鳥學會. (2012). 101 年棉花嶼、花瓶嶼野生動物保護區陸域生態調查委託案成果報告書 [基隆市政府委託辦理計畫報告]. 基隆市政府</citation>
                <citation>社團法人基隆市野鳥學會. (2013). 102 年棉花嶼、花瓶嶼野生動物保護區陸域生態調查委託案成果報告書 [基隆市政府委託辦理計畫報告]. 基隆市政府</citation>
                <citation>社團法人基隆市野鳥學會. (2014). 103年棉花嶼、花瓶嶼野生動物保護區陸域生態調查委託案成果報告書 [基隆市政府委託辦理計畫報告]. 基隆市政府</citation>
                <citation>沈振中, 沈錦豐, &amp; 李佳陵. (2015). 104 年棉花嶼、花瓶嶼野生動物保護區陸域生態調查委託案成果報告書 [基隆市動物保護防疫所委託辦理計畫報告]. 基隆市動物保護防疫所</citation>
                <citation identifier="https://enews.url.com.tw/ecology/81532">陳淯茜. (2015). 北方三島蟹類初探 [電子報]. 台灣生態學會</citation>
                <citation>沈振中, 沈錦豐, &amp; 李佳陵. (2016). 105 年棉花嶼、花瓶嶼野生動物保護區陸域生態調查委託案成果報告書 [基隆市動物保護防疫所委託辦理計畫報告]. 基隆市動物保護防疫所</citation>
                <citation>沈振中, 沈錦豐, &amp; 李佳陵. (2017). 106 年棉花嶼、花瓶嶼野生動物保護區生態調查委託案成果報告書 [基隆市動物保護防疫所委託辦理計畫報告]. 基隆市動物保護防疫所</citation>
                <citation>沈錦豐. (2018). 107 年棉花嶼、花瓶嶼野生動物保護區生態調查計畫成果報告書 [基隆市動物保護防疫所委託辦理計畫報告]. 基隆市動物保護防疫所</citation>
                <citation>左承偉. (2019). 108 年度棉花嶼、花瓶嶼野生動物保護區巡護暨動植物生態調查委託成果報告書 [基隆市動物保護防疫所委託辦理計畫報告]. 基隆市動物保護防疫所</citation>
                <citation>沈振中, 沈錦豐, &amp; 鄭暐. (2020). 109 年棉花嶼、花瓶嶼野生動物保護區巡護暨動植物生態調查委託案期末報告 [基隆市動物保護防疫所委託辦理計畫報告]. 基隆市動物保護防疫所</citation>
                <citation>黃彥婷. (2021). 110年度棉花嶼、花瓶嶼野生動物保護區巡護暨動植物生態調查委託案成果報告書 [基隆市動物保護防疫所委託辦理計畫報告]. 基隆市動物保護防疫所</citation>
                <citation>黃彥婷, &amp; 洪崇航. (2022). 111 年度棉花嶼、花瓶嶼野生動物保護區巡護暨動植物生態調查委託案成果報告書 [基隆市動物保護防疫所委託辦理計畫報告]. 基隆市動物保護防疫所</citation>
                <citation>黃彥婷. (2023). 112年度棉花嶼、花瓶嶼野生動物保護區巡護暨生態調查委託案成果報告書 [基隆市動物保護防疫所委託辦理計畫報告]. 基隆市動物保護防疫所.</citation>
                <citation>黃彥婷. (2024). 113年度棉花嶼、花瓶嶼野生動物保護區巡護暨生態調查委託案成果報告書 [基隆市動物保護防疫所委託辦理計畫報告]. 基隆市動物保護防疫所.</citation>
                </bibliography>
                <formationPeriod>1994-2024</formationPeriod>
            </gbif>
        </metadata>
    </additionalMetadata>
    </eml:eml>
