<?xml version="1.0" encoding="utf-8"?>
<eml:eml xmlns:eml="https://eml.ecoinformatics.org/eml-2.2.0" xmlns:xsi="http://www.w3.org/2001/XMLSchema-instance"
         xsi:schemaLocation="https://eml.ecoinformatics.org/eml-2.2.0 https://rs.gbif.org/schema/eml-gbif-profile/1.3/eml.xsd"
packageId="4fc42f17-eaeb-4296-949d-34b8414eb1c1"  system="http://gbif.org" scope="system"
xml:lang="en">
    <dataset>
        <alternateIdentifier>10.15468/h67txm</alternateIdentifier>
        <alternateIdentifier>4fc42f17-eaeb-4296-949d-34b8414eb1c1</alternateIdentifier>
        <alternateIdentifier>https://cloud.gbif.org/africa/resource?r=seyvegplot</alternateIdentifier>
        <title>Quantitative and Semi-quantitative survey of the vegetation of Seychelles through stand scale plots</title>
        <creator>
            <individualName>
                <givenName>Bruno</givenName>
                <surName>Senterre</surName>
            </individualName>
            <organizationName>Seychelles National Herbarium</organizationName>
            <positionName>Project Manager</positionName>
            <address>
                <deliveryPoint>Bel Etang</deliveryPoint>
                <city>Victoria</city>
                <administrativeArea>Mahé</administrativeArea>
                <postalCode>P.O. Box 720</postalCode>
                <country>SEYCHELLES</country>
            </address>
            <phone>+2482746862</phone>
            <electronicMailAddress>bsenterre@gmail.com</electronicMailAddress>
            <userId directory="http://orcid.org/">0000-0001-5581-3744</userId>
        </creator>
        <creator>
            <individualName>
                <givenName>Pierre-André</givenName>
                <surName>Adam</surName>
            </individualName>
            <organizationName>Island Conservation Society</organizationName>
            <positionName>Science Coordinator</positionName>
            <address>
                <deliveryPoint>Pointe Larue</deliveryPoint>
                <city>Pointe Larue</city>
                <administrativeArea>Mahé</administrativeArea>
                <postalCode>P.O. Box 775</postalCode>
                <country>SEYCHELLES</country>
            </address>
        </creator>
        <creator>
            <individualName>
                <givenName>Teesha</givenName>
                <surName>Baboorun</surName>
            </individualName>
            <organizationName>Island Conservation Society</organizationName>
            <positionName>Ranger</positionName>
            <address>
                <deliveryPoint>Pointe Larue</deliveryPoint>
                <city>Pointe Larue</city>
                <administrativeArea>Mahé</administrativeArea>
                <postalCode>P.O. Box 775</postalCode>
                <country>SEYCHELLES</country>
            </address>
        </creator>
        <creator>
            <individualName>
                <givenName>François</givenName>
                <surName>Baguette</surName>
            </individualName>
            <organizationName>Island Conservation Society</organizationName>
            <positionName>Island Conservation Manager</positionName>
            <address>
                <deliveryPoint>Pointe Larue</deliveryPoint>
                <city>Pointe Larue</city>
                <administrativeArea>Mahé</administrativeArea>
                <postalCode>P.O. Box 775</postalCode>
                <country>SEYCHELLES</country>
            </address>
        </creator>
        <creator>
            <individualName>
                <givenName>Lindsay</givenName>
                <surName>Chong-Seng</surName>
            </individualName>
            <organizationName>Plant Conservation Action group</organizationName>
            <positionName>Chair</positionName>
            <address>
                <city>Victoria</city>
                <administrativeArea>Mahé</administrativeArea>
                <postalCode>P.O. Box 392</postalCode>
                <country>SEYCHELLES</country>
            </address>
        </creator>
        <creator>
            <individualName>
                <givenName>Hicham</givenName>
                <surName>El Zein</surName>
            </individualName>
            <organizationName>Université Libre de Bruxelles</organizationName>
            <positionName>Master student</positionName>
            <address>
                <deliveryPoint>50, avenue F. Rooselvelt</deliveryPoint>
                <city>1050 Bruxelles</city>
                <postalCode>CP 160/12</postalCode>
                <country>BELGIUM</country>
            </address>
            <electronicMailAddress>hichamelzzein@gmail.com</electronicMailAddress>
            <userId directory="http://orcid.org/">0000-0001-7541-9509</userId>
        </creator>
        <creator>
            <individualName>
                <givenName>Justin</givenName>
                <surName>Gerlach</surName>
            </individualName>
            <organizationName>Nature Protection Trust of Seychelles</organizationName>
            <positionName>Chair</positionName>
            <address>
                <administrativeArea>Mahé</administrativeArea>
                <postalCode>PO Box 207</postalCode>
                <country>SEYCHELLES</country>
            </address>
        </creator>
        <creator>
            <individualName>
                <givenName>Said</givenName>
                <surName>Harryba</surName>
            </individualName>
            <organizationName>Island Conservation Society</organizationName>
            <positionName>Ranger</positionName>
            <address>
                <deliveryPoint>Pointe Larue</deliveryPoint>
                <city>Pointe Larue</city>
                <administrativeArea>Mahé</administrativeArea>
                <postalCode>P.O. Box 775</postalCode>
                <country>SEYCHELLES</country>
            </address>
        </creator>
        <creator>
            <individualName>
                <givenName>Denis E.</givenName>
                <surName>Matatiken</surName>
            </individualName>
            <organizationName>Government of Seychelles</organizationName>
            <address>
                <deliveryPoint>Mont Fleuri</deliveryPoint>
                <city>Victoria</city>
                <country>SEYCHELLES</country>
            </address>
        </creator>
        <creator>
            <individualName>
                <givenName>James</givenName>
                <surName>Mougal</surName>
            </individualName>
            <organizationName>Seychelles National Parks Authority</organizationName>
            <address>
                <city>Victoria</city>
                <administrativeArea>Mahé</administrativeArea>
                <country>SEYCHELLES</country>
            </address>
        </creator>
        <creator>
            <individualName>
                <givenName>Michael</givenName>
                <surName>Zehnder</surName>
            </individualName>
            <organizationName>Eidgenössische Technische Hochschule Zürich</organizationName>
            <positionName>Master Student</positionName>
            <address>
                <city>Zürich</city>
                <country>SWITZERLAND</country>
            </address>
        </creator>
        <metadataProvider>
            <individualName>
                <givenName>Bruno</givenName>
                <surName>Senterre</surName>
            </individualName>
            <organizationName>Seychelles National Herbarium</organizationName>
            <positionName>Project Manager</positionName>
            <address>
                <deliveryPoint>Bel Etang</deliveryPoint>
                <city>Victoria</city>
                <administrativeArea>Mahé</administrativeArea>
                <postalCode>P.O. Box 720</postalCode>
                <country>SEYCHELLES</country>
            </address>
            <phone>+248 2746862</phone>
            <electronicMailAddress>bsenterre@gmail.com</electronicMailAddress>
            <userId directory="http://orcid.org/">0000-0001-5581-3744</userId>
        </metadataProvider>
        <associatedParty>
            <individualName>
                <givenName>Bruno</givenName>
                <surName>Senterre</surName>
            </individualName>
            <organizationName>Seychelles National Herbarium</organizationName>
            <positionName>Project Manager</positionName>
            <address>
                <deliveryPoint>Bel Etang</deliveryPoint>
                <city>Victoria</city>
                <administrativeArea>Mahé</administrativeArea>
                <postalCode>P.O. Box 720</postalCode>
                <country>SEYCHELLES</country>
            </address>
            <phone>+2482746862</phone>
            <electronicMailAddress>bsenterre@gmail.com</electronicMailAddress>
            <userId directory="http://orcid.org/">0000-0001-5581-3744</userId>
            <role>AUTHOR</role>
        </associatedParty>
        <associatedParty>
            <individualName>
                <givenName>Pierre-André</givenName>
                <surName>Adam</surName>
            </individualName>
            <organizationName>Island Conservation Society</organizationName>
            <positionName>Science Coordinator</positionName>
            <address>
                <deliveryPoint>Pointe Larue</deliveryPoint>
                <city>Pointe Larue</city>
                <administrativeArea>Mahé</administrativeArea>
                <postalCode>P.O. Box 775</postalCode>
                <country>SEYCHELLES</country>
            </address>
            <role>AUTHOR</role>
        </associatedParty>
        <associatedParty>
            <individualName>
                <givenName>François</givenName>
                <surName>Baguette</surName>
            </individualName>
            <organizationName>Island Conservation Society</organizationName>
            <positionName>Island Conservation Manager</positionName>
            <address>
                <deliveryPoint>Pointe Larue</deliveryPoint>
                <city>Pointe Larue</city>
                <administrativeArea>Mahé</administrativeArea>
                <postalCode>P.O. Box 775</postalCode>
                <country>SEYCHELLES</country>
            </address>
            <role>AUTHOR</role>
        </associatedParty>
        <associatedParty>
            <individualName>
                <givenName>Lindsay</givenName>
                <surName>Chong-Seng</surName>
            </individualName>
            <organizationName>Plant Conservation Action group</organizationName>
            <positionName>Chair</positionName>
            <address>
                <city>Victoria</city>
                <administrativeArea>Mahé</administrativeArea>
                <postalCode>P.O. Box 392</postalCode>
                <country>SEYCHELLES</country>
            </address>
            <role>AUTHOR</role>
        </associatedParty>
        <associatedParty>
            <individualName>
                <givenName>Hicham</givenName>
                <surName>El Zein</surName>
            </individualName>
            <organizationName>Université Libre de Bruxelles</organizationName>
            <positionName>Master Student</positionName>
            <address>
                <deliveryPoint>50, avenue F. Roosevelt</deliveryPoint>
                <city>1050 Bruxelles</city>
                <postalCode>CP 169</postalCode>
                <country>BELGIUM</country>
            </address>
            <electronicMailAddress>hichamelzzein@gmail.com</electronicMailAddress>
            <userId directory="http://orcid.org/">0000-0001-7541-9509</userId>
            <role>AUTHOR</role>
        </associatedParty>
        <associatedParty>
            <individualName>
                <givenName>Justin</givenName>
                <surName>Gerlach</surName>
            </individualName>
            <organizationName>Nature Protection Trust of Seychelles</organizationName>
            <positionName>Chair</positionName>
            <address>
                <city>Victoria</city>
                <administrativeArea>Mahé</administrativeArea>
                <postalCode>P.O. Box 207</postalCode>
                <country>SEYCHELLES</country>
            </address>
            <role>AUTHOR</role>
        </associatedParty>
        <associatedParty>
            <individualName>
                <givenName>Said</givenName>
                <surName>Harryba</surName>
            </individualName>
            <organizationName>Island Conservation Society</organizationName>
            <positionName>Ranger</positionName>
            <address>
                <deliveryPoint>Pointe Larue</deliveryPoint>
                <city>Pointe Larue</city>
                <administrativeArea>Mahé</administrativeArea>
                <postalCode>P.O. Box 775</postalCode>
                <country>SEYCHELLES</country>
            </address>
            <role>AUTHOR</role>
        </associatedParty>
        <associatedParty>
            <individualName>
                <givenName>Denis E.</givenName>
                <surName>Matatiken</surName>
            </individualName>
            <organizationName>Government of Seychelles</organizationName>
            <address>
                <deliveryPoint>Mont Fleuri</deliveryPoint>
                <city>Victoria</city>
                <administrativeArea>Mahé</administrativeArea>
                <postalCode>P.O. Box 445</postalCode>
                <country>SEYCHELLES</country>
            </address>
            <role>AUTHOR</role>
        </associatedParty>
        <associatedParty>
            <individualName>
                <givenName>James</givenName>
                <surName>Mougal</surName>
            </individualName>
            <organizationName>Seychelles National Parks Authority</organizationName>
            <address>
                <city>Victoria</city>
                <administrativeArea>Mahé</administrativeArea>
                <country>SEYCHELLES</country>
            </address>
            <role>AUTHOR</role>
        </associatedParty>
        <associatedParty>
            <individualName>
                <givenName>Michael</givenName>
                <surName>Zehnder</surName>
            </individualName>
            <organizationName>Eidgenössische Technische Hochschule Zürich</organizationName>
            <positionName>Master Student</positionName>
            <address>
                <city>Zürich</city>
                <country>SWITZERLAND</country>
            </address>
            <role>AUTHOR</role>
        </associatedParty>
        <pubDate>
                2022-10-01
        </pubDate>
        <language>ENGLISH</language>
        <abstract>
            <para>This dataset compiles the main data available on the vegetation of Seychelles sampled through vegetation plots at the stand scale (see Senterre et al. 2021). More data exists than what is currently available, and those will eventually be added later. At this stage, the dataset contains the survey of 73 sites, on the islands of Mahé and Silhouette, in mesic, ravine, or swampy forest stands, some pristine and others semi-natural at a late secondary stage. The individual surveys compiled are:
•	BS01 to BS12 (Senterre et al., 2009)
•	BS-LC-1 to -7 (Senterre and Chong-Seng, 2016)
•	HE-01 to -12 (El Zein, 2011)
•	MZMM-01 to -26 (Cesar and Zehnder, 2020)
•	SIP-01 to -15 (Baguette et al., 2022)</para>
<para>All sampling events follow the same methodology, described in Senterre et al. (2008) and Baguette et al. (2022). Vegetation plots (sampling events) are placed in carefully selected sites, based on their general homogeneity (i.e. avoiding within plot environmental discontinuities or gradients, such as local degradation, mixing of stream and well drained etc.). The selected stands are described using an Android survey designed with Open Foris Collect (Senterre et al., 2021). The installation file for the survey is available here: https://www.researchgate.net/publication/353345419_BIO_KBA_3_4_Open_Foris_Collect_Survey_File_with_species_list_for_Seychelles.
Once described, each stand is sampled using a nested plot approach, combining three different plots (sampling events) within the stand: one for the trees, one for the shrub layer, and one for the herbaceous understorey plus recruitment.
For 7 sites near Mare aux Cochons on Mahé (out of the total of 73 sites, on Mahé and Silhouette), the tree layer is sampled in more details, using two subsets of trees. This method is described in Senterre and Chong-Seng (2016).</para>
<para>Baguette, F., Harryba, S., Baboorun, T., Adam, P.-A., Senterre, B., 2022. Characterization and evolution of the lowland tropical rain forest of the smallest oceanic Gondwana fragments, with implications for restoration and invasion ecology. For. Ecol. Manag. 504, 119837. https://doi.org/10.1016/j.foreco.2021.119837
Cesar, S., Zehnder, M., 2020. Relating the Rehabilitation of Water Catchment Forest in the Morne Seychellois National Park with the Perspectives and Expectations of Local Communities in a Small Island Nation (Master Thesis). Swiss Federal Institute of Technology Zurich (ETH), Zurich, Switzerland.
El Zein, H., 2011. Caractérisation des types de forêts montagnardes sur l’île de Mahé (Seychelles) (Master Thesis). Université Libre de Bruxelles, Bruxelles.
Senterre, B., Chong-Seng, L., 2016. Biodiversity assessment and rehabilitation potential of forests in the Mare aux Cochons catchment (Mahé, Seychelles). (Consultancy Report), Ecosystem-based adaptation to climate change in Seychelles (EBA project). Government of Seychelles, United Nations Development Programme, Victoria, Seychelles.
Senterre, B., Gerlach, J., Mougal, J., Matatiken, D.E., 2009. Old growth mature forest types and their floristic composition along the altitudinal gradient on Silhouette Island (Seychelles) - the telescoping effect on a continental mid-oceanic island. Phytocoenologia 39, 157–174. https://doi.org/10.1127/0340-269X/2009/0039-0157
Senterre, B., Lowry II, P.P., Bidault, E., Stévart, T., 2021. Ecosystemology: a new approach toward a taxonomy of ecosystems. Ecol. Complex. 47, 100945. https://doi.org/10.1016/j.ecocom.2021.100945</para>
        </abstract>
        <keywordSet>
            <keyword>Samplingevent</keyword>
            <keywordThesaurus>GBIF Dataset Type Vocabulary: http://rs.gbif.org/vocabulary/gbif/dataset_type_2015-07-10.xml</keywordThesaurus>
        </keywordSet>
        <intellectualRights>
            <para>This work is licensed under a <ulink url="http://creativecommons.org/licenses/by/4.0/legalcode"><citetitle>Creative Commons Attribution (CC-BY) 4.0 License</citetitle></ulink>.</para>
        </intellectualRights>
        <licensed>
            <licenseName>Creative Commons Attribution 4.0 International</licenseName>
            <url>https://spdx.org/licenses/CC-BY-4.0.html</url>
            <identifier>CC-BY-4.0</identifier>
        </licensed>
        <distribution scope="document">
            <online>
                <url function="download">https://cloud.gbif.org/africa/archive.do?r=seyvegplot</url>
            </online>
        </distribution>
        <coverage>
            <geographicCoverage>
                <geographicDescription>Seychelles; currently only on Mahé and Silhouette, but hopefully extending to outer Inner and Outer Islands.</geographicDescription>
                <boundingCoordinates>
                    <westBoundingCoordinate>45.308</westBoundingCoordinate>
                    <eastBoundingCoordinate>61.875</eastBoundingCoordinate>
                    <northBoundingCoordinate>0.176</northBoundingCoordinate>
                    <southBoundingCoordinate>-11.351</southBoundingCoordinate>
                </boundingCoordinates>
            </geographicCoverage>
            <taxonomicCoverage>
                <generalTaxonomicCoverage>All vascular plants.</generalTaxonomicCoverage>
                <taxonomicClassification>
                    <taxonRankName>Phylum</taxonRankName>
                    <taxonRankValue>Tracheophyta</taxonRankValue>
                </taxonomicClassification>
            </taxonomicCoverage>
        </coverage>
        <purpose><para>Describe the vegetation of Seychelles and be able to evaluate ecosystems for a Red List of Ecosystems, to better guide conservation priorities.</para></purpose>
        <maintenance>
            <description>
                <para>The data is relatively clean, so much maintenance needed. For the flora of Seychelles, the species are well known but their taxonomy remain in some cases to study further. Some synonymies, including some where we have not followed the GBIF taxonomic backbone, are non-consensual or doubtful, e.g. Timonius sechellensis, Begonia sechellensis.</para>
            </description>
            <maintenanceUpdateFrequency>asNeeded</maintenanceUpdateFrequency>
        </maintenance>
        <contact>
            <individualName>
                <givenName>Teesha</givenName>
                <surName>Baboorun</surName>
            </individualName>
            <organizationName>Island Conservation Society</organizationName>
            <positionName>Ranger</positionName>
            <address>
                <deliveryPoint>Pointe Larue</deliveryPoint>
                <city>Pointe Larue</city>
                <administrativeArea>Mahé</administrativeArea>
                <postalCode>P.O. Box 775</postalCode>
                <country>SEYCHELLES</country>
            </address>
        </contact>
        <contact>
            <individualName>
                <givenName>Bruno</givenName>
                <surName>Senterre</surName>
            </individualName>
            <organizationName>Seychelles National Herbarium</organizationName>
            <positionName>Project Manager</positionName>
            <address>
                <deliveryPoint>Bel Etang</deliveryPoint>
                <city>Victoria</city>
                <administrativeArea>Mahé</administrativeArea>
                <postalCode>P.O. Box 720</postalCode>
                <country>SEYCHELLES</country>
            </address>
            <phone>+2482746862</phone>
            <electronicMailAddress>bsenterre@gmail.com</electronicMailAddress>
            <userId directory="http://orcid.org/">0000-0001-5581-3744</userId>
        </contact>
        <methods>
            <methodStep>
                <description>
                    <para>All data are being compiled in a MS Access database since 2008. To produce this GBIF dataset, we created queries in Access to export the data to a txt file using DarwinCore terms and standards.</para>
                </description>
            </methodStep>
            <sampling>
                <studyExtent>
                    <description>
                        <para>Seychelles</para>
                    </description>
                </studyExtent>
                <samplingDescription>
                    <para>The sampling method is described in https://doi.org/10.1127/0340-269X/2009/0039-0157 and https://doi.org/10.1016/j.foreco.2021.119837.
Each plot consisted of three nested subplots representing three different forest strata: (1) subplot “T” for the tree community, on a 50 ×10 m area (all trees with diameter at breast height, DBH ≥5 cm); (2) subplot “S” for the understorey shrubs and tree saplings community, on a 50 ×4 m area (DBH &lt;5 cm and total plant height greater than 1 m); and (3) subplot “H” for the herbaceous understorey and regeneration of the upper forest strata, on a 50 ×4 m area (vascular terrestrial herbaceous plants, tree trunk epiphytes and tree/shrub seedlings smaller than 1 m). Considering the extremely reduced flora of Seychelles, especially for lowlands, each plot although relatively small was large enough to provide a representative sampling of the local tree community.

Starting from version 1.3, we have added three additional inventory types, all based on a &quot;plot-less&quot; approach; 
-&quot;KBA-PLII-Vascular plants-Pop&quot;: Within stand inventory of all vascular plant species; &apos;PLII&apos; stands for &quot;Plot-Less Intensive Inventory&quot;
-&quot;KBA-PLRI-Vascular plants-Pop&quot;: Within stand inventory of vascular plant species known at the time as species of special conservation concern; &quot;PLRI&quot; stands for Plot-Less Rapid Inventory&quot;
-&quot;INV-PLRI-Vascular plants-Pop&quot;: Within stand inventory of vascular plant species known to be invasive, or potentially considered as such, or showing an dominant behaviour.
The methodology is basically not more than that, but if necessary more information can be found here: https://www.researchgate.net/publication/259032361_Seychelles_Key_Biodiversity_Areas_-_Output_4_Site_selection_and_methodology_for_inventories</para>
                </samplingDescription>
            </sampling>
            <qualityControl>
                <description>
                    <para>For any of the plots compiled here, when a species was recorded a specimen was made if none of the observers had ever collected the identified species in the study area or island group. This means that a specimen was collected at each time that it was the first encounter by the observer. Specimen were deposited at the Seychelles National Herbarium (SEY). For other observations, the observers were encouraged to take photgraphs each time they recorded species belonging to more problematic groups.</para>
                </description>
            </qualityControl>
        </methods>

            <project id="BID-AF2020-094-NAC">
                <title>Various projects on the vegetation of Seychelles</title>
                <personnel>
                    <individualName>
                    <givenName>Bruno</givenName>
                    <surName>Senterre</surName>
                    </individualName>
            <userId directory="http://orcid.org/">0000-0001-5581-3744</userId>
                    <role>PRINCIPAL_INVESTIGATOR</role>
                </personnel>
                <abstract>
                    <para>At this stage, this resource compiles 5 different projects led in Seychelles since 2008 (Senterre et al., 2009; Senterre and Chong-Seng, 2016; Elzein, 2011; Cesar and Zehnder, 2020; Baguette et al., 2022) with the purpose to describe the main forest types of the Inner Islands according to elevation and topographic wetness, as well as naturalness (human influence).</para>
                </abstract>
                <funding>
                    <para>The 5 projects compiled to create this resource were based on the following funding:
•	Université Libre de Bruxelles (ULB), bourse de voyage cours séjours
•	Government of Seychelles, Project Coordination Unit, UNDP funding
•	Swiss Federal Institute of Technology Zurich (ETH)
•	Environment Trust Fund of Seychelles (ETF)
The compilation and publication on GBIF was made possible thanks to a GBIF funding for a 2 years project led by Plant Conservation Action group (PCA) and the Seychelles National Herbarium (SEY): &quot;Mainstreaming recent species and ecosystem distribution data into Seychelles Key Biodiversity Areas assessments&quot; (BID-AF2020-094-NAC). The aim of this project includes the set up of a KBA National Coordination Group (NCG) and at the same time a GBIF National Node for Seychelles.</para>
                </funding>
                <studyAreaDescription>
                    <descriptor name="generic" citableClassificationSystem="false">
                        <descriptorValue>The idea is to cover the complete vegetation of Seychelles, but focus has been so far only on the Inner Islands and on forest ecosystems. Only the vascular flora is surveyed.</descriptorValue>
                    </descriptor>
                </studyAreaDescription>
                <designDescription>
                    <description>
                        <para>Types of vegetation and types of ecosystems are largely defined and described through floristic data on their species composition. This is generally studied using vegetation plots and transects. Here, the approach for the field sampling is one related to phytosociology (quantitative plant community survey), therefore based on stratified sampling within stands of vegetation that are hypothesized to represent different types of vegetation, e.g. according to altitudinal belts. Nevertheless, the analysis and interpretation differ from the phytosociological tradition by not seing plant communities as discreet entities, but rather as entanglements of ecological groups (see details in Senterre et al. 2021, https://doi.org/10.1016/j.ecocom.2021.100945).</para>
                    </description>
                </designDescription>
            </project>
    </dataset>

    <additionalMetadata>
        <metadata>
            <gbif>
                <dateStamp>2024-12-27T11:56:01Z</dateStamp>
                <citation>Senterre B, Adam P, Baboorun T, Baguette F, Chong-Seng L, El Zein H, Gerlach J, Harryba S, Matatiken D E, Mougal J, Zehnder M (2022). Quantitative and Semi-quantitative survey of the vegetation of Seychelles through stand scale plots. Version 1.3. Seychelles National Herbarium. Sampling event dataset https://doi.org/10.15468/h67txm accessed via GBIF.org on 2024-12-27.</citation>
                <bibliography>
                <citation identifier="https://doi.org/10.1127/0340-269X/2009/0039-0157">Senterre, B., Gerlach, J., Mougal, J., Matatiken, D.E., 2009. Old growth mature forest types and their floristic composition along the altitudinal gradient on Silhouette Island (Seychelles) - the telescoping effect on a continental mid-oceanic island. Phytocoenologia 39, 157–174. https://doi.org/10.1127/0340-269X/2009/0039-0157</citation>
                <citation>El Zein, H., 2011. Caractérisation des types de forêts montagnardes sur l’île de Mahé (Seychelles) (Master Thesis). Université Libre de Bruxelles, Bruxelles.</citation>
                <citation identifier="http://dx.doi.org/10.13140/RG.2.2.11529.03681">Senterre, B., Chong-Seng, L., 2016. Biodiversity assessment and rehabilitation potential of forests in the Mare aux Cochons catchment (Mahé, Seychelles). (Consultancy Report), Ecosystem-based adaptation to climate change in Seychelles (EBA project). Government of Seychelles, United Nations Development Programme, Victoria, Seychelles.</citation>
                <citation identifier="https://ethz.ch/content/dam/ethz/special-interest/usys/tdlab/docs/education/theses/Masterthesis-MichaelZehnder-SaraCerar.pdf">Cesar, S., Zehnder, M., 2020. Relating the Rehabilitation of Water Catchment Forest in the Morne Seychellois National Park with the Perspectives and Expectations of Local Communities in a Small Island Nation (Master Thesis). Swiss Federal Institute of Technology Zurich (ETH), Zurich, Switzerland.</citation>
                <citation identifier="https://doi.org/10.1016/j.foreco.2021.119837">Baguette, F., Harryba, S., Baboorun, T., Adam, P.-A., Senterre, B., 2022. Characterization and evolution of the lowland tropical rain forest of the smallest oceanic Gondwana fragments, with implications for restoration and invasion ecology. For. Ecol. Manag. 504, 119837. https://doi.org/10.1016/j.foreco.2021.119837</citation>
                <citation identifier="https://doi.org/10.1016/j.ecocom.2021.100945">Senterre, B., Lowry II, P.P., Bidault, E., Stévart, T., 2021. Ecosystemology: a new approach toward a taxonomy of ecosystems. Ecol. Complex. 47, 100945. https://doi.org/10.1016/j.ecocom.2021.100945</citation>
                </bibliography>
                <collection>
                    
                    <collectionIdentifier>SEY</collectionIdentifier>
                    <collectionName>Seychelles National Herbarium</collectionName>
                </collection>
                <specimenPreservationMethod>DRIED_AND_PRESSED</specimenPreservationMethod>
                <jgtiCuratorialUnit>
                    <jgtiUnitType>specimens</jgtiUnitType>
                    <jgtiUnits uncertaintyMeasure="50">500</jgtiUnits>
                </jgtiCuratorialUnit>
            </gbif>
        </metadata>
    </additionalMetadata>
    </eml:eml>
