<?xml version="1.0" encoding="utf-8"?>
<eml:eml xmlns:eml="https://eml.ecoinformatics.org/eml-2.2.0" xmlns:xsi="http://www.w3.org/2001/XMLSchema-instance"
         xsi:schemaLocation="https://eml.ecoinformatics.org/eml-2.2.0 https://rs.gbif.org/schema/eml-gbif-profile/1.3/eml.xsd"
packageId="68c30283-d2a7-4742-96cb-52e249598ff9"  system="http://gbif.org" scope="system"
xml:lang="en">
    <dataset>
        <alternateIdentifier>10.15468/bqkybh</alternateIdentifier>
        <alternateIdentifier>https://www.gbif.jp/ipt/resource?r=hyo-ent</alternateIdentifier>
        <alternateIdentifier>http://www.gbif.jp/ipt/resource.do?r=hyo-ent</alternateIdentifier>
        <alternateIdentifier>68c30283-d2a7-4742-96cb-52e249598ff9</alternateIdentifier>
        <alternateIdentifier>14648</alternateIdentifier>
        <title>Entomological Specimens of Museum of Nature and Human Activities, Hyogo Pref., Japan</title>
        <creator>
            <individualName>
                <givenName>Yoshiaki</givenName>
                <surName>Hashimoto</surName>
            </individualName>
            <organizationName>Museum of Nature and Human Activities, Hyogo Pref.</organizationName>
            <positionName>Associate Professor</positionName>
            <address>
                <country>JAPAN</country>
            </address>
            <electronicMailAddress>root@hitohaku.jp</electronicMailAddress>
            <onlineUrl>https://www.hitohaku.jp/sp/en/</onlineUrl>
        </creator>
        <metadataProvider>
            <individualName>
                <givenName>Yoshiaki</givenName>
                <surName>Hashimoto</surName>
            </individualName>
            <organizationName>Museum of Nature and Human Activities, Hyogo Pref.</organizationName>
            <positionName>Associate Professor</positionName>
            <address>
                <country>JAPAN</country>
            </address>
            <electronicMailAddress>root@hitohaku.jp</electronicMailAddress>
            <onlineUrl>https://www.hitohaku.jp/sp/en/</onlineUrl>
        </metadataProvider>
        <associatedParty>
            <individualName>
                <givenName>Yoshiaki</givenName>
                <surName>Hashimoto</surName>
            </individualName>
            <organizationName>Museum of Nature and Human Activities, Hyogo Pref.</organizationName>
            <positionName>Associate Professor</positionName>
            <address>
                <country>JAPAN</country>
            </address>
            <electronicMailAddress>root@hitohaku.jp</electronicMailAddress>
            <onlineUrl>https://www.hitohaku.jp/sp/en/</onlineUrl>
            <role>USER</role>
        </associatedParty>
        <pubDate>
                2021-02-18
        </pubDate>
        <language>ENGLISH</language>
        <abstract>
            Insect Specimens deposited in Museum of Nature and Human Activities, Hyogo Pref., Japan.
        </abstract>
        <keywordSet>
            <keyword>Insect</keyword>
            <keywordThesaurus>n/a</keywordThesaurus>
        </keywordSet>
        <keywordSet>
            <keyword>Occurrence</keyword>
            <keywordThesaurus>GBIF Dataset Type Vocabulary: http://rs.gbif.org/vocabulary/gbif/dataset_type.xml</keywordThesaurus>
        </keywordSet>
        <keywordSet>
            <keyword>Specimen</keyword>
            <keywordThesaurus>GBIF Dataset Subtype Vocabulary: http://rs.gbif.org/vocabulary/gbif/dataset_subtype.xml</keywordThesaurus>
        </keywordSet>
        <keywordSet>
            <keyword>Occurrence</keyword>
            <keywordThesaurus>GBIF Dataset Type Vocabulary: http://rs.gbif.org/vocabulary/gbif/dataset_type_2015-07-10.xml</keywordThesaurus>
        </keywordSet>
        <intellectualRights>
            <para>This work is licensed under a <ulink url="http://creativecommons.org/licenses/by/4.0/legalcode"><citetitle>Creative Commons Attribution (CC-BY) 4.0 License</citetitle></ulink>.</para>
        </intellectualRights>
        <licensed>
            <licenseName>Creative Commons Attribution 4.0 International</licenseName>
            <url>https://spdx.org/licenses/CC-BY-4.0.html</url>
            <identifier>CC-BY-4.0</identifier>
        </licensed>
        <distribution scope="document">
            <online>
                <url function="download">https://www.gbif.jp/ipt/archive.do?r=hyo-ent</url>
            </online>
        </distribution>
        <maintenance>
            <description>
                <para></para>
            </description>
            <maintenanceUpdateFrequency>unkown</maintenanceUpdateFrequency>
        </maintenance>
        <contact>
            <individualName>
                <givenName>Yoshiaki</givenName>
                <surName>Hashimoto</surName>
            </individualName>
            <organizationName>Museum of Nature and Human Activities, Hyogo Pref.</organizationName>
            <positionName>Associate Professor</positionName>
            <address>
                <country>JAPAN</country>
            </address>
            <electronicMailAddress>root@hitohaku.jp</electronicMailAddress>
            <onlineUrl>https://www.hitohaku.jp/sp/en/</onlineUrl>
        </contact>

    </dataset>

    <additionalMetadata>
        <metadata>
            <gbif>
                <dateStamp>2024-12-27T11:56:04Z</dateStamp>
                <citation>Hashimoto Y (2021). Entomological Specimens of Museum of Nature and Human Activities, Hyogo Pref., Japan. Version 2.3. National Institute of Genetics, ROIS. Occurrence dataset https://doi.org/10.15468/bqkybh accessed via GBIF.org on 2024-12-27.</citation>
            </gbif>
        </metadata>
    </additionalMetadata>
    </eml:eml>
