<?xml version="1.0" encoding="utf-8"?>
<eml:eml xmlns:eml="https://eml.ecoinformatics.org/eml-2.2.0" xmlns:xsi="http://www.w3.org/2001/XMLSchema-instance"
         xsi:schemaLocation="https://eml.ecoinformatics.org/eml-2.2.0 https://rs.gbif.org/schema/eml-gbif-profile/1.3/eml.xsd"
packageId="74091aa7-9892-4720-bde4-9dbb28cbc276"  system="http://gbif.org" scope="system"
xml:lang="en">
    <dataset>
        <alternateIdentifier>10.15468/mbstue</alternateIdentifier>
        <alternateIdentifier>https://science-net.kahaku.go.jp/ipt2/resource?r=snet-1119-103</alternateIdentifier>
        <alternateIdentifier>74091aa7-9892-4720-bde4-9dbb28cbc276</alternateIdentifier>
        <alternateIdentifier>http://science-net.kahaku.go.jp/ipt2/resource?r=snet-1119-103</alternateIdentifier>
        <title>Odonata Specimens of Yamaguchi prefectural Yamaguchi Museum</title>
        <creator>
            <individualName>
                <givenName>Hiroshi</givenName>
                <surName>Tanaka</surName>
            </individualName>
            <organizationName>Yamaguchi Prefectural Yamaguchi Museum</organizationName>
            <positionName>Charge of Animal</positionName>
            <address>
                <country>JAPAN</country>
            </address>
            <electronicMailAddress>h-tanaka43@nifty.com</electronicMailAddress>
        </creator>
        <metadataProvider>
            <individualName>
                <givenName>Hiroshi</givenName>
                <surName>Tanaka</surName>
            </individualName>
            <organizationName>Yamaguchi Prefectural Yamaguchi Museum</organizationName>
            <positionName>Charge of Animal</positionName>
            <address>
                <country>JAPAN</country>
            </address>
            <electronicMailAddress>h-tanaka43@nifty.com</electronicMailAddress>
        </metadataProvider>
        <pubDate>
                2023-03-23
        </pubDate>
        <language>ENGLISH</language>
        <abstract>
            Odonata Specimens deposited at the Department of Animal,Yamaguchi prefectural Yamaguchi Museum
        </abstract>
        <keywordSet>
            <keyword>Occurrence</keyword>
            <keywordThesaurus>GBIF Dataset Type Vocabulary: http://rs.gbif.org/vocabulary/gbif/dataset_type_2015-07-10.xml</keywordThesaurus>
        </keywordSet>
        <intellectualRights>
            <para>This work is licensed under a <ulink url="http://creativecommons.org/licenses/by/4.0/legalcode"><citetitle>Creative Commons Attribution (CC-BY) 4.0 License</citetitle></ulink>.</para>
        </intellectualRights>
        <licensed>
            <licenseName>Creative Commons Attribution 4.0 International</licenseName>
            <url>https://spdx.org/licenses/CC-BY-4.0.html</url>
            <identifier>CC-BY-4.0</identifier>
        </licensed>
        <distribution scope="document">
            <online>
                <url function="download">https://science-net.kahaku.go.jp/ipt2/archive.do?r=snet-1119-103</url>
            </online>
        </distribution>
        <maintenance>
            <description>
                <para></para>
            </description>
            <maintenanceUpdateFrequency>unkown</maintenanceUpdateFrequency>
        </maintenance>
        <contact>
            <individualName>
                <givenName>Hiroshi</givenName>
                <surName>Tanaka</surName>
            </individualName>
            <organizationName>Yamaguchi Prefectural Yamaguchi Museum</organizationName>
            <positionName>Charge of Animal</positionName>
            <address>
                <country>JAPAN</country>
            </address>
            <electronicMailAddress>h-tanaka43@nifty.com</electronicMailAddress>
        </contact>

    </dataset>

    <additionalMetadata>
        <metadata>
            <gbif>
                <dateStamp>2024-12-27T11:56:11Z</dateStamp>
                <citation>Tanaka H (2023). Odonata Specimens of Yamaguchi prefectural Yamaguchi Museum. Version 1.2. National Museum of Nature and Science, Japan. Occurrence dataset https://doi.org/10.15468/mbstue accessed via GBIF.org on 2024-12-27.</citation>
            </gbif>
        </metadata>
    </additionalMetadata>
    </eml:eml>
