<?xml version="1.0" encoding="utf-8"?>
<eml:eml xmlns:eml="https://eml.ecoinformatics.org/eml-2.2.0" xmlns:xsi="http://www.w3.org/2001/XMLSchema-instance"
         xsi:schemaLocation="https://eml.ecoinformatics.org/eml-2.2.0 https://rs.gbif.org/schema/eml-gbif-profile/1.3/eml.xsd"
packageId="79ae93e0-a2b8-11de-9f79-b8a03c50a862"  system="http://gbif.org" scope="system"
xml:lang="en">
    <dataset>
        <alternateIdentifier>10.15468/4e8utl</alternateIdentifier>
        <alternateIdentifier>https://ipt.taibif.tw/resource?r=tfri</alternateIdentifier>
        <alternateIdentifier>79ae93e0-a2b8-11de-9f79-b8a03c50a862</alternateIdentifier>
        <alternateIdentifier>8373</alternateIdentifier>
        <title>Forest Arthropod Collection of Taiwan, TFRI</title>
        <creator>
            <individualName>
                <givenName>Sheng-Shan</givenName>
                <surName>Lu</surName>
            </individualName>
            <organizationName>Taiwan Forestry Research Institute</organizationName>
            <positionName>PhD</positionName>
            <address>
                <deliveryPoint>No. 53, Nanhai Rd., Zhongzheng Dist.</deliveryPoint>
                <city>Taipei City</city>
                <postalCode>100051</postalCode>
            </address>
            <phone>+886-2-2303-9978-2513</phone>
            <electronicMailAddress>sslu@tfri.gov.tw</electronicMailAddress>
            <onlineUrl>https://fact.tfri.gov.tw/about</onlineUrl>
        </creator>
        <metadataProvider>
            <individualName>
                <givenName>Sheng-Shan</givenName>
                <surName>Lu</surName>
            </individualName>
            <organizationName>Taiwan Forestry Research Institute</organizationName>
            <positionName>PhD</positionName>
            <address>
                <deliveryPoint>No. 53, Nanhai Rd., Zhongzheng Dist.</deliveryPoint>
                <city>Taipei City</city>
                <postalCode>100051</postalCode>
            </address>
            <phone>+886-2-2303-9978-2513</phone>
            <electronicMailAddress>sslu@tfri.gov.tw</electronicMailAddress>
            <onlineUrl>https://fact.tfri.gov.tw/about</onlineUrl>
        </metadataProvider>
        <associatedParty>
            <individualName>
                <givenName>Jefferson</givenName>
                <surName>Kung</surName>
            </individualName>
            <electronicMailAddress>jeffersonk.taibif@gmail.com</electronicMailAddress>
            <role>USER</role>
        </associatedParty>
        <pubDate>
                2022-06-17
        </pubDate>
        <language>ENGLISH</language>
        <abstract>
            The Taiwan Forestry Research Institute has one of the most important insect collections in Taiwan, with the earliest specimens collected in August 1910 and more than a century old. Since the Taiwan Restoration, our insect experts such as Ying-Lie Yang and Yu-Jen Chang have collected many species that have disappeared and precious specimens. In the early years, due to the lack of funds and space, the specimens were scattered and were not centralized until 1993. The new insect herbarium was completed in 2000, and all specimens were moved into a collection environment of international standard. Since then, the &amp;#34;Specimen Barcoding System&amp;#34; and &amp;#34;Database Management System&amp;#34; have been completed one by one, and digital images of the specimens in the collection have been established.
        </abstract>
        <keywordSet>
            <keyword>Occurrence</keyword>
            <keywordThesaurus>GBIF Dataset Type Vocabulary: http://rs.gbif.org/vocabulary/gbif/dataset_type_2015-07-10.xml</keywordThesaurus>
        </keywordSet>
        <intellectualRights>
            <para>This work is licensed under a <ulink url="http://creativecommons.org/licenses/by/4.0/legalcode"><citetitle>Creative Commons Attribution (CC-BY) 4.0 License</citetitle></ulink>.</para>
        </intellectualRights>
        <licensed>
            <licenseName>Creative Commons Attribution 4.0 International</licenseName>
            <url>https://spdx.org/licenses/CC-BY-4.0.html</url>
            <identifier>CC-BY-4.0</identifier>
        </licensed>
        <distribution scope="document">
            <online>
                <url function="download">https://ipt.taibif.tw/archive.do?r=tfri</url>
            </online>
        </distribution>
        <maintenance>
            <description>
                <para></para>
            </description>
            <maintenanceUpdateFrequency>unkown</maintenanceUpdateFrequency>
        </maintenance>
        <contact>
            <individualName>
                <givenName>Sheng-Shan</givenName>
                <surName>Lu</surName>
            </individualName>
            <organizationName>Taiwan Forestry Research Institute</organizationName>
            <positionName>PhD</positionName>
            <address>
                <deliveryPoint>No. 53, Nanhai Rd., Zhongzheng Dist.</deliveryPoint>
                <city>Taipei City</city>
                <postalCode>100051</postalCode>
            </address>
            <phone>+886-2-2303-9978-2513</phone>
            <electronicMailAddress>sslu@tfri.gov.tw</electronicMailAddress>
            <onlineUrl>https://fact.tfri.gov.tw/about</onlineUrl>
        </contact>

    </dataset>

    <additionalMetadata>
        <metadata>
            <gbif>
                <dateStamp>2024-12-27T11:56:05Z</dateStamp>
                <citation>Lu S (2022). Forest Arthropod Collection of Taiwan, TFRI. Taiwan Forestry Research Institute. Occurrence dataset https://doi.org/10.15468/4e8utl accessed via GBIF.org on 2024-12-27.</citation>
            </gbif>
        </metadata>
    </additionalMetadata>
    </eml:eml>
