<?xml version="1.0" encoding="utf-8"?>
<eml:eml xmlns:eml="https://eml.ecoinformatics.org/eml-2.2.0" xmlns:xsi="http://www.w3.org/2001/XMLSchema-instance"
         xsi:schemaLocation="https://eml.ecoinformatics.org/eml-2.2.0 https://rs.gbif.org/schema/eml-gbif-profile/1.3/eml.xsd"
packageId="7a54fdaa-f762-11e1-a439-00145eb45e9a"  system="http://gbif.org" scope="system"
xml:lang="en">
    <dataset>
        <alternateIdentifier>10.15468/petlyv</alternateIdentifier>
        <alternateIdentifier>https://science-net.kahaku.go.jp/ipt2/resource?r=snet-1128-101</alternateIdentifier>
        <alternateIdentifier>http://science-net.kahaku.go.jp/ipt2/resource?r=snet-1128-101</alternateIdentifier>
        <alternateIdentifier>http://gbif.science-net.kahaku.go.jp:8081/ipt2/resource?r=snet-1128-101</alternateIdentifier>
        <alternateIdentifier>7a54fdaa-f762-11e1-a439-00145eb45e9a</alternateIdentifier>
        <alternateIdentifier>11276</alternateIdentifier>
        <title>Insect Specimens Deposited in Saga Prefectural Space and Science Museum, JAPAN</title>
        <creator>
            <individualName>
                <givenName>Akihito</givenName>
                <surName>Kita</surName>
            </individualName>
            <organizationName>Saga Prefectural Space and Science Museum</organizationName>
            <positionName>Assistant Curator</positionName>
            <address>
                <country>JAPAN</country>
            </address>
            <electronicMailAddress>a-kita@yumeginga.jp</electronicMailAddress>
        </creator>
        <metadataProvider>
            <individualName>
                <givenName>Katumi</givenName>
                <surName>Watanabe</surName>
            </individualName>
            <organizationName>Saga Prefectural Space and Science Museum</organizationName>
            <positionName>Director of Saga Prefectural Space and Science Museum</positionName>
            <address>
                <country>JAPAN</country>
            </address>
            <electronicMailAddress>watanabe@yumeginga.jp</electronicMailAddress>
        </metadataProvider>
        <pubDate>
                2023-03-23
        </pubDate>
        <language>ENGLISH</language>
        <abstract>
            Insect Specimens Deposited in Saga Prefectural Space and Science Museum, JAPAN
        </abstract>
        <keywordSet>
            <keyword>Occurrence</keyword>
            <keywordThesaurus>GBIF Dataset Type Vocabulary: http://rs.gbif.org/vocabulary/gbif/dataset_type_2015-07-10.xml</keywordThesaurus>
        </keywordSet>
        <intellectualRights>
            <para>This work is licensed under a <ulink url="http://creativecommons.org/licenses/by/4.0/legalcode"><citetitle>Creative Commons Attribution (CC-BY) 4.0 License</citetitle></ulink>.</para>
        </intellectualRights>
        <licensed>
            <licenseName>Creative Commons Attribution 4.0 International</licenseName>
            <url>https://spdx.org/licenses/CC-BY-4.0.html</url>
            <identifier>CC-BY-4.0</identifier>
        </licensed>
        <distribution scope="document">
            <online>
                <url function="download">https://science-net.kahaku.go.jp/ipt2/archive.do?r=snet-1128-101</url>
            </online>
        </distribution>
        <maintenance>
            <description>
                <para></para>
            </description>
            <maintenanceUpdateFrequency>unkown</maintenanceUpdateFrequency>
        </maintenance>
        <contact>
            <individualName>
                <givenName>Katumi</givenName>
                <surName>Watanabe</surName>
            </individualName>
            <organizationName>Saga Prefectural Space and Science Museum</organizationName>
            <positionName>Director of Saga Prefectural Space and Science Museum</positionName>
            <address>
                <country>JAPAN</country>
            </address>
            <electronicMailAddress>watanabe@yumeginga.jp</electronicMailAddress>
        </contact>

    </dataset>

    <additionalMetadata>
        <metadata>
            <gbif>
                <dateStamp>2024-12-27T11:56:11Z</dateStamp>
                <citation>Kita A, Watanabe K (2023). Insect Specimens Deposited in Saga Prefectural Space and Science Museum, JAPAN. National Museum of Nature and Science, Japan. Occurrence dataset https://doi.org/10.15468/petlyv accessed via GBIF.org on 2024-12-27.</citation>
            </gbif>
        </metadata>
    </additionalMetadata>
    </eml:eml>
