<?xml version="1.0" encoding="utf-8"?>
<eml:eml xmlns:eml="https://eml.ecoinformatics.org/eml-2.2.0" xmlns:xsi="http://www.w3.org/2001/XMLSchema-instance"
         xsi:schemaLocation="https://eml.ecoinformatics.org/eml-2.2.0 https://rs.gbif.org/schema/eml-gbif-profile/1.3/eml.xsd"
packageId="8598edb6-f762-11e1-a439-00145eb45e9a"  system="http://gbif.org" scope="system"
xml:lang="en">
    <dataset>
        <alternateIdentifier>10.15468/tbedgi</alternateIdentifier>
        <alternateIdentifier>1471</alternateIdentifier>
        <title>IndOBIS, Indian Ocean Node of OBIS</title>
        <associatedParty>
            <individualName>
                <surName>Asavari Navlakhe</surName>
            </individualName>
            <electronicMailAddress>ar.navlakhe@ncl.res.in</electronicMailAddress>
            <role>TECHNICAL_POINT_OF_CONTACT</role>
        </associatedParty>
        <language>ENGLISH</language>
        <intellectualRights>
            <para>This work is licensed under a <ulink url="http://creativecommons.org/licenses/by/4.0/legalcode"><citetitle>Creative Commons Attribution (CC-BY) 4.0 License</citetitle></ulink>.</para>
        </intellectualRights>
        <licensed>
            <licenseName>Creative Commons Attribution 4.0 International</licenseName>
            <url>https://spdx.org/licenses/CC-BY-4.0.html</url>
            <identifier>CC-BY-4.0</identifier>
        </licensed>
        <distribution scope="document">
            <online>
                <url function="download">https://orphans.gbif.org/ba0670b9-4186-41e6-8e70-f9cb3065551a/8598edb6-f762-11e1-a439-00145eb45e9a.zip</url>
            </online>
        </distribution>
        <maintenance>
            <description>
                <para></para>
            </description>
            <maintenanceUpdateFrequency>unkown</maintenanceUpdateFrequency>
        </maintenance>
        <contact>
            <individualName>
                <surName>Vishwas Chavan</surName>
            </individualName>
            <address>
                <deliveryPoint>Universitetsparken 15, DK 2100,  DK</deliveryPoint>
            </address>
            <phone>+45 35 32 14 75</phone>
            <electronicMailAddress>vchavan@gbif.org</electronicMailAddress>
        </contact>
        <contact>
            <individualName>
                <surName>Vishwas Chavan</surName>
            </individualName>
            <electronicMailAddress>vs.chavan@ncl.res.in</electronicMailAddress>
        </contact>

    </dataset>

    <additionalMetadata>
        <metadata>
            <gbif>
                <dateStamp>2024-12-27T11:56:04Z</dateStamp>
                <citation>Chavan, VIshwas and C. T. Achuthankutty (editors), IndOBIS Catalogue of Life, Available at http://www.indobis.org/, Retrived day, date, year https://doi.org/10.15468/tbedgi accessed via GBIF.org on 2024-12-27.</citation>
                <physical>
                    <objectName>GBIF Occurrence Download</objectName>
                    <characterEncoding>UTF-8</characterEncoding>
                    <dataFormat>
                        <externallyDefinedFormat>
                            <formatName>Darwin Core Archive</formatName>
                        </externallyDefinedFormat>
                    </dataFormat>
                    <distribution>
                        <online>
                            <url function="download">http://api.gbif.org/v1/occurrence/download/request/0012262-180131172636756.zip</url>
                        </online>
                    </distribution>
                </physical>
            </gbif>
        </metadata>
    </additionalMetadata>
    </eml:eml>
