<?xml version="1.0" encoding="utf-8"?>
<eml:eml xmlns:eml="https://eml.ecoinformatics.org/eml-2.2.0" xmlns:xsi="http://www.w3.org/2001/XMLSchema-instance"
         xsi:schemaLocation="https://eml.ecoinformatics.org/eml-2.2.0 https://rs.gbif.org/schema/eml-gbif-profile/1.3/eml.xsd"
packageId="8a6232d7-f93e-45a3-8b16-556aa732cd39"  system="http://gbif.org" scope="system"
xml:lang="en">
    <dataset>
        <alternateIdentifier>10.15468/du1hci</alternateIdentifier>
        <alternateIdentifier>https://ecdysis.org/collections/misc/collprofiles.php?collid=62</alternateIdentifier>
        <alternateIdentifier>https://serv.biokic.asu.edu/ecdysis/collections/misc/collprofiles.php?collid=62</alternateIdentifier>
        <alternateIdentifier>https://biokic2.rc.asu.edu:443/portal/collections/misc/collprofiles.php?collid=3</alternateIdentifier>
        <alternateIdentifier>https://scan-bugs.org:443/portal/collections/misc/collprofiles.php?collid=3</alternateIdentifier>
        <alternateIdentifier>http://scan-bugs.org/portal/collections/misc/collprofiles.php?collid=3</alternateIdentifier>
        <alternateIdentifier>http://symbiota4.acis.ufl.edu/scan/portal/collections/misc/collprofiles.php?collid=3</alternateIdentifier>
        <title>Northern Arizona University - Arthropod Collection</title>
        <creator>
            <organizationName>Ecdysis Portal</organizationName>
            <onlineUrl>https://ecdysis.org/index.php</onlineUrl>
        </creator>
        <metadataProvider>
            <organizationName>Ecdysis Portal</organizationName>
            <onlineUrl>https://ecdysis.org/index.php</onlineUrl>
        </metadataProvider>
        <associatedParty>
            <individualName>
                <givenName>Grey</givenName>
                <surName>Gustafson</surName>
            </individualName>
            <positionName>Curator</positionName>
            <electronicMailAddress>grey.gustafson@nau.edu</electronicMailAddress>
            <userId directory="https://orcid.org/">0000-0002-2014-7128</userId>
            <role>CONTENT_PROVIDER</role>
        </associatedParty>
        <associatedParty>
            <individualName>
                <givenName>Gary</givenName>
                <surName>Alpert</surName>
            </individualName>
            <positionName>Project manager</positionName>
            <electronicMailAddress>garydalpert@gmail.com</electronicMailAddress>
            <role>CONTENT_PROVIDER</role>
        </associatedParty>
        <associatedParty>
            <individualName>
                <givenName>Zane</givenName>
                <surName>Holditch</surName>
            </individualName>
            <positionName>Project manager</positionName>
            <electronicMailAddress>zh57@nau.edu</electronicMailAddress>
            <role>CONTENT_PROVIDER</role>
        </associatedParty>
        <pubDate>
                2024-12-03
        </pubDate>
        <language>ENGLISH</language>
        <abstract>
            <para>The Northern Arizona University - Arthropod Collection (NAAC), previously the Colorado Plateau Museum of Arthropod Biodiversity (CPMAB), houses over 250,000 arthropod specimens, primarily from the southwestern United States and Mexico. Specimens are being added each year, primarily from Military Reservations, National Parks and Monuments, The Nature Conservancy, and a network of common gardens managed by the Southwest Experimental Garden Array (SEGA). Many specimen occurrence data are combined with high resolution images.</para>
        </abstract>
        <intellectualRights>
            <para>To the extent possible under law, the publisher has waived all rights to these data and has dedicated them to the <ulink url="http://creativecommons.org/publicdomain/zero/1.0/legalcode"><citetitle>Public Domain (CC0 1.0)</citetitle></ulink>. Users may copy, modify, distribute and use the work, including for commercial purposes, without restriction.</para>
        </intellectualRights>
        <licensed>
            <licenseName>Creative Commons Zero v1.0 Universal</licenseName>
            <url>https://spdx.org/licenses/CC0-1.0.html</url>
            <identifier>CC0-1.0</identifier>
        </licensed>
        <distribution scope="document">
            <online>
                <url function="download">https://ecdysis.org/content/dwca/NAU-NAAC_DwC-A.zip</url>
            </online>
        </distribution>
        <contact>
            <organizationName>Northern Arizona University - Arthropod Collection</organizationName>
            <electronicMailAddress>grey.gustafson@nau.edu</electronicMailAddress>
            <userId directory="https://orcid.org/">0000-0002-2014-7128</userId>
        </contact>

    </dataset>

    <additionalMetadata>
        <metadata>
            <gbif>
                <dateStamp>2024-12-27T11:56:08Z</dateStamp>
                <citation>Northern Arizona University (2024). Northern Arizona University - Arthropod Collection. Occurrence dataset https://doi.org/10.15468/du1hci accessed via GBIF.org on 2024-12-27.</citation>
            </gbif>
        </metadata>
    </additionalMetadata>
    </eml:eml>
