<?xml version="1.0" encoding="utf-8"?>
<eml:eml xmlns:eml="https://eml.ecoinformatics.org/eml-2.2.0" xmlns:xsi="http://www.w3.org/2001/XMLSchema-instance"
         xsi:schemaLocation="https://eml.ecoinformatics.org/eml-2.2.0 https://rs.gbif.org/schema/eml-gbif-profile/1.3/eml.xsd"
packageId="8d455dd5-0640-4211-acd1-8e88b171cfda"  system="http://gbif.org" scope="system"
xml:lang="en">
    <dataset>
        <alternateIdentifier>10.15468/t48m5z</alternateIdentifier>
        <alternateIdentifier>https://cloud.gbif.org/asia/resource?r=pakhibitanspecies_20202022</alternateIdentifier>
        <title>Documentation of biodiversity in Newtown Ecopark, North 24 Parganas, West Bengal, India (2020-2022), excluding floral components</title>
        <creator>
            <individualName>
                <givenName>Lina</givenName>
                <surName>Chatterjee</surName>
            </individualName>
            <organizationName>Nature Mates-Nature Club</organizationName>
            <positionName>Research Associate</positionName>
            <address>
                <deliveryPoint>6/7 Bijoygarh</deliveryPoint>
                <city>Kolkata</city>
                <administrativeArea>West Bengal</administrativeArea>
                <postalCode>700032</postalCode>
                <country>INDIA</country>
            </address>
            <electronicMailAddress>lina.linachatterjee@gmail.com</electronicMailAddress>
            <onlineUrl>https://naturematesindia.org/</onlineUrl>
            <userId directory="https://orcid.org/">0000-0002-5626-5046</userId>
        </creator>
        <creator>
            <individualName>
                <givenName>Arjan</givenName>
                <surName>Basu Roy</surName>
            </individualName>
            <organizationName>Nature Mate-Nature Club</organizationName>
            <positionName>Secretary</positionName>
            <address>
                <deliveryPoint>6/7 Bijoygarh</deliveryPoint>
                <city>Kolkata</city>
                <administrativeArea>West Bengal</administrativeArea>
                <postalCode>700032</postalCode>
                <country>INDIA</country>
            </address>
            <phone>98743 57414</phone>
            <electronicMailAddress>basuroyarjan@gmail.com</electronicMailAddress>
            <onlineUrl>https://naturematesindia.org/</onlineUrl>
            <userId directory="https://orcid.org/">0000-0001-9872-3562</userId>
        </creator>
        <creator>
            <individualName>
                <givenName>Tarak</givenName>
                <surName>Samanta</surName>
            </individualName>
            <organizationName>Nature Mates-Nature Club</organizationName>
            <positionName>Research Associate</positionName>
            <address>
                <deliveryPoint>6/7 Bijoygarh</deliveryPoint>
                <city>Kolkata</city>
                <administrativeArea>West Bengal</administrativeArea>
                <postalCode>700032</postalCode>
                <country>INDIA</country>
            </address>
            <electronicMailAddress>taraksamanta995@gmail.com</electronicMailAddress>
            <onlineUrl>https://naturematesindia.org/</onlineUrl>
            <userId directory="https://orcid.org/">0000-0001-6809-0549</userId>
        </creator>
        <creator>
            <individualName>
                <givenName>Nivedita</givenName>
                <surName>Sengupta</surName>
            </individualName>
            <organizationName>Nature Mates-Nature Club</organizationName>
            <positionName>Intern</positionName>
            <address>
                <deliveryPoint>6/7 Bijoygarh</deliveryPoint>
                <city>Kolkata</city>
                <administrativeArea>West Bengal</administrativeArea>
                <postalCode>700032</postalCode>
                <country>INDIA</country>
            </address>
            <electronicMailAddress>niveditasngpta.ns@gmail.com</electronicMailAddress>
            <onlineUrl>https://naturematesindia.org/</onlineUrl>
            <userId directory="https://orcid.org/">0000-0003-1085-7385</userId>
        </creator>
        <creator>
            <individualName>
                <givenName>Vijay</givenName>
                <surName>Barve</surName>
            </individualName>
            <organizationName>Nature Mates-Nature Club</organizationName>
            <positionName>Research Advisor</positionName>
            <address>
                <deliveryPoint>6/7 Bijoygarh</deliveryPoint>
                <city>Kolkata</city>
                <administrativeArea>West Bengal</administrativeArea>
                <postalCode>700032</postalCode>
                <country>INDIA</country>
            </address>
            <electronicMailAddress>vijay.barve@gmail.com</electronicMailAddress>
            <onlineUrl>https://naturematesindia.org/</onlineUrl>
            <userId directory="https://orcid.org/">0000-0002-4852-2567</userId>
        </creator>
        <metadataProvider>
            <individualName>
                <givenName>Lina</givenName>
                <surName>Chatterjee</surName>
            </individualName>
            <organizationName>Nature Mates-Nature Club</organizationName>
            <positionName>Research Associate</positionName>
            <address>
                <deliveryPoint>6/7 Bijoygarh</deliveryPoint>
                <city>Kolkata</city>
                <administrativeArea>West Bengal</administrativeArea>
                <postalCode>700032</postalCode>
                <country>INDIA</country>
            </address>
            <electronicMailAddress>lina.linachatterjee@gmail.com</electronicMailAddress>
            <onlineUrl>https://naturematesindia.org/</onlineUrl>
            <userId directory="https://orcid.org/">0000-0002-5626-5046</userId>
        </metadataProvider>
        <metadataProvider>
            <individualName>
                <givenName>Nivedita</givenName>
                <surName>Sengupta</surName>
            </individualName>
            <organizationName>Nature Mates-Nature Club</organizationName>
            <positionName>Intern</positionName>
            <address>
                <deliveryPoint>6/7 Bijoygarh</deliveryPoint>
                <city>Kolkata</city>
                <administrativeArea>West Bengal</administrativeArea>
                <postalCode>700032</postalCode>
                <country>INDIA</country>
            </address>
            <electronicMailAddress>niveditasngpta.ns@gmail.com</electronicMailAddress>
            <onlineUrl>https://naturematesindia.org/</onlineUrl>
            <userId directory="https://orcid.org/">0000-0003-1085-7385</userId>
        </metadataProvider>
        <metadataProvider>
            <individualName>
                <givenName>Vijay</givenName>
                <surName>Barve</surName>
            </individualName>
            <organizationName>Nature Mates-Nature Club</organizationName>
            <positionName>Research Advisor</positionName>
            <address>
                <deliveryPoint>6/7 Bijoygarh</deliveryPoint>
                <city>Kolkata</city>
                <administrativeArea>West Bengal</administrativeArea>
                <postalCode>700032</postalCode>
                <country>INDIA</country>
            </address>
            <electronicMailAddress>vijay.barve@gmail.com</electronicMailAddress>
            <onlineUrl>https://naturematesindia.org/</onlineUrl>
            <userId directory="https://orcid.org/">0000-0002-4852-2567</userId>
        </metadataProvider>
        <associatedParty>
            <individualName>
                <givenName>Nivedita</givenName>
                <surName>Sengupta</surName>
            </individualName>
            <electronicMailAddress>niveditasngpta.ns@gmail.com</electronicMailAddress>
            <role>USER</role>
        </associatedParty>
        <pubDate>
                2023-07-13
        </pubDate>
        <language>ENGLISH</language>
        <abstract>
            The publication titled &amp;#34;Documentation of biodiversity in Newtown Ecopark, North 24 Parganas, West Bengal, India (2020-2022), excluding floral components&amp;#34; has been published by the Nature Mates Nature Club. This publication is a component of the WBHIDCO Pakhibitan Project, centred on the Ecopark located in Newtown, North 24 Parganas, West Bengal, India.

The study area encompasses a total land area of 480 acres(including a 104 acres waterbody with an island in the middle), comprising a varied array of microhabitats. These microhabitats consist of grassland, a mixed forest containing tree species such as Arjuna, Rain tree, Sal, Mahua, Simul, and Babul within the designated &amp;#34;rainforest&amp;#34; region. Additionally, the study area includes fruit trees, flowering trees, vegetable plants, bushes, and shrubs. Furthermore, there is a designated garden area known as the &amp;#34;Butterfly Garden,&amp;#34; which primarily consists of shrubs and herbs.
In addition to this, there exists a grassland region within the &amp;#34;formal garden&amp;#34; and &amp;#34;Golfarena.&amp;#34; Located on a periphery of the park, there exists a diminutive expanse of wetland referred to as Pakhibitan, characterized by the presence of cattails, colloquially known as &amp;#39;hogla&amp;#39; among the indigenous populace. Located opposite the park lies a substantial body of freshwater, encompassing an approximate surface area of 104 acres. In addition to the natural water bodies, the park also features several artificial water bodies that have been created by human intervention. Kolkata experiences four distinct seasons, namely summer, monsoon, winter, and autumn.  The annual temperature exhibits a range of 43°C to 9°C. The annual average precipitation is 1400mm. The soil type in this area is classified as alluvial due to its geographical location within the Indo-Gangetic plain.


The dataset presented herein comprises a comprehensive record of all non-plant species documented during a biodiversity survey conducted over the period spanning from 2020 to 2022. 

All species have been identified at either the species or genus level. A comprehensive tally of 424 species was documented, with 395 species classified under the kingdom Animalia and 28 species classified under the kingdom Fungi. These species were further categorized into 53 distinct orders and 170 separate families.
        </abstract>
        <keywordSet>
            <keyword>Occurrence</keyword>
            <keywordThesaurus>GBIF Dataset Type Vocabulary: http://rs.gbif.org/vocabulary/gbif/dataset_type_2015-07-10.xml</keywordThesaurus>
        </keywordSet>
        <keywordSet>
            <keyword>Observation</keyword>
            <keywordThesaurus>GBIF Dataset Subtype Vocabulary: http://rs.gbif.org/vocabulary/gbif/dataset_subtype.xml</keywordThesaurus>
        </keywordSet>
        <intellectualRights>
            <para>To the extent possible under law, the publisher has waived all rights to these data and has dedicated them to the <ulink url="http://creativecommons.org/publicdomain/zero/1.0/legalcode"><citetitle>Public Domain (CC0 1.0)</citetitle></ulink>. Users may copy, modify, distribute and use the work, including for commercial purposes, without restriction.</para>
        </intellectualRights>
        <licensed>
            <licenseName>Creative Commons Zero v1.0 Universal</licenseName>
            <url>https://spdx.org/licenses/CC0-1.0.html</url>
            <identifier>CC0-1.0</identifier>
        </licensed>
        <distribution scope="document">
            <online>
                <url function="information">http://www.naturematesindia.org/</url>
            </online>
        </distribution>
        <distribution scope="document">
            <online>
                <url function="download">https://cloud.gbif.org/asia/archive.do?r=pakhibitanspecies_20202022</url>
            </online>
        </distribution>
        <coverage>
            <geographicCoverage>
                <geographicDescription>The research was conducted in Newtown Ecopark, located in the North 24 Pargannas district. This ecological site spans approximately 480 acres (including a 104 acres waterbody with an island in the middle) and encompasses various habitats, including grassland, man-made urban forest, butterfly garden, marshland, and wetland.</geographicDescription>
                <boundingCoordinates>
                    <westBoundingCoordinate>88.446</westBoundingCoordinate>
                    <eastBoundingCoordinate>88.476</eastBoundingCoordinate>
                    <northBoundingCoordinate>22.621</northBoundingCoordinate>
                    <southBoundingCoordinate>22.591</southBoundingCoordinate>
                </boundingCoordinates>
            </geographicCoverage>
            <temporalCoverage>
                <rangeOfDates>
                    <beginDate>
                        <calendarDate>                2020-01-01
</calendarDate>
                    </beginDate>
                    <endDate>
                        <calendarDate>                2022-12-31
</calendarDate>
                    </endDate>
                </rangeOfDates>
            </temporalCoverage>
            <taxonomicCoverage>
                <generalTaxonomicCoverage>All species have been identified at either the species or genus level. A comprehensive tally of 424 species was documented, with 395 species classified under the kingdom Animalia and 28 species classified under the kingdom Fungi. These species were further categorized into 53 distinct orders and 170 separate families.</generalTaxonomicCoverage>
                <taxonomicClassification>
                    <taxonRankName>Kingdom</taxonRankName>
                    <taxonRankValue>Fungi</taxonRankValue>
                </taxonomicClassification>
                <taxonomicClassification>
                    <taxonRankName>Kingdom</taxonRankName>
                    <taxonRankValue>Animalia</taxonRankValue>
                </taxonomicClassification>
            </taxonomicCoverage>
        </coverage>
        <purpose><para>This dataset is a component of a long-term initiative run by the WBHIDCO that aims to foster urban biodiversity while also preserving the natural landmass of New Town and species variety. Additionally, it offers an opportunity to conduct a comparative analysis on the impact of urbanization growth on biodiversity.

</para></purpose>
        <maintenance>
            <description>
                <para></para>
            </description>
            <maintenanceUpdateFrequency>notPlanned</maintenanceUpdateFrequency>
        </maintenance>
        <contact>
            <individualName>
                <givenName>Arjan</givenName>
                <surName>Basu Roy</surName>
            </individualName>
            <organizationName>Nature Mate-Nature Club</organizationName>
            <positionName>Secretary</positionName>
            <address>
                <deliveryPoint>6/7 Bijoygarh</deliveryPoint>
                <city>Kolkata</city>
                <administrativeArea>West Bengal</administrativeArea>
                <postalCode>700032</postalCode>
                <country>INDIA</country>
            </address>
            <phone>98743 57414</phone>
            <electronicMailAddress>basuroyarjan@gmail.com</electronicMailAddress>
            <onlineUrl>https://naturematesindia.org/</onlineUrl>
            <userId directory="https://orcid.org/">0000-0001-9872-3562</userId>
        </contact>
        <contact>
            <individualName>
                <givenName>Lina</givenName>
                <surName>Chatterjee</surName>
            </individualName>
            <organizationName>Nature Mates-Nature Club</organizationName>
            <positionName>Research Associate</positionName>
            <address>
                <deliveryPoint>6/7 Bijoygarh</deliveryPoint>
                <city>Kolkata</city>
                <administrativeArea>West Bengal</administrativeArea>
                <postalCode>700032</postalCode>
                <country>INDIA</country>
            </address>
            <electronicMailAddress>lina.linachatterjee@gmail.com</electronicMailAddress>
            <onlineUrl>https://naturematesindia.org/</onlineUrl>
            <userId directory="https://orcid.org/">0000-0002-5626-5046</userId>
        </contact>
        <methods>
            <methodStep>
                <description>
                    <para>Direct observation, Field notes, Photography</para>
                </description>
            </methodStep>
            <sampling>
                <studyExtent>
                    <description>
                        <para>This study focused on documenting the faunal component found in New Town Ecopark, which is located in the district of North 24 Parganas and spans approximately 480 acres (including a 104 acres waterbody with an island in the middle). The region exhibits diverse land use patterns, encompassing marshlands, lakes, ponds, grasslands, a butterfly garden, and a man-made forest patch. Additionally, the site boasts a substantial number of landscape gardens</para>
                    </description>
                </studyExtent>
                <samplingDescription>
                    <para>Random sampling

The equipment utilized in this study includes the binocular Olympus (10*50 DPS I) and the Nikon Coolpix P900, P600, and B600. The data that was observed was documented in the field notebook.</para>
                </samplingDescription>
            </sampling>
        </methods>

            <project >
                <title>West Bengal Housing Infrastructure Development Corporation (WBHIDCO) Pakhibitan Project</title>
                <abstract>
                    <para></para>
                </abstract>
                <funding>
                    <para>West Bengal Housing Infrastructure Development Corporation(WBHIDCO)</para>
                </funding>
                <studyAreaDescription>
                    <descriptor name="generic" citableClassificationSystem="false">
                        <descriptorValue>The study area encompasses a total land area of 480 acres(including a 104 acres waterbody with an island in the middle)and comprises a wide variety of microhabitats. These microhabitats consist of grassland, a mixed forest containing tree species such as Arjuna, Rain tree, Sal, Mahua, Simul, and Babul in the rainforest section, as well as fruit trees, flower trees, vegetable plants, bushes, and shrubs. Additionally, there is a designated area known as the &quot;Butterfly Garden,&quot; which features a collection of shrubs and herbs.
In addition to this, there exists a grassland region within the &quot;formal garden&quot; and &quot;Golfarena.&quot; Located at one periphery of the park, a diminutive expanse of wetland referred to as Pakhibitan can be found, characterized by the presence of cattails, colloquially known as &apos;hogla&apos; among the indigenous population. Located adjacent to the park lies a substantial body of freshwater, encompassing an approximate surface area of 104 acres.</descriptorValue>
                    </descriptor>
                </studyAreaDescription>
            </project>
    </dataset>

    <additionalMetadata>
        <metadata>
            <gbif>
                <dateStamp>2024-12-27T11:56:04Z</dateStamp>
                <citation>Chatterjee L, Basu Roy A, Samanta T, Sengupta N, Barve V (2023). Documentation of biodiversity in Newtown Ecopark, North 24 Parganas, West Bengal, India (2020-2022), excluding floral components. Nature Mates-Nature Club. Occurrence dataset https://doi.org/10.15468/t48m5z accessed via GBIF.org on 2024-12-27.</citation>
                <resourceLogoUrl>https://cloud.gbif.org/asia/logo.do?r=pakhibitanspecies_20202022</resourceLogoUrl>
            </gbif>
        </metadata>
    </additionalMetadata>
    </eml:eml>
