<?xml version="1.0" encoding="utf-8"?>
<eml:eml xmlns:eml="https://eml.ecoinformatics.org/eml-2.2.0" xmlns:xsi="http://www.w3.org/2001/XMLSchema-instance"
         xsi:schemaLocation="https://eml.ecoinformatics.org/eml-2.2.0 https://rs.gbif.org/schema/eml-gbif-profile/1.3/eml.xsd"
packageId="8db2b2ef-78d4-4f48-93e0-1a960594b44b"  system="http://gbif.org" scope="system"
xml:lang="en">
    <dataset>
        <alternateIdentifier>10.15468/6yu4w8</alternateIdentifier>
        <alternateIdentifier>https://science-net.kahaku.go.jp/ipt2/resource?r=snet-1055-104</alternateIdentifier>
        <alternateIdentifier>http://science-net.kahaku.go.jp/ipt2/resource?r=snet-1055-104</alternateIdentifier>
        <alternateIdentifier>8db2b2ef-78d4-4f48-93e0-1a960594b44b</alternateIdentifier>
        <alternateIdentifier>http://gbif.science-net.kahaku.go.jp:8081/ipt2/resource?r=snet-1055-104</alternateIdentifier>
        <title>Insecta Specimens of Kawasaki Municipal Science Museum</title>
        <creator>
            <individualName>
                <givenName>Kenichiro</givenName>
                <surName>Takanaka</surName>
            </individualName>
            <organizationName>Kawasaki Municipal Science Museum</organizationName>
            <positionName>Curator</positionName>
            <address>
                <country>JAPAN</country>
            </address>
            <electronicMailAddress>takanaka-k@city.kawasaki.jp</electronicMailAddress>
        </creator>
        <metadataProvider>
            <individualName>
                <givenName>Kenichiro</givenName>
                <surName>Takanaka</surName>
            </individualName>
            <organizationName>Kawasaki Municipal Science Museum</organizationName>
            <positionName>Curator</positionName>
            <address>
                <country>JAPAN</country>
            </address>
            <electronicMailAddress>takanaka-k@city.kawasaki.jp</electronicMailAddress>
        </metadataProvider>
        <pubDate>
                2023-03-22
        </pubDate>
        <language>ENGLISH</language>
        <abstract>
            Insecta specimens deposited at the Kawasaki Municipal Science Museum (KMM).
        </abstract>
        <keywordSet>
            <keyword>Occurrence</keyword>
            <keywordThesaurus>GBIF Dataset Type Vocabulary: http://rs.gbif.org/vocabulary/gbif/dataset_type_2015-07-10.xml</keywordThesaurus>
        </keywordSet>
        <intellectualRights>
            <para>This work is licensed under a <ulink url="http://creativecommons.org/licenses/by/4.0/legalcode"><citetitle>Creative Commons Attribution (CC-BY) 4.0 License</citetitle></ulink>.</para>
        </intellectualRights>
        <licensed>
            <licenseName>Creative Commons Attribution 4.0 International</licenseName>
            <url>https://spdx.org/licenses/CC-BY-4.0.html</url>
            <identifier>CC-BY-4.0</identifier>
        </licensed>
        <distribution scope="document">
            <online>
                <url function="download">https://science-net.kahaku.go.jp/ipt2/archive.do?r=snet-1055-104</url>
            </online>
        </distribution>
        <maintenance>
            <description>
                <para></para>
            </description>
            <maintenanceUpdateFrequency>unkown</maintenanceUpdateFrequency>
        </maintenance>
        <contact>
            <individualName>
                <givenName>Kenichiro</givenName>
                <surName>Takanaka</surName>
            </individualName>
            <organizationName>Kawasaki Municipal Science Museum</organizationName>
            <positionName>Curator</positionName>
            <address>
                <country>JAPAN</country>
            </address>
            <electronicMailAddress>takanaka-k@city.kawasaki.jp</electronicMailAddress>
        </contact>

    </dataset>

    <additionalMetadata>
        <metadata>
            <gbif>
                <dateStamp>2024-12-27T11:56:09Z</dateStamp>
                <citation>Takanaka K (2023). Insecta Specimens of Kawasaki Municipal Science Museum. Version 1.7. National Museum of Nature and Science, Japan. Occurrence dataset https://doi.org/10.15468/6yu4w8 accessed via GBIF.org on 2024-12-27.</citation>
            </gbif>
        </metadata>
    </additionalMetadata>
    </eml:eml>
