<?xml version="1.0" encoding="utf-8"?>
<eml:eml xmlns:eml="https://eml.ecoinformatics.org/eml-2.2.0" xmlns:xsi="http://www.w3.org/2001/XMLSchema-instance"
         xsi:schemaLocation="https://eml.ecoinformatics.org/eml-2.2.0 https://rs.gbif.org/schema/eml-gbif-profile/1.3/eml.xsd"
packageId="999d8fed-d06d-48d8-87ee-cc36e6c8456c"  system="http://gbif.org" scope="system"
xml:lang="en">
    <dataset>
        <alternateIdentifier>10.15468/jolylt</alternateIdentifier>
        <alternateIdentifier>999d8fed-d06d-48d8-87ee-cc36e6c8456c</alternateIdentifier>
        <alternateIdentifier>http://aduipt.uct.ac.za:8080/ipt-2.3.2/resource?r=kenya_virtual_museum_records</alternateIdentifier>
        <title>Kenya Virtual Museum Records</title>
        <creator>
            <individualName>
                <givenName>Rene</givenName>
                <surName>Navarro</surName>
            </individualName>
            <organizationName>FitzPatrick Institute of African Ornithology</organizationName>
            <positionName>Information Systems Specialist</positionName>
            <address>
                <deliveryPoint>Rondebosch</deliveryPoint>
                <city>Cape Town</city>
                <administrativeArea>Western Cape</administrativeArea>
                <postalCode>7701</postalCode>
                <country>SOUTH_AFRICA</country>
            </address>
            <phone>+27216504751</phone>
            <electronicMailAddress>rene.navarro@uct.ac.za</electronicMailAddress>
            <onlineUrl>http://www.fitzpatrick.uct.ac.za/fitz/staff/support/navarro</onlineUrl>
            <userId directory="http://orcid.org/">0000-0003-2203-0481</userId>
        </creator>
        <metadataProvider>
            <individualName>
                <givenName>Rene</givenName>
                <surName>Navarro</surName>
            </individualName>
            <organizationName>FitzPatrick Institute of African Ornithology</organizationName>
            <positionName>Information Systems Specialist</positionName>
            <address>
                <deliveryPoint>Rondebosch</deliveryPoint>
                <city>Cape Town</city>
                <administrativeArea>Western Cape</administrativeArea>
                <postalCode>7701</postalCode>
                <country>SOUTH_AFRICA</country>
            </address>
            <phone>+27-21-650-4751</phone>
            <electronicMailAddress>rene.navarro@uct.ac.za</electronicMailAddress>
            <onlineUrl>http://www.fitzpatrick.uct.ac.za/fitz/staff/support/navarro</onlineUrl>
            <userId directory="http://orcid.org/">0000-0003-2203-0481</userId>
        </metadataProvider>
        <metadataProvider>
            <individualName>
                <givenName>Colin</givenName>
                <surName>Jackson</surName>
            </individualName>
            <organizationName>A Rocha Kenya</organizationName>
            <positionName>Director</positionName>
            <address>
                <deliveryPoint>Plot 28, Beach Road</deliveryPoint>
                <city>Watamu</city>
                <country>KENYA</country>
            </address>
            <electronicMailAddress>colin.jackson@arocha.org</electronicMailAddress>
        </metadataProvider>
        <associatedParty>
            <individualName>
                <givenName>Michael</givenName>
                <surName>Brooks</surName>
            </individualName>
            <electronicMailAddress>michael.brooks@uct.ac.za</electronicMailAddress>
            <role>USER</role>
        </associatedParty>
        <pubDate>
                2024-12-20
        </pubDate>
        <language>ENGLISH</language>
        <abstract>
            <para>This data-set contains Virtual Museum records for Kenya, it is part of the project &amp;#34;Prioritizing conservation management in an East African forest landscape&amp;#34; (Project ID BID-AF2017-0274-NAC).</para><para>The Virtual Museum (VM) is a database system and corresponding web front-end, it is a research tool with the following main objectives: (1) to provide a platform for citizen scientists to contribute to science-driven biodiversity projects; submitted records are identified and vetted online by a panel of experts; (2) to serve as a repository for the long term curation of distributional data sets; (3) to provide open access to distributional data in the form of maps and lists. The VM has been used as the platform for the Conservation Assessment of reptiles, butterflies, mammals and birds.  Currently the VM hosts 17 biodiversity projects: BirdPix (bird pictures archive), BOP (odd plumages of birds), DungBeetleMAP (atlas of dung beetles, Coleoptera: Scarabaeidae), EchinoMAP (atlas of African Echinoderma , sea stars, sea urchins and brittle stars), FishMAP (atlas of freshwater fish in southern and eastern Africa), FrogMAP (atlas of African frogs), LacewingMAP (atlas of African Neuroptera and Megaloptera), MushroomMAP (atlas of South African Mushrooms), OdonataMAP (atlas of African Odonata), OrchidMAP (atlas of African Orchids), PHOWN (photos of weaver nests), LepiMAP (atlas of African Lepidoptera), ReptileMAP (atlas of African Reptiles), ScorpionMAP (atlas of African Scorpions), SpiderMAP (atlas of African Spiders), MammalMAP (atlas of African Mammals), TreeMAP (atlas of South African trees).</para>
        </abstract>
        <keywordSet>
            <keyword>genus</keyword>
            <keyword>species</keyword>
            <keyword>citizen science</keyword>
            <keyword>Orchids; Lepidoptera; Reptiles; Scorpions; Spidera; Mammals; Trees.</keyword>
            <keyword>volunteer; Birds; Dung Beetles (Coleoptera: Scarabaeidae); Echinoderma (sea stars</keyword>
            <keyword>spatial</keyword>
            <keyword>Occurrence</keyword>
            <keyword>sea urchins and brittle stars); Freshwater fish; Frogs; Lacewings (Neuroptera and Megaloptera); Mushrooms; Odonata</keyword>
            <keyword>temporal</keyword>
            <keywordThesaurus>GBIF Dataset Type Vocabulary: http://rs.gbif.org/vocabulary/gbif/dataset_type.xml</keywordThesaurus>
        </keywordSet>
        <keywordSet>
            <keyword>Observation</keyword>
            <keywordThesaurus>GBIF Dataset Subtype Vocabulary: http://rs.gbif.org/vocabulary/gbif/dataset_subtype.xml</keywordThesaurus>
        </keywordSet>
        <intellectualRights>
            <para>This work is licensed under a <ulink url="http://creativecommons.org/licenses/by/4.0/legalcode"><citetitle>Creative Commons Attribution (CC-BY) 4.0 License</citetitle></ulink>.</para>
        </intellectualRights>
        <licensed>
            <licenseName>Creative Commons Attribution 4.0 International</licenseName>
            <url>https://spdx.org/licenses/CC-BY-4.0.html</url>
            <identifier>CC-BY-4.0</identifier>
        </licensed>
        <distribution scope="document">
            <online>
                <url function="information">http://vmus.adu.org.za</url>
            </online>
        </distribution>
        <distribution scope="document">
            <online>
                <url function="download">http://aduipt.uct.ac.za:8080/ipt-2.3.2/archive.do?r=kenya_virtual_museum_records</url>
            </online>
        </distribution>
        <coverage>
            <geographicCoverage>
                <geographicDescription>This resource covers Virtual Museum records throughout Kenya.</geographicDescription>
                <boundingCoordinates>
                    <westBoundingCoordinate>33.51</westBoundingCoordinate>
                    <eastBoundingCoordinate>42.61</eastBoundingCoordinate>
                    <northBoundingCoordinate>4.95</northBoundingCoordinate>
                    <southBoundingCoordinate>-5.39</southBoundingCoordinate>
                </boundingCoordinates>
            </geographicCoverage>
            <taxonomicCoverage>
                <generalTaxonomicCoverage>Most occurrence correspond to photographic records identified to species level by an appointed panel of taxonomic experts in each major taxa covered by the data set.</generalTaxonomicCoverage>
                <taxonomicClassification>
                    <taxonRankName>Class</taxonRankName>
                    <taxonRankValue>Aves</taxonRankValue>
                    <commonName>Birds</commonName>
                </taxonomicClassification>
                <taxonomicClassification>
                    <taxonRankName>Family</taxonRankName>
                    <taxonRankValue>Scarabaeidae</taxonRankValue>
                    <commonName>Dung Beetles</commonName>
                </taxonomicClassification>
                <taxonomicClassification>
                    <taxonRankName>Phylum</taxonRankName>
                    <taxonRankValue>Echinodermata</taxonRankValue>
                    <commonName>sea stars, sea urchins and brittle stars</commonName>
                </taxonomicClassification>
                <taxonomicClassification>
                    <taxonRankName>Class</taxonRankName>
                    <taxonRankValue>Osteichthyes</taxonRankValue>
                    <commonName>fishes</commonName>
                </taxonomicClassification>
                <taxonomicClassification>
                    <taxonRankName>Class</taxonRankName>
                    <taxonRankValue>Amphibia</taxonRankValue>
                    <commonName>Frogs</commonName>
                </taxonomicClassification>
                <taxonomicClassification>
                    <taxonRankName>Class</taxonRankName>
                    <taxonRankValue>Reptilia</taxonRankValue>
                    <commonName>reptiles</commonName>
                </taxonomicClassification>
                <taxonomicClassification>
                    <taxonRankName>Class</taxonRankName>
                    <taxonRankValue>Mammalia</taxonRankValue>
                    <commonName>Mammals</commonName>
                </taxonomicClassification>
                <taxonomicClassification>
                    <taxonRankName>Order</taxonRankName>
                    <taxonRankValue>Neuroptera</taxonRankValue>
                    <commonName>Lacewings, Ant lions</commonName>
                </taxonomicClassification>
                <taxonomicClassification>
                    <taxonRankName>Order</taxonRankName>
                    <taxonRankValue>Megaloptera</taxonRankValue>
                    <commonName>Alderflies, Dobsonflies</commonName>
                </taxonomicClassification>
                <taxonomicClassification>
                    <taxonRankName>Order</taxonRankName>
                    <taxonRankValue>Lepidoptera</taxonRankValue>
                    <commonName>Butterflies, Moths</commonName>
                </taxonomicClassification>
                <taxonomicClassification>
                    <taxonRankName>Order</taxonRankName>
                    <taxonRankValue>Scorpiones</taxonRankValue>
                    <commonName>Scorpions</commonName>
                </taxonomicClassification>
                <taxonomicClassification>
                    <taxonRankName>Order</taxonRankName>
                    <taxonRankValue>Araneae</taxonRankValue>
                    <commonName>Spiders</commonName>
                </taxonomicClassification>
            </taxonomicCoverage>
        </coverage>
        <maintenance>
            <description>
                <para></para>
            </description>
            <maintenanceUpdateFrequency>monthly</maintenanceUpdateFrequency>
        </maintenance>
        <contact>
            <individualName>
                <givenName>Peter</givenName>
                <surName>Njoroge</surName>
            </individualName>
            <organizationName>Nairobi Museum</organizationName>
            <positionName>Management team</positionName>
            <address>
                <deliveryPoint>Nairobi</deliveryPoint>
                <city>Nairobi</city>
                <country>KENYA</country>
            </address>
            <phone>+254724521770</phone>
            <electronicMailAddress>pnjoroge@museums.or.ke</electronicMailAddress>
        </contact>
        <methods>
            <methodStep>
                <description>
                    <para>The Virtual Museum consists of photographic records submitted by citizen scientists, the data includes locality description and precise point-location data.</para>
                </description>
            </methodStep>
            <sampling>
                <studyExtent>
                    <description>
                        <para>Virtual Museum data consist mostly of photographic records submitted by citizen scientists across Africa.</para>
                    </description>
                </studyExtent>
                <samplingDescription>
                    <para>The Virtual Museum consists of photographic records submitted by citizen scientists, the data includes locality description and precise point-location data. However, the coordinates of the data presented here are given as the center-point of a 15x15 minute grid.

The VM system can also include other type of data: sighting data, museum (specimen) records, camera-trap records, and literature records.</para>
                </samplingDescription>
            </sampling>
            <qualityControl>
                <description>
                    <para>Identification of photographic records is done by an appointed panel of taxonomic experts in the respective taxa that the various projects hosted by the Virtual Museum system.</para>
                </description>
            </qualityControl>
        </methods>

            <project id="BID-AF2017-0274-NAC">
                <title>A checklist of the reptiles and amphibians of Arabuko-Sokoke Forest, Kenya, 2018</title>
                <personnel>
                    <individualName>
                    <givenName>James</givenName>
                    <surName>Ashe</surName>
                    </individualName>
                    <role>AUTHOR</role>
                </personnel>
                <personnel>
                    <individualName>
                    <givenName>Steve</givenName>
                    <surName>Spawls</surName>
                    </individualName>
                    <role>AUTHOR</role>
                </personnel>
                <personnel>
                    <individualName>
                    <givenName>Patrick</givenName>
                    <surName>Malonza</surName>
                    </individualName>
                    <role>AUTHOR</role>
                </personnel>
                <personnel>
                    <individualName>
                    <givenName>Jesse</givenName>
                    <surName>Borden</surName>
                    </individualName>
                    <role>AUTHOR</role>
                </personnel>
                <personnel>
                    <individualName>
                    <givenName>Rene</givenName>
                    <surName>Navarro</surName>
                    </individualName>
                    <role>AUTHOR</role>
                </personnel>
                <personnel>
                    <individualName>
                    <givenName>Colin H.W.</givenName>
                    <surName>Jackson</surName>
                    </individualName>
                    <role>AUTHOR</role>
                </personnel>
                <personnel>
                    <individualName>
                    <givenName>Judith A.</givenName>
                    <surName>Ochieng</surName>
                    </individualName>
                    <role>AUTHOR</role>
                </personnel>
                <abstract>
                    <para>This Checklist lists the 88 species of reptiles and 30 species of amphibians recorded within the boundary of Arabuko-Sokoke Forest on the north coast of Kenya. Arabuko-Sokoke is internationally known for its rich and threatened biodiversity and, in spite of being a ‘dry’ coastal forest, holds 33 species of frog. While the list represents studies carried out on the herps of the forest over a period of more than 80 years, relatively few experts have spent significant time in the forest and there are still species constantly being discovered in the forest. Broadley&apos;s Dwarf Gecko (Lygodactylus broadleyi) was discovered in 2018 and earlier Usambara Forest Gecko Cnemaspis africana together with two undescribed limbless skinks in the genera Scolecoseps and Melanoseps. The checklist uses the accepted scientific names of species as at date of publication including authorship with additional columns as per Darwin Core Standards. The records were collected primarily through sight observations and capture of individuals. The data were digitized by A Rocha Kenya and verified by other lead authors.</para>
                </abstract>
                <funding>
                    <para>European Union through GBIF: https://www.gbif.org/project/7EOzw96rgAoSKKUgYaoaCe/prioritizing-conservation-management-in-an-east-african-forest-landscape</para>
                </funding>
                <studyAreaDescription>
                    <descriptor name="generic" citableClassificationSystem="false">
                        <descriptorValue>Arabuko-Sokoke Forest is the largest remaining patch of indigenous coastal forest in East Africa. It is located just south of Malindi at 03° 20’ S, 39° 50’ E. It predominantly consists of three distinct forest habitat types: Cynometra Forest (c. 23,500 ha) which is dominated by Cynometra webberi and Manilkara sulcata; it used also to be dominated by Brachylaena huilliensis but this has been largely selectively removed; Brachystegia Woodland (c. 7,700 ha), dominated by Brachystegia spiciformis on white sandy soil; and Mixed Forest (c.7,000 ha) which occurs on the eastern side and has a diverse tree flora including Afzelia quanzensis (formerly dominant), Hymenaea verrucosa, Combretum schumannii and Manilkara sansibarensis and the cycad Encephalartos hildebrandtii. A series of seasonal wetlands run north-south along the length of the forest where the more clay-rich red soils of the Cynometra underlie the permeable white sandy soil of the Brachystegia. Plantations of exotic trees exist mostly around the Gede and Jilore forest stations in the north with one smaller plantation along the southern boundary. The forest now fully isolated as a habitat being surrounded by low grade farmland with all forest cover removed.</descriptorValue>
                    </descriptor>
                </studyAreaDescription>
                <designDescription>
                    <description>
                        <para>This checklist contains records of reptiles and amphibians found in Arabuko-Sokoke Forest. It is based on a list first compiled by James Ashe in 1999 and added to and edited by the other lead authors. The records are from confirmed observations, identifiable photographs and trapped animals. The checklist was digitised and prepared for publishing through GBIF by A Rocha Kenya.</para>
                    </description>
                </designDescription>
            </project>
    </dataset>

    <additionalMetadata>
        <metadata>
            <gbif>
                <dateStamp>2024-12-27T11:56:05Z</dateStamp>
                <citation>Navarro R, Jackson C (2024). Kenya Virtual Museum Records. Version 1.38. FitzPatrick Institute of African Ornithology. Occurrence dataset https://doi.org/10.15468/jolylt accessed via GBIF.org on 2024-12-27.</citation>
            </gbif>
        </metadata>
    </additionalMetadata>
    </eml:eml>
