<?xml version="1.0" encoding="utf-8"?>
<eml:eml xmlns:eml="https://eml.ecoinformatics.org/eml-2.2.0" xmlns:xsi="http://www.w3.org/2001/XMLSchema-instance"
         xsi:schemaLocation="https://eml.ecoinformatics.org/eml-2.2.0 https://rs.gbif.org/schema/eml-gbif-profile/1.3/eml.xsd"
packageId="a255c20a-10de-4bb7-8ba8-10ba413a9845"  system="http://gbif.org" scope="system"
xml:lang="en">
    <dataset>
        <alternateIdentifier>10.15468/ydut5r</alternateIdentifier>
        <alternateIdentifier>a255c20a-10de-4bb7-8ba8-10ba413a9845</alternateIdentifier>
        <alternateIdentifier>https://cloud.gbif.org/asia/resource?r=1stdiversityindiameet_2022</alternateIdentifier>
        <title>First DiversityIndia Meet (2022) held at Sundarbans, West Bengal, India</title>
        <creator>
            <individualName>
                <givenName>Rishin</givenName>
                <surName>Basu Roy</surName>
            </individualName>
            <organizationName>Nature Mates-Nature club</organizationName>
            <positionName>Researcher</positionName>
            <address>
                <deliveryPoint>6/7 Bijoygarh</deliveryPoint>
                <city>Kolkata</city>
                <administrativeArea>West Bengal</administrativeArea>
                <postalCode>700032</postalCode>
                <country>INDIA</country>
            </address>
            <electronicMailAddress>wildrishin@gmail.com</electronicMailAddress>
            <onlineUrl>http://www.naturematesindia.org</onlineUrl>
            <userId directory="https://orcid.org/">0000-0002-9638-818X</userId>
        </creator>
        <creator>
            <individualName>
                <givenName>Angshuman</givenName>
                <surName>Raha</surName>
            </individualName>
            <organizationName>Zoological Survey of India</organizationName>
            <positionName>Post-doctoral fellow</positionName>
            <address>
                <city>Kolkata</city>
                <administrativeArea>West Bengal</administrativeArea>
                <country>INDIA</country>
            </address>
            <electronicMailAddress>adroitangshuman@gmail.com</electronicMailAddress>
            <userId directory="https://orcid.org/">0000-0001-6992-7056</userId>
        </creator>
        <creator>
            <individualName>
                <givenName>Anisha</givenName>
                <surName>Mazumdar</surName>
            </individualName>
            <organizationName>Nature Mates-Nature Club</organizationName>
            <positionName>Field Assistant: Biodiversity Surveys</positionName>
            <address>
                <deliveryPoint>6/7 Bijoygarh</deliveryPoint>
                <city>Kolkata</city>
                <administrativeArea>West Bengal</administrativeArea>
                <postalCode>700032</postalCode>
                <country>INDIA</country>
            </address>
            <electronicMailAddress>anisha.naturemates@gmail.com</electronicMailAddress>
            <onlineUrl>http://www.naturematesindia.org</onlineUrl>
            <userId directory="https://orcid.org/">0000-0002-4860-8125</userId>
        </creator>
        <creator>
            <individualName>
                <givenName>Anubhav</givenName>
                <surName>Agarwal</surName>
            </individualName>
            <organizationName>Individual Researcher</organizationName>
            <positionName>Entomologist, Biodiversity Consultant</positionName>
            <address>
                <city>Chennai</city>
                <administrativeArea>Tamil Nadu</administrativeArea>
                <country>INDIA</country>
            </address>
            <electronicMailAddress>anubhavpost@gmail.com</electronicMailAddress>
            <userId directory="https://orcid.org/">0000-0003-2711-8888</userId>
        </creator>
        <creator>
            <individualName>
                <givenName>Devsena</givenName>
                <surName>Roychaudhury</surName>
            </individualName>
            <organizationName>Nature Mates Nature Club</organizationName>
            <positionName>Treasurer</positionName>
            <address>
                <deliveryPoint>6/7 Bijoygarh</deliveryPoint>
                <city>Kolkata</city>
                <administrativeArea>West Bengal</administrativeArea>
                <postalCode>700032</postalCode>
                <country>INDIA</country>
            </address>
            <phone>9477275731</phone>
            <electronicMailAddress>devsena.nm@gmail.com</electronicMailAddress>
            <onlineUrl>http://www.naturematesindia.org</onlineUrl>
            <userId directory="https://orcid.org/">0000-0002-1722-8795</userId>
        </creator>
        <creator>
            <individualName>
                <givenName>Namrata</givenName>
                <surName>Das</surName>
            </individualName>
            <organizationName>Nature Mates Nature Club</organizationName>
            <positionName>Research Fellow</positionName>
            <address>
                <deliveryPoint>6/7 Bijoygarh</deliveryPoint>
                <city>Kolkata</city>
                <administrativeArea>West Bengal</administrativeArea>
                <postalCode>700032</postalCode>
                <country>INDIA</country>
            </address>
            <electronicMailAddress>namratadas49@gmail.com</electronicMailAddress>
            <onlineUrl>http://www.naturematesindia.org</onlineUrl>
            <userId directory="https://orcid.org/">0000-0001-9694-9517</userId>
        </creator>
        <creator>
            <individualName>
                <givenName>Nandita</givenName>
                <surName>Barman</surName>
            </individualName>
            <organizationName>Nature Mates Nature Club</organizationName>
            <positionName>Research Fellow</positionName>
            <address>
                <deliveryPoint>6/7 Bijoygarh</deliveryPoint>
                <city>Kolkata</city>
                <administrativeArea>West Bengal</administrativeArea>
                <postalCode>700032</postalCode>
                <country>INDIA</country>
            </address>
            <electronicMailAddress>barmannandita283@gmail.com</electronicMailAddress>
            <onlineUrl>http://www.naturematesindia.org</onlineUrl>
            <userId directory="https://orcid.org/">0000-0001-6109-7633</userId>
        </creator>
        <creator>
            <individualName>
                <givenName>Nivedita</givenName>
                <surName>Sengupta</surName>
            </individualName>
            <organizationName>Nature Mates-Nature Club</organizationName>
            <positionName>Intern</positionName>
            <address>
                <deliveryPoint>6/7 Bijoygarh</deliveryPoint>
                <city>Kolkata</city>
                <administrativeArea>West Bengal</administrativeArea>
                <postalCode>700032</postalCode>
                <country>INDIA</country>
            </address>
            <electronicMailAddress>niveditasngpta.ns@gmail.com</electronicMailAddress>
            <onlineUrl>http://www.naturematesindia.org</onlineUrl>
            <userId directory="https://orcid.org/">0000-0003-1085-7385</userId>
        </creator>
        <creator>
            <individualName>
                <givenName>Prosenjit</givenName>
                <surName>Dawn</surName>
            </individualName>
            <organizationName>Shyampur Siddheswari Mahavidyalaya, Howrah, West Bengal; Nature Mates Nature Club</organizationName>
            <positionName>Assistant Professor</positionName>
            <address>
                <deliveryPoint>6/7 Bijoygarh</deliveryPoint>
                <city>Kolkata</city>
                <administrativeArea>West Bengal</administrativeArea>
                <postalCode>700032</postalCode>
                <country>INDIA</country>
            </address>
            <electronicMailAddress>prosenjit.dawn@gmail.com</electronicMailAddress>
            <onlineUrl>http://www.naturematesindia.org</onlineUrl>
            <userId directory="https://orcid.org/">0000-0001-9473-6702</userId>
        </creator>
        <creator>
            <individualName>
                <givenName>Purab</givenName>
                <surName>Chowdhury</surName>
            </individualName>
            <organizationName>Burdwan Medical College</organizationName>
            <positionName>Student</positionName>
            <address>
                <city>Kolkata</city>
                <administrativeArea>West Bengal</administrativeArea>
                <postalCode>700032</postalCode>
                <country>INDIA</country>
            </address>
            <electronicMailAddress>purab2k@gmail.com</electronicMailAddress>
        </creator>
        <creator>
            <individualName>
                <givenName>Sarika</givenName>
                <surName>Baidya</surName>
            </individualName>
            <organizationName>Nature Mates-Nature Club</organizationName>
            <positionName>Senior Research Fellow</positionName>
            <address>
                <deliveryPoint>6/7 Bijoygarh</deliveryPoint>
                <city>Kolkata</city>
                <administrativeArea>West Bengal</administrativeArea>
                <postalCode>700032</postalCode>
                <country>INDIA</country>
            </address>
            <electronicMailAddress>bukun.nm@gmail.com</electronicMailAddress>
            <onlineUrl>http://www.naturematesindia.org</onlineUrl>
            <userId directory="https://orcid.org/">0000-0003-4345-8049</userId>
        </creator>
        <creator>
            <individualName>
                <givenName>Saswati</givenName>
                <surName>Sinha</surName>
            </individualName>
            <organizationName>Nature Mates-Nature Club</organizationName>
            <positionName>Junior Research Fellow</positionName>
            <address>
                <deliveryPoint>6/7 Bijoygarh</deliveryPoint>
                <city>Kolkata</city>
                <administrativeArea>West Bengal</administrativeArea>
                <postalCode>700032</postalCode>
                <country>INDIA</country>
            </address>
            <electronicMailAddress>ssinhasaswatis@gmail.com</electronicMailAddress>
            <onlineUrl>http://www.naturematesindia.org</onlineUrl>
            <userId directory="https://orcid.org/">0000-0001-9422-538X</userId>
        </creator>
        <creator>
            <individualName>
                <givenName>Soumya</givenName>
                <surName>Sarkar</surName>
            </individualName>
            <organizationName>Derozio Memorial College, Rajarhat, Kolkata; Nature Mates Nature Club</organizationName>
            <positionName>Assistant Professor</positionName>
            <address>
                <deliveryPoint>6/7 Bijoygarh</deliveryPoint>
                <city>Kolkata</city>
                <administrativeArea>West Bengal</administrativeArea>
                <postalCode>700032</postalCode>
                <country>INDIA</country>
            </address>
            <electronicMailAddress>soumyasarkar82@gmail.com</electronicMailAddress>
            <onlineUrl>http://www.naturematesindia.org</onlineUrl>
        </creator>
        <creator>
            <individualName>
                <givenName>Swapna</givenName>
                <surName>Biswas</surName>
            </individualName>
            <organizationName>Nature Mates-Nature Club</organizationName>
            <positionName>Section Incharge, Flora</positionName>
            <address>
                <deliveryPoint>6/7 Bijoygarh</deliveryPoint>
                <city>Kolkata</city>
                <administrativeArea>West Bengal</administrativeArea>
                <postalCode>700032</postalCode>
                <country>INDIA</country>
            </address>
            <electronicMailAddress>biswas.swaapna@gmail.com</electronicMailAddress>
            <onlineUrl>http://www.naturematesindia.org</onlineUrl>
        </creator>
        <creator>
            <individualName>
                <givenName>Thomas</givenName>
                <surName>Vattakaven</surName>
            </individualName>
            <organizationName>Strand Life Sciences</organizationName>
            <positionName>Senior Application Scientist IV</positionName>
            <address>
                <city>Bangalore</city>
                <administrativeArea>Karnataka</administrativeArea>
                <country>INDIA</country>
            </address>
            <electronicMailAddress>thomas.vee@gmail.com</electronicMailAddress>
            <onlineUrl>https://indiabiodiversity.org/</onlineUrl>
            <userId directory="https://orcid.org/">0000-0002-2337-3825</userId>
        </creator>
        <creator>
            <individualName>
                <givenName>Arjan</givenName>
                <surName>Basu Roy</surName>
            </individualName>
            <organizationName>Nature Mates-Nature Club</organizationName>
            <positionName>Secretary</positionName>
            <address>
                <deliveryPoint>6/7 Bijoygarh</deliveryPoint>
                <city>Kolkata</city>
                <administrativeArea>West Bengal</administrativeArea>
                <postalCode>700032</postalCode>
                <country>INDIA</country>
            </address>
            <phone>9874357414</phone>
            <electronicMailAddress>basuroyarjan@gmail.com</electronicMailAddress>
            <onlineUrl>http://www.naturematesindia.org</onlineUrl>
            <userId directory="https://orcid.org/">0000-0001-9872-3562</userId>
        </creator>
        <creator>
            <individualName>
                <givenName>Vijay</givenName>
                <surName>Barve</surName>
            </individualName>
            <organizationName>Nature Mates-Nature Club</organizationName>
            <positionName>Research Advisor</positionName>
            <address>
                <deliveryPoint>6/7 Bijoygarh</deliveryPoint>
                <city>Kolkata</city>
                <administrativeArea>West Bengal</administrativeArea>
                <postalCode>700032</postalCode>
                <country>INDIA</country>
            </address>
            <electronicMailAddress>vijay.barve@gmail.com</electronicMailAddress>
            <onlineUrl>http://www.naturematesindia.org</onlineUrl>
            <userId directory="https://orcid.org/">0000-0002-4852-2567</userId>
        </creator>
        <metadataProvider>
            <individualName>
                <givenName>Nandita</givenName>
                <surName>Barman</surName>
            </individualName>
            <organizationName>Nature Mates-Nature Club</organizationName>
            <positionName>Secretary</positionName>
            <address>
                <deliveryPoint>6/7 Bijoygarh</deliveryPoint>
                <city>Kolkata</city>
                <administrativeArea>West Bengal</administrativeArea>
                <postalCode>700032</postalCode>
                <country>INDIA</country>
            </address>
            <phone>8240781459</phone>
            <electronicMailAddress>barmannandita283@gmail.com</electronicMailAddress>
            <onlineUrl>http://www.naturematesindia.org</onlineUrl>
            <userId directory="https://orcid.org/">0000-0001-6109-7633</userId>
        </metadataProvider>
        <metadataProvider>
            <individualName>
                <givenName>Vijay</givenName>
                <surName>Barve</surName>
            </individualName>
            <organizationName>Nature Mates-Nature Club</organizationName>
            <positionName>Research Advisor</positionName>
            <address>
                <deliveryPoint>6/7 Bijoygarh</deliveryPoint>
                <city>Kolkata</city>
                <administrativeArea>West Bengal</administrativeArea>
                <postalCode>700032</postalCode>
                <country>INDIA</country>
            </address>
            <electronicMailAddress>vijay.barve@gmail.com</electronicMailAddress>
            <onlineUrl>http://www.naturematesindia.org</onlineUrl>
            <userId directory="https://orcid.org/">0000-0002-4852-2567</userId>
        </metadataProvider>
        <metadataProvider>
            <individualName>
                <givenName>Arjan</givenName>
                <surName>Basu Roy</surName>
            </individualName>
            <organizationName>Nature Mates-Nature Club</organizationName>
            <positionName>Secretary</positionName>
            <address>
                <deliveryPoint>6/7 Bijoygarh</deliveryPoint>
                <city>Kolkata</city>
                <administrativeArea>West Bengal</administrativeArea>
                <postalCode>700032</postalCode>
                <country>INDIA</country>
            </address>
            <phone>9874357414</phone>
            <electronicMailAddress>basuroyarjan@gmail.com</electronicMailAddress>
            <onlineUrl>http://www.naturematesindia.org</onlineUrl>
            <userId directory="https://orcid.org/">0000-0001-9872-3562</userId>
        </metadataProvider>
        <associatedParty>
            <individualName>
                <givenName>Nandita</givenName>
                <surName>Barman</surName>
            </individualName>
            <electronicMailAddress>barmannandita283@gmail.com</electronicMailAddress>
            <role>USER</role>
        </associatedParty>
        <pubDate>
                2022-12-05
        </pubDate>
        <language>ENGLISH</language>
        <abstract>
            Since 2001, DiversityIndia has been a bustling online community for citizen scientists in India. Since 2008, they have coordinated diverse taxa-based diversity documentation in India in partnership with Nature Mates. The Sundarbans, one of the world&amp;#39;s most elusive habitats, hosted a multi-taxon meet for the first time.
The Indian Sundarban is a tidal influence zone where the tide has a significant impact on the local wildlife. In addition to the estuarine crocodile and a wide variety of other fauna, this is the only area where it is possible to see Bengal Tigers in the wild. The ecosystem is unique because it supports mangroves, plants with an alternate root system. This forest&amp;#39;s floral inhabitants not only give it a distinctive appearance, but also one of the most exquisite habitats on earth. The Indian Sundarbans are connected to their counterpart in Bangladesh, making them together the world&amp;#39;s largest mangrove environment.
On the morning of April 16, 2022, the 33-person crew (including local camp staffs) convened on Bali Island, one of the inhabited islands of the Indian Sundarbans. Following a formal introduction, the group broke out into smaller groups of like-minded taxonomic enthusiasts and began recording each one using location, time, and date data. Those that were not immediately recognised in the field were later recognised from photographs taken there with the assistance of numerous experts in diverse taxa. The third day was devoted to collecting information about the agricultural fields that were dispersed around the hamlet on Bali Island and documenting the many forms of biodiversity that were seen. Like the team did on the first day, data were gathered as they were needed. The majority of the plant data were gathered on this day, encompassing the mangrove plants in the intertidal zones scattered around the village&amp;#39;s periphery. The following day (2022-04-18), the entire team used a patrol boat to go out into the forest and spend the entire day visiting a few Forest Camps. Additionally, data were collected while the camp was in transit, between locations, and until our camp returned to Bali Island. The current data set, which is a first-of-its-kind data set from the Indian Sundarbans covering so many diverse taxon, is the outcome of the work done during the aforementioned field trip.
        </abstract>
        <keywordSet>
            <keyword>Occurrence</keyword>
            <keywordThesaurus>GBIF Dataset Type Vocabulary: http://rs.gbif.org/vocabulary/gbif/dataset_type_2015-07-10.xml</keywordThesaurus>
        </keywordSet>
        <keywordSet>
            <keyword>Observation</keyword>
            <keywordThesaurus>GBIF Dataset Subtype Vocabulary: http://rs.gbif.org/vocabulary/gbif/dataset_subtype.xml</keywordThesaurus>
        </keywordSet>
        <intellectualRights>
            <para>To the extent possible under law, the publisher has waived all rights to these data and has dedicated them to the <ulink url="http://creativecommons.org/publicdomain/zero/1.0/legalcode"><citetitle>Public Domain (CC0 1.0)</citetitle></ulink>. Users may copy, modify, distribute and use the work, including for commercial purposes, without restriction.</para>
        </intellectualRights>
        <licensed>
            <licenseName>Creative Commons Zero v1.0 Universal</licenseName>
            <url>https://spdx.org/licenses/CC0-1.0.html</url>
            <identifier>CC0-1.0</identifier>
        </licensed>
        <distribution scope="document">
            <online>
                <url function="download">https://cloud.gbif.org/asia/archive.do?r=1stdiversityindiameet_2022</url>
            </online>
        </distribution>
        <coverage>
            <geographicCoverage>
                <geographicDescription>Bali Island, Dobanki Watchtower, Sajnekhali Watchtower, 24 Parganas South, West Bengal, India</geographicDescription>
                <boundingCoordinates>
                    <westBoundingCoordinate>88.682</westBoundingCoordinate>
                    <eastBoundingCoordinate>88.97</eastBoundingCoordinate>
                    <northBoundingCoordinate>22.149</northBoundingCoordinate>
                    <southBoundingCoordinate>21.872</southBoundingCoordinate>
                </boundingCoordinates>
            </geographicCoverage>
            <temporalCoverage>
                <rangeOfDates>
                    <beginDate>
                        <calendarDate>                2022-04-16
</calendarDate>
                    </beginDate>
                    <endDate>
                        <calendarDate>                2022-04-19
</calendarDate>
                    </endDate>
                </rangeOfDates>
            </temporalCoverage>
            <taxonomicCoverage>
                <generalTaxonomicCoverage>Total 137 plantae and 436 animals from various taxa were observed during this study.</generalTaxonomicCoverage>
                <taxonomicClassification>
                    <taxonRankName>Kingdom</taxonRankName>
                    <taxonRankValue>Plantae</taxonRankValue>
                </taxonomicClassification>
                <taxonomicClassification>
                    <taxonRankName>Kingdom</taxonRankName>
                    <taxonRankValue>Animalia</taxonRankValue>
                </taxonomicClassification>
            </taxonomicCoverage>
        </coverage>
        <maintenance>
            <description>
                <para></para>
            </description>
            <maintenanceUpdateFrequency>unkown</maintenanceUpdateFrequency>
        </maintenance>
        <contact>
            <individualName>
                <givenName>Arjan</givenName>
                <surName>Basu Roy</surName>
            </individualName>
            <organizationName>Nature Mates-Nature Club</organizationName>
            <positionName>Secretary</positionName>
            <address>
                <deliveryPoint>6/7 Bijoygarh</deliveryPoint>
                <city>Kolkata</city>
                <administrativeArea>West Bengal</administrativeArea>
                <postalCode>700032</postalCode>
                <country>INDIA</country>
            </address>
            <phone>9874357414</phone>
            <electronicMailAddress>basuroyarjan@gmail.com</electronicMailAddress>
            <onlineUrl>http://www.naturematesindia.org</onlineUrl>
            <userId directory="https://orcid.org/">0000-0001-9872-3562</userId>
        </contact>
        <methods>
            <methodStep>
                <description>
                    <para>Observation, photography, field notes</para>
                </description>
            </methodStep>
            <sampling>
                <studyExtent>
                    <description>
                        <para>Study were done in an around Bali Island, Dobanki Watchtower, Sajnekhali Watchtower and in transit between these places, during the pre-monsoon season.</para>
                    </description>
                </studyExtent>
                <samplingDescription>
                    <para>Random sampling</para>
                </samplingDescription>
            </sampling>
        </methods>

            <project id="BIFA6_029">
                <title>First DiversityIndia Meet (2022) held at Sundarbans, West Bengal, India</title>
                <personnel>
                    <individualName>
                    <givenName>Thomas</givenName>
                    <surName>Vattakaven</surName>
                    </individualName>
            <userId directory="https://orcid.org/">0000-0002-2337-3825</userId>
                    <role>AUTHOR</role>
                </personnel>
                <personnel>
                    <individualName>
                    <givenName>Arjan</givenName>
                    <surName>Basu Roy</surName>
                    </individualName>
            <userId directory="https://orcid.org/">0000-0001-9872-3562</userId>
                    <role>AUTHOR</role>
                </personnel>
                <personnel>
                    <individualName>
                    <givenName>Vijay</givenName>
                    <surName>Barve</surName>
                    </individualName>
            <userId directory="https://orcid.org/">0000-0002-4852-2567</userId>
                    <role>CUSTODIAN_STEWARD</role>
                </personnel>
                <abstract>
                    <para></para>
                </abstract>
                <funding>
                    <para></para>
                </funding>
            </project>
    </dataset>

    <additionalMetadata>
        <metadata>
            <gbif>
                <dateStamp>2024-12-27T11:56:07Z</dateStamp>
                <citation>Basu Roy R, Raha A, Mazumdar A, Agarwal A, Roychaudhury D, Das N, Barman N, Sengupta N, Dawn P, Chowdhury P, Baidya S, Sinha S, Sarkar S, Biswas S, Vattakaven T, Basu Roy A, Barve V (2022). First DiversityIndia Meet (2022) held at Sundarbans, West Bengal, India. Version 1.2. Nature Mates-Nature Club. Occurrence dataset https://doi.org/10.15468/ydut5r accessed via GBIF.org on 2024-12-27.</citation>
            </gbif>
        </metadata>
    </additionalMetadata>
    </eml:eml>
