<?xml version="1.0" encoding="utf-8"?>
<eml:eml xmlns:eml="https://eml.ecoinformatics.org/eml-2.2.0" xmlns:xsi="http://www.w3.org/2001/XMLSchema-instance"
         xsi:schemaLocation="https://eml.ecoinformatics.org/eml-2.2.0 https://rs.gbif.org/schema/eml-gbif-profile/1.3/eml.xsd"
packageId="ada5d0b1-07de-4dc0-83d4-e312f0fb81cb"  system="http://gbif.org" scope="system"
xml:lang="en">
    <dataset>
        <alternateIdentifier>10.5886/qwvt63fz</alternateIdentifier>
        <alternateIdentifier>https://data.canadensys.net/ipt/resource?r=qmor-specimens</alternateIdentifier>
        <alternateIdentifier>http://data.canadensys.net/ipt/resource?r=qmor-specimens</alternateIdentifier>
        <alternateIdentifier>10.15468/sgy37o</alternateIdentifier>
        <alternateIdentifier>http://data.canadensys.net/ipt/resource.do?r=qmor-specimens</alternateIdentifier>
        <alternateIdentifier>ada5d0b1-07de-4dc0-83d4-e312f0fb81cb</alternateIdentifier>
        <alternateIdentifier>13673</alternateIdentifier>
        <title>Ouellet-Robert Entomological Collection (QMOR) - Specimens</title>
        <creator>
            <individualName>
                <givenName>Colin</givenName>
                <surName>Favret</surName>
            </individualName>
            <organizationName>Université de Montréal</organizationName>
            <positionName>Curator</positionName>
            <address>
                <deliveryPoint>4101 rue Sherbrooke est</deliveryPoint>
                <city>Montreal</city>
                <administrativeArea>Quebec</administrativeArea>
                <postalCode>H1X2B2</postalCode>
                <country>CANADA</country>
            </address>
            <phone>514-343-2158</phone>
            <electronicMailAddress>colin.favret@umontreal.ca</electronicMailAddress>
            <onlineUrl>http://favret.aphidnet.org</onlineUrl>
            <userId directory="http://orcid.org/">0000-0001-6243-3184</userId>
        </creator>
        <metadataProvider>
            <individualName>
                <givenName>Colin</givenName>
                <surName>Favret</surName>
            </individualName>
            <organizationName>Université de Montréal</organizationName>
            <positionName>Curator</positionName>
            <address>
                <deliveryPoint>4101 rue Sherbrooke est</deliveryPoint>
                <city>Montreal</city>
                <administrativeArea>Quebec</administrativeArea>
                <postalCode>H1X2B2</postalCode>
                <country>CANADA</country>
            </address>
            <phone>514-343-2158</phone>
            <electronicMailAddress>colin.favret@umontreal.ca</electronicMailAddress>
            <onlineUrl>http://favret.aphidnet.org</onlineUrl>
            <userId directory="http://orcid.org/">0000-0001-6243-3184</userId>
        </metadataProvider>
        <associatedParty>
            <individualName>
                <givenName>Colin</givenName>
                <surName>Favret</surName>
            </individualName>
            <organizationName>Université de Montréal</organizationName>
            <positionName>Curator</positionName>
            <address>
                <deliveryPoint>4101 rue Sherbrooke est</deliveryPoint>
                <city>Montreal</city>
                <administrativeArea>Quebec</administrativeArea>
                <postalCode>H1X2B2</postalCode>
                <country>CANADA</country>
            </address>
            <phone>514-343-2158</phone>
            <electronicMailAddress>colin.favret@umontreal.ca</electronicMailAddress>
            <onlineUrl>http://favret.aphidnet.org</onlineUrl>
            <userId directory="http://orcid.org/">0000-0001-6243-3184</userId>
            <role>CUSTODIAN_STEWARD</role>
        </associatedParty>
        <associatedParty>
            <individualName>
                <givenName>Étienne</givenName>
                <surName>Normandin</surName>
            </individualName>
            <organizationName>Université de Montréal</organizationName>
            <positionName>Coordonnateur des collections</positionName>
            <address>
                <deliveryPoint>4101 rue Sherbrooke est</deliveryPoint>
                <city>Montreal</city>
                <administrativeArea>Quebec</administrativeArea>
                <postalCode>H1X 2B2</postalCode>
                <country>CANADA</country>
            </address>
            <electronicMailAddress>qmor.umontreal@gmail.com</electronicMailAddress>
            <role>POINT_OF_CONTACT</role>
        </associatedParty>
        <pubDate>
                2024-01-10
        </pubDate>
        <language>ENGLISH</language>
        <abstract>
            The Ouellet-Robert entomological collection (QMOR) is one of the larger Canadian university entomological collections and the second largest in Quebec. It comprises 1.5 million specimens, covering more than 20,000 species. Aquatic insects from many regions of the world are particularly well-represented. This dataset includes 38,295 digitized lots from the collection (192,000&amp;#43; individuals), representing the orders Odonata, Trichoptera and Ephemeroptera.
        </abstract>
        <keywordSet>
            <keyword>Canada</keyword>
            <keyword>Ouellet-Robert entomological collection</keyword>
            <keyword>Université de Montréal</keyword>
            <keyword>Collection entomologique Ouellet-Robert</keyword>
            <keyword>Quebec</keyword>
            <keyword>entomology</keyword>
            <keyword>QMOR</keyword>
            <keyword>specimens</keyword>
            <keyword>collection</keyword>
            <keyword>Canadensys</keyword>
            <keywordThesaurus>n/a</keywordThesaurus>
        </keywordSet>
        <keywordSet>
            <keyword>Occurrence</keyword>
            <keywordThesaurus>GBIF Dataset Type Vocabulary: http://rs.gbif.org/vocabulary/gbif/dataset_type.xml</keywordThesaurus>
        </keywordSet>
        <keywordSet>
            <keyword>Specimen</keyword>
            <keywordThesaurus>GBIF Dataset Subtype Vocabulary: http://rs.gbif.org/vocabulary/gbif/dataset_subtype.xml</keywordThesaurus>
        </keywordSet>
        <keywordSet>
            <keyword>Occurrence</keyword>
            <keywordThesaurus>GBIF Dataset Type Vocabulary: http://rs.gbif.org/vocabulary/gbif/dataset_type_2015-07-10.xml</keywordThesaurus>
        </keywordSet>
        <intellectualRights>
            <para>To the extent possible under law, the publisher has waived all rights to these data and has dedicated them to the <ulink url="http://creativecommons.org/publicdomain/zero/1.0/legalcode"><citetitle>Public Domain (CC0 1.0)</citetitle></ulink>. Users may copy, modify, distribute and use the work, including for commercial purposes, without restriction.</para>
        </intellectualRights>
        <licensed>
            <licenseName>Creative Commons Zero v1.0 Universal</licenseName>
            <url>https://spdx.org/licenses/CC0-1.0.html</url>
            <identifier>CC0-1.0</identifier>
        </licensed>
        <distribution scope="document">
            <online>
                <url function="information">http://qmor.umontreal.ca</url>
            </online>
        </distribution>
        <distribution scope="document">
            <online>
                <url function="download">https://data.canadensys.net/ipt/archive.do?r=qmor-specimens</url>
            </online>
        </distribution>
        <coverage>
            <geographicCoverage>
                <geographicDescription>Global terrestrial coverage (except Antartica). Over 90% of the specimens in this dataset are collected in Canada, of which 95% in the province Quebec.</geographicDescription>
                <boundingCoordinates>
                    <westBoundingCoordinate>-180</westBoundingCoordinate>
                    <eastBoundingCoordinate>180</eastBoundingCoordinate>
                    <northBoundingCoordinate>90</northBoundingCoordinate>
                    <southBoundingCoordinate>-90</southBoundingCoordinate>
                </boundingCoordinates>
            </geographicCoverage>
            <taxonomicCoverage>
                <generalTaxonomicCoverage>This dataset includes all Odonata (25,500+) and Trichoptera (7,100+) specimens in the collection. Digitization has started for Ephemeroptera (5,500+ specimens so far), but most orders in the collection have not yet been digitized.</generalTaxonomicCoverage>
                <taxonomicClassification>
                    <taxonRankName>Kingdom</taxonRankName>
                    <taxonRankValue>Animalia</taxonRankValue>
                    <commonName>Animals</commonName>
                </taxonomicClassification>
                <taxonomicClassification>
                    <taxonRankName>Order</taxonRankName>
                    <taxonRankValue>Odonata</taxonRankValue>
                    <commonName>Dragonflies</commonName>
                </taxonomicClassification>
                <taxonomicClassification>
                    <taxonRankName>Order</taxonRankName>
                    <taxonRankValue>Trichoptera</taxonRankValue>
                    <commonName>Caddisflies</commonName>
                </taxonomicClassification>
                <taxonomicClassification>
                    <taxonRankName>Order</taxonRankName>
                    <taxonRankValue>Ephemeroptera</taxonRankValue>
                    <commonName>Mayflies</commonName>
                </taxonomicClassification>
                <taxonomicClassification>
                    <taxonRankName>Class</taxonRankName>
                    <taxonRankValue>Insecta</taxonRankValue>
                    <commonName>Insects</commonName>
                </taxonomicClassification>
            </taxonomicCoverage>
        </coverage>
        <maintenance>
            <description>
                <para></para>
            </description>
            <maintenanceUpdateFrequency>unkown</maintenanceUpdateFrequency>
        </maintenance>
        <contact>
            <individualName>
                <givenName>Colin</givenName>
                <surName>Favret</surName>
            </individualName>
            <organizationName>Université de Montréal</organizationName>
            <positionName>Curator</positionName>
            <address>
                <deliveryPoint>4101 rue Sherbrooke est</deliveryPoint>
                <city>Montreal</city>
                <administrativeArea>Quebec</administrativeArea>
                <postalCode>H1X2B2</postalCode>
                <country>CANADA</country>
            </address>
            <phone>514-343-2158</phone>
            <electronicMailAddress>colin.favret@umontreal.ca</electronicMailAddress>
            <onlineUrl>http://favret.aphidnet.org</onlineUrl>
            <userId directory="http://orcid.org/">0000-0001-6243-3184</userId>
        </contact>
        <methods>
            <methodStep>
                <description>
                    <para>Examine specimen and any attached/included labels.</para>
                </description>
            </methodStep>
            <methodStep>
                <description>
                    <para>Create new record in collection database and populate fields with the information on the specimen label. Use controlled vocabularies where relevant. Determinations are recorded in a related table (included in this dataset as http://rs.gbif.org/extension/dwc/identification.xml), as are groups of individuals (e.g. 2 males, 1 female).</para>
                </description>
            </methodStep>
            <methodStep>
                <description>
                    <para>Attach the newly generated specimen number to the physical specimen.</para>
                </description>
            </methodStep>
            <sampling>
                <studyExtent>
                    <description>
                        <para>Digitization of the Odonata, Trichoptera and Ephemeroptera from the Ouellet-Robert entomological collection (QMOR).</para>
                    </description>
                </studyExtent>
                <samplingDescription>
                    <para>All data are manually digitized as text from specimen labels. No images were taken.</para>
                </samplingDescription>
            </sampling>
            <qualityControl>
                <description>
                    <para>No legacy data were present, so all data were entered using controlled vocabularies where relevant. All fields have been checked for inconsistencies.</para>
                </description>
            </qualityControl>
        </methods>

    </dataset>

    <additionalMetadata>
        <metadata>
            <gbif>
                <dateStamp>2024-12-27T11:56:11Z</dateStamp>
                <citation identifier="doi:10.5886/qwvt63fz">Favret C (2024). Ouellet-Robert Entomological Collection (QMOR) - Specimens. Version 12.6. Université de Montréal Biodiversity Centre. Occurrence dataset https://doi.org/10.5886/qwvt63fz accessed via GBIF.org on 2024-12-27.</citation>
                <physical>
                    <objectName>Canadensys explorer</objectName>
                    <characterEncoding>UTF-8</characterEncoding>
                    <dataFormat>
                        <externallyDefinedFormat>
                            <formatName>HTML</formatName>
                        </externallyDefinedFormat>
                    </dataFormat>
                    <distribution>
                        <online>
                            <url function="download">http://data.canadensys.net/explorer/d/qmor-specimens</url>
                        </online>
                    </distribution>
                </physical>
                <physical>
                    <objectName>GBIF data portal</objectName>
                    <characterEncoding>UTF-8</characterEncoding>
                    <dataFormat>
                        <externallyDefinedFormat>
                            <formatName>HTML</formatName>
                        </externallyDefinedFormat>
                    </dataFormat>
                    <distribution>
                        <online>
                            <url function="download">http://www.gbif.org/dataset/ada5d0b1-07de-4dc0-83d4-e312f0fb81cb</url>
                        </online>
                    </distribution>
                </physical>
                <resourceLogoUrl>http://data.canadensys.net/ipt/logo.do?r=qmor-specimens</resourceLogoUrl>
                <collection>
                    <parentCollectionIdentifier>QMOR</parentCollectionIdentifier>
                    <collectionIdentifier>QMOR</collectionIdentifier>
                    <collectionName>Ouellet-Robert Entomological Collection</collectionName>
                </collection>
                <formationPeriod>1930-present</formationPeriod>
                <specimenPreservationMethod>OTHER</specimenPreservationMethod>
            </gbif>
        </metadata>
    </additionalMetadata>
    </eml:eml>
