<?xml version="1.0" encoding="utf-8"?>
<eml:eml xmlns:eml="https://eml.ecoinformatics.org/eml-2.2.0" xmlns:xsi="http://www.w3.org/2001/XMLSchema-instance"
         xsi:schemaLocation="https://eml.ecoinformatics.org/eml-2.2.0 https://rs.gbif.org/schema/eml-gbif-profile/1.3/eml.xsd"
packageId="b02d28a4-a874-49f3-935b-f33d0d8b5d1a"  system="http://gbif.org" scope="system"
xml:lang="en">
    <dataset>
        <alternateIdentifier>10.15468/72kqnf</alternateIdentifier>
        <alternateIdentifier>https://cloud.gbif.org/asia/resource?r=fauna_pond_pune</alternateIdentifier>
        <alternateIdentifier>e75a8cf8-4dc2-4bb0-9fda-ea898c2366b2</alternateIdentifier>
        <title>Fauna of a small temporary quary pond from Pune University Campus, Pune, Maharashtra, India</title>
        <creator>
            <individualName>
                <givenName>Mihir</givenName>
                <surName>Kulkarni</surName>
            </individualName>
            <organizationName>School of Environment and Sustainability, Indian Institute for Human Settlements</organizationName>
            <positionName>Consultant</positionName>
            <address>
                <city>Bengaluru</city>
                <country>INDIA</country>
            </address>
            <electronicMailAddress>mihir.kulkarni@iihs.ac.in</electronicMailAddress>
            <userId directory="https://orcid.org/">0000-0003-4379-7868</userId>
        </creator>
        <creator>
            <individualName>
                <givenName>Sameer</givenName>
                <surName>Padhye</surName>
            </individualName>
            <organizationName>Center for Biodiversity Genomics, University of Guelph</organizationName>
            <positionName>Research Associate</positionName>
            <address>
                <country>CANADA</country>
            </address>
            <electronicMailAddress>sameer.m.padhye@gmail.com</electronicMailAddress>
            <userId directory="https://orcid.org/">0000-0002-2125-3213</userId>
        </creator>
        <creator>
            <individualName>
                <givenName>Avinash Isaac</givenName>
                <surName>Vanjare</surName>
            </individualName>
            <organizationName>Department of Zoology, Ahmednagar College</organizationName>
            <positionName>Associate Professor </positionName>
            <address>
                <city>Ahmednagar</city>
                <country>INDIA</country>
            </address>
            <electronicMailAddress>avinashisaac7@gmail.com</electronicMailAddress>
            <userId directory="https://orcid.org/">0000-0003-1936-9652</userId>
        </creator>
        <creator>
            <individualName>
                <givenName>Shriraj</givenName>
                <surName>Jakhalekar</surName>
            </individualName>
            <organizationName>Department of Zoology, MES Abasaheb Garware College</organizationName>
            <positionName>Assistant Professor</positionName>
            <address>
                <city>Pune</city>
                <country>INDIA</country>
            </address>
            <electronicMailAddress>shriraj.jak@gmail.com</electronicMailAddress>
            <userId directory="https://orcid.org/">0000-0001-6392-8998</userId>
        </creator>
        <creator>
            <individualName>
                <givenName>Yugandhar Satish</givenName>
                <surName>Shinde</surName>
            </individualName>
            <organizationName>Department of Zoology, Modern College of Arts, Science and Commerce (Autonomus), Shivajinagar</organizationName>
            <positionName>Assistant Professor</positionName>
            <address>
                <city>Pune</city>
                <country>INDIA</country>
            </address>
            <electronicMailAddress>yugandharshinde@gmail.com</electronicMailAddress>
            <userId directory="https://orcid.org/">0000-0001-6248-3712</userId>
        </creator>
        <creator>
            <individualName>
                <givenName>Shruti</givenName>
                <surName>Paripatyadar </surName>
            </individualName>
            <organizationName>Department of Zoology, MES&apos; Abasaheb Garware College of Arts and Science</organizationName>
            <positionName>Assistant Professor </positionName>
            <address>
                <city>Pune</city>
                <country>INDIA</country>
            </address>
            <electronicMailAddress>shruti.paripatyadar@gmail.com</electronicMailAddress>
            <userId directory="https://orcid.org/">0000-0002-5442-287X</userId>
        </creator>
        <creator>
            <individualName>
                <givenName>Sayali</givenName>
                <surName>Sheth</surName>
            </individualName>
            <organizationName>Dept. of Zoology, Prof. Ramkrishna More College, Akurdi</organizationName>
            <positionName>Assistant Professor</positionName>
            <address>
                <city>Pune</city>
                <country>INDIA</country>
            </address>
            <electronicMailAddress>saylisheth@gmail.com</electronicMailAddress>
            <userId directory="https://orcid.org/">0000-0002-1999-9462</userId>
        </creator>
        <creator>
            <individualName>
                <givenName>Siddharth</givenName>
                <surName>Kulkarni</surName>
            </individualName>
            <organizationName>School of Biology, Indian Institute of Science Education and Research</organizationName>
            <positionName>Ramanujan Faculty Fellow</positionName>
            <address>
                <city>Thiruvananthapuram</city>
                <country>INDIA</country>
            </address>
            <electronicMailAddress>sskspider@gmail.com</electronicMailAddress>
            <userId directory="https://orcid.org/">0000-0002-7400-4704</userId>
        </creator>
        <creator>
            <individualName>
                <givenName>Samadhan</givenName>
                <surName>Phuge</surName>
            </individualName>
            <organizationName>Department of Education and Extension, Savitribai Phule Pune University</organizationName>
            <positionName>Technical Assistant</positionName>
            <address>
                <city>Pune</city>
                <country>INDIA</country>
            </address>
            <electronicMailAddress>samadhanmphuge@gmail.com</electronicMailAddress>
            <userId directory="https://orcid.org/">0000-0003-0393-9761</userId>
        </creator>
        <creator>
            <individualName>
                <givenName>Kalyani</givenName>
                <surName>Bhakare</surName>
            </individualName>
            <organizationName>Department of Zoology, Savitribai Phule Pune University</organizationName>
            <positionName>Graduate Student</positionName>
            <address>
                <city>Pune</city>
                <country>INDIA</country>
            </address>
            <electronicMailAddress>kalyani2488@gmail.com</electronicMailAddress>
            <userId directory="https://orcid.org/">0000-0001-8652-2851</userId>
        </creator>
        <creator>
            <individualName>
                <givenName>Aboli</givenName>
                <surName>Kulkarni</surName>
            </individualName>
            <organizationName>The Green Concept- Institute for Carbon Assessment and Restoration Ecology</organizationName>
            <positionName>Co-founder</positionName>
            <address>
                <city>Pune</city>
                <country>INDIA</country>
            </address>
            <electronicMailAddress>aboli.kulkarni5@gmail.com</electronicMailAddress>
            <userId directory="https://orcid.org/">0000-0002-4495-977X</userId>
        </creator>
        <creator>
            <individualName>
                <givenName>Kalpana</givenName>
                <surName>Pai </surName>
            </individualName>
            <organizationName>Department of Zoology, Savitribai Phule Pune University</organizationName>
            <positionName>Professor Emeritus </positionName>
            <address>
                <city>Pune</city>
                <country>INDIA</country>
            </address>
            <electronicMailAddress>drkalpanapai@gmail.com</electronicMailAddress>
            <userId directory="https://orcid.org/">0000-0002-6978-622X</userId>
        </creator>
        <creator>
            <individualName>
                <givenName>Hemant</givenName>
                <surName>Ghate</surName>
            </individualName>
            <organizationName>Department of Zoology, Modern College of Arts, Science and Commerce (Autonomus), Shivajinagar</organizationName>
            <positionName>Professor &amp; Head (retired)</positionName>
            <address>
                <city>Pune</city>
                <country>INDIA</country>
            </address>
            <electronicMailAddress>hemantghate@gmail.com</electronicMailAddress>
            <userId directory="https://orcid.org/">0000-0003-4934-7542</userId>
        </creator>
        <pubDate>
                2024-10-03
        </pubDate>
        <language>ENGLISH</language>
        <abstract>
            A multi-taxa biodiversity inventory of a temporary pond situated within the campus of the Savitribai Phule Pune University, Pune, focusing mainly on the aquatic and associated invertebrate taxa, although regularly visiting birds are also documented.
        </abstract>
        <keywordSet>
            <keyword>Occurrence</keyword>
            <keywordThesaurus>GBIF Dataset Type Vocabulary: http://rs.gbif.org/vocabulary/gbif/dataset_type_2015-07-10.xml</keywordThesaurus>
        </keywordSet>
        <keywordSet>
            <keyword>Observation</keyword>
            <keywordThesaurus>GBIF Dataset Subtype Vocabulary: http://rs.gbif.org/vocabulary/gbif/dataset_subtype.xml</keywordThesaurus>
        </keywordSet>
        <intellectualRights>
            <para>This work is licensed under a <ulink url="http://creativecommons.org/licenses/by/4.0/legalcode"><citetitle>Creative Commons Attribution (CC-BY) 4.0 License</citetitle></ulink>.</para>
        </intellectualRights>
        <licensed>
            <licenseName>Creative Commons Attribution 4.0 International</licenseName>
            <url>https://spdx.org/licenses/CC-BY-4.0.html</url>
            <identifier>CC-BY-4.0</identifier>
        </licensed>
        <distribution scope="document">
            <online>
                <url function="download">https://cloud.gbif.org/asia/archive.do?r=fauna_pond_pune</url>
            </online>
        </distribution>
        <coverage>
            <geographicCoverage>
                <geographicDescription>A temporary pond situated within the campus of the Savitribai Phule Pune University, Pune, Maharashtra, India.</geographicDescription>
                <boundingCoordinates>
                    <westBoundingCoordinate>73.824</westBoundingCoordinate>
                    <eastBoundingCoordinate>73.824</eastBoundingCoordinate>
                    <northBoundingCoordinate>18.555</northBoundingCoordinate>
                    <southBoundingCoordinate>18.555</southBoundingCoordinate>
                </boundingCoordinates>
            </geographicCoverage>
            <temporalCoverage>
                <rangeOfDates>
                    <beginDate>
                        <calendarDate>                2009-01-01
</calendarDate>
                    </beginDate>
                    <endDate>
                        <calendarDate>                2014-12-31
</calendarDate>
                    </endDate>
                </rangeOfDates>
            </temporalCoverage>
            <taxonomicCoverage>
                <taxonomicClassification>
                    <taxonRankName>Family</taxonRankName>
                    <taxonRankValue>Gerridae</taxonRankValue>
                </taxonomicClassification>
                <taxonomicClassification>
                    <taxonRankName>Family</taxonRankName>
                    <taxonRankValue>Trichocercidae</taxonRankValue>
                </taxonomicClassification>
                <taxonomicClassification>
                    <taxonRankName>Phylum</taxonRankName>
                    <taxonRankValue>Arthropoda</taxonRankValue>
                </taxonomicClassification>
                <taxonomicClassification>
                    <taxonRankName>Family</taxonRankName>
                    <taxonRankValue>Lycosidae</taxonRankValue>
                </taxonomicClassification>
                <taxonomicClassification>
                    <taxonRankName>Family</taxonRankName>
                    <taxonRankValue>Bulinidae</taxonRankValue>
                </taxonomicClassification>
                <taxonomicClassification>
                    <taxonRankName>Family</taxonRankName>
                    <taxonRankValue>Asplanchnidae</taxonRankValue>
                </taxonomicClassification>
                <taxonomicClassification>
                    <taxonRankName>Family</taxonRankName>
                    <taxonRankValue>Gyrinidae</taxonRankValue>
                </taxonomicClassification>
                <taxonomicClassification>
                    <taxonRankName>Family</taxonRankName>
                    <taxonRankValue>Lepadellidae</taxonRankValue>
                </taxonomicClassification>
                <taxonomicClassification>
                    <taxonRankName>Order</taxonRankName>
                    <taxonRankValue>Suliformes</taxonRankValue>
                </taxonomicClassification>
                <taxonomicClassification>
                    <taxonRankName>Order</taxonRankName>
                    <taxonRankValue>Calanoida</taxonRankValue>
                </taxonomicClassification>
                <taxonomicClassification>
                    <taxonRankName>Class</taxonRankName>
                    <taxonRankValue>Ostracoda</taxonRankValue>
                </taxonomicClassification>
                <taxonomicClassification>
                    <taxonRankName>Family</taxonRankName>
                    <taxonRankValue>Aeshnidae</taxonRankValue>
                </taxonomicClassification>
                <taxonomicClassification>
                    <taxonRankName>Family</taxonRankName>
                    <taxonRankValue>Haliplidae</taxonRankValue>
                </taxonomicClassification>
                <taxonomicClassification>
                    <taxonRankName>Order</taxonRankName>
                    <taxonRankValue>Hemiptera</taxonRankValue>
                </taxonomicClassification>
                <taxonomicClassification>
                    <taxonRankName>Family</taxonRankName>
                    <taxonRankValue>Thomisidae</taxonRankValue>
                </taxonomicClassification>
                <taxonomicClassification>
                    <taxonRankName>Phylum</taxonRankName>
                    <taxonRankValue>Rotifera</taxonRankValue>
                </taxonomicClassification>
                <taxonomicClassification>
                    <taxonRankName>Order</taxonRankName>
                    <taxonRankValue>Anseriformes</taxonRankValue>
                </taxonomicClassification>
                <taxonomicClassification>
                    <taxonRankName>Order</taxonRankName>
                    <taxonRankValue>Passeriformes</taxonRankValue>
                </taxonomicClassification>
                <taxonomicClassification>
                    <taxonRankName>Family</taxonRankName>
                    <taxonRankValue>Spongillidae</taxonRankValue>
                </taxonomicClassification>
                <taxonomicClassification>
                    <taxonRankName>Family</taxonRankName>
                    <taxonRankValue>Chariidridae</taxonRankValue>
                </taxonomicClassification>
                <taxonomicClassification>
                    <taxonRankName>Family</taxonRankName>
                    <taxonRankValue>Moinidae</taxonRankValue>
                </taxonomicClassification>
                <taxonomicClassification>
                    <taxonRankName>Order</taxonRankName>
                    <taxonRankValue>Podocopida</taxonRankValue>
                </taxonomicClassification>
                <taxonomicClassification>
                    <taxonRankName>Order</taxonRankName>
                    <taxonRankValue>Pelicaniformes</taxonRankValue>
                </taxonomicClassification>
                <taxonomicClassification>
                    <taxonRankName>Class</taxonRankName>
                    <taxonRankValue>Arachnida</taxonRankValue>
                </taxonomicClassification>
                <taxonomicClassification>
                    <taxonRankName>Phylum</taxonRankName>
                    <taxonRankValue>Chordata</taxonRankValue>
                </taxonomicClassification>
                <taxonomicClassification>
                    <taxonRankName>Order</taxonRankName>
                    <taxonRankValue>Gruiformes</taxonRankValue>
                </taxonomicClassification>
                <taxonomicClassification>
                    <taxonRankName>Family</taxonRankName>
                    <taxonRankValue>Alcedinidae</taxonRankValue>
                </taxonomicClassification>
                <taxonomicClassification>
                    <taxonRankName>Class</taxonRankName>
                    <taxonRankValue>Aves</taxonRankValue>
                </taxonomicClassification>
                <taxonomicClassification>
                    <taxonRankName>Family</taxonRankName>
                    <taxonRankValue>Synchaetidae</taxonRankValue>
                </taxonomicClassification>
                <taxonomicClassification>
                    <taxonRankName>Family</taxonRankName>
                    <taxonRankValue>Hexarthridae</taxonRankValue>
                </taxonomicClassification>
                <taxonomicClassification>
                    <taxonRankName>Family</taxonRankName>
                    <taxonRankValue>Nepidae</taxonRankValue>
                </taxonomicClassification>
                <taxonomicClassification>
                    <taxonRankName>Family</taxonRankName>
                    <taxonRankValue>Euchlanidae</taxonRankValue>
                </taxonomicClassification>
                <taxonomicClassification>
                    <taxonRankName>Family</taxonRankName>
                    <taxonRankValue>Corixidae</taxonRankValue>
                </taxonomicClassification>
                <taxonomicClassification>
                    <taxonRankName>Family</taxonRankName>
                    <taxonRankValue>Epiphanidae</taxonRankValue>
                </taxonomicClassification>
                <taxonomicClassification>
                    <taxonRankName>Family</taxonRankName>
                    <taxonRankValue>Daphniidae</taxonRankValue>
                </taxonomicClassification>
                <taxonomicClassification>
                    <taxonRankName>Order</taxonRankName>
                    <taxonRankValue>Plumatellida</taxonRankValue>
                </taxonomicClassification>
                <taxonomicClassification>
                    <taxonRankName>Family</taxonRankName>
                    <taxonRankValue>Hydrophilidae</taxonRankValue>
                </taxonomicClassification>
                <taxonomicClassification>
                    <taxonRankName>Family</taxonRankName>
                    <taxonRankValue>Testudinellidae</taxonRankValue>
                </taxonomicClassification>
                <taxonomicClassification>
                    <taxonRankName>Family</taxonRankName>
                    <taxonRankValue>Dytiscidae</taxonRankValue>
                </taxonomicClassification>
                <taxonomicClassification>
                    <taxonRankName>Family</taxonRankName>
                    <taxonRankValue>Gomphidae</taxonRankValue>
                </taxonomicClassification>
                <taxonomicClassification>
                    <taxonRankName>Family</taxonRankName>
                    <taxonRankValue>Cyclopidae</taxonRankValue>
                </taxonomicClassification>
                <taxonomicClassification>
                    <taxonRankName>Family</taxonRankName>
                    <taxonRankValue>Uloboridae</taxonRankValue>
                </taxonomicClassification>
                <taxonomicClassification>
                    <taxonRankName>Phylum</taxonRankName>
                    <taxonRankValue>Gastrotricha</taxonRankValue>
                </taxonomicClassification>
                <taxonomicClassification>
                    <taxonRankName>Class</taxonRankName>
                    <taxonRankValue>Phylactolaemata</taxonRankValue>
                </taxonomicClassification>
                <taxonomicClassification>
                    <taxonRankName>Order</taxonRankName>
                    <taxonRankValue>Araneae</taxonRankValue>
                </taxonomicClassification>
                <taxonomicClassification>
                    <taxonRankName>Family</taxonRankName>
                    <taxonRankValue>Micronectidae</taxonRankValue>
                </taxonomicClassification>
                <taxonomicClassification>
                    <taxonRankName>Family</taxonRankName>
                    <taxonRankValue>Colubridae</taxonRankValue>
                </taxonomicClassification>
                <taxonomicClassification>
                    <taxonRankName>Family</taxonRankName>
                    <taxonRankValue>Lecanidae</taxonRankValue>
                </taxonomicClassification>
                <taxonomicClassification>
                    <taxonRankName>Class</taxonRankName>
                    <taxonRankValue>Squamata</taxonRankValue>
                </taxonomicClassification>
                <taxonomicClassification>
                    <taxonRankName>Family</taxonRankName>
                    <taxonRankValue>Ardeidae</taxonRankValue>
                </taxonomicClassification>
                <taxonomicClassification>
                    <taxonRankName>Family</taxonRankName>
                    <taxonRankValue>Araneidae</taxonRankValue>
                </taxonomicClassification>
                <taxonomicClassification>
                    <taxonRankName>Class</taxonRankName>
                    <taxonRankValue>Gastropoda</taxonRankValue>
                </taxonomicClassification>
                <taxonomicClassification>
                    <taxonRankName>Class</taxonRankName>
                    <taxonRankValue>Amphibia</taxonRankValue>
                </taxonomicClassification>
                <taxonomicClassification>
                    <taxonRankName>Family</taxonRankName>
                    <taxonRankValue>Anatidae</taxonRankValue>
                </taxonomicClassification>
                <taxonomicClassification>
                    <taxonRankName>Family</taxonRankName>
                    <taxonRankValue>Mytilinidae</taxonRankValue>
                </taxonomicClassification>
                <taxonomicClassification>
                    <taxonRankName>Family</taxonRankName>
                    <taxonRankValue>Flosculariidae</taxonRankValue>
                </taxonomicClassification>
                <taxonomicClassification>
                    <taxonRankName>Family</taxonRankName>
                    <taxonRankValue>Chydoridae</taxonRankValue>
                </taxonomicClassification>
                <taxonomicClassification>
                    <taxonRankName>Family</taxonRankName>
                    <taxonRankValue>Coenagrionidae</taxonRankValue>
                </taxonomicClassification>
                <taxonomicClassification>
                    <taxonRankName>Family</taxonRankName>
                    <taxonRankValue>Hydrometridae</taxonRankValue>
                </taxonomicClassification>
                <taxonomicClassification>
                    <taxonRankName>Family</taxonRankName>
                    <taxonRankValue>Notommatidae</taxonRankValue>
                </taxonomicClassification>
                <taxonomicClassification>
                    <taxonRankName>Phylum</taxonRankName>
                    <taxonRankValue>Mollusca</taxonRankValue>
                </taxonomicClassification>
                <taxonomicClassification>
                    <taxonRankName>Class</taxonRankName>
                    <taxonRankValue>Demospongiae</taxonRankValue>
                </taxonomicClassification>
                <taxonomicClassification>
                    <taxonRankName>Family</taxonRankName>
                    <taxonRankValue>Leptestheriidae</taxonRankValue>
                </taxonomicClassification>
                <taxonomicClassification>
                    <taxonRankName>Family</taxonRankName>
                    <taxonRankValue>Bufonidae</taxonRankValue>
                </taxonomicClassification>
                <taxonomicClassification>
                    <taxonRankName>Phylum</taxonRankName>
                    <taxonRankValue>Porifera</taxonRankValue>
                </taxonomicClassification>
                <taxonomicClassification>
                    <taxonRankName>Family</taxonRankName>
                    <taxonRankValue>Lymnaeidae</taxonRankValue>
                </taxonomicClassification>
                <taxonomicClassification>
                    <taxonRankName>Class</taxonRankName>
                    <taxonRankValue>Eurotatoria</taxonRankValue>
                </taxonomicClassification>
                <taxonomicClassification>
                    <taxonRankName>Family</taxonRankName>
                    <taxonRankValue>Diaptomidae</taxonRankValue>
                </taxonomicClassification>
                <taxonomicClassification>
                    <taxonRankName>Order</taxonRankName>
                    <taxonRankValue>Ploima</taxonRankValue>
                </taxonomicClassification>
                <taxonomicClassification>
                    <taxonRankName>Family</taxonRankName>
                    <taxonRankValue>Motacillidae</taxonRankValue>
                </taxonomicClassification>
                <taxonomicClassification>
                    <taxonRankName>Kingdom</taxonRankName>
                    <taxonRankValue>Animalia</taxonRankValue>
                </taxonomicClassification>
                <taxonomicClassification>
                    <taxonRankName>Family</taxonRankName>
                    <taxonRankValue>Phalacrocoracidae</taxonRankValue>
                </taxonomicClassification>
                <taxonomicClassification>
                    <taxonRankName>Family</taxonRankName>
                    <taxonRankValue>Sididae</taxonRankValue>
                </taxonomicClassification>
                <taxonomicClassification>
                    <taxonRankName>Family</taxonRankName>
                    <taxonRankValue>Podicipedidae</taxonRankValue>
                </taxonomicClassification>
                <taxonomicClassification>
                    <taxonRankName>Family</taxonRankName>
                    <taxonRankValue>Tetragnathidae</taxonRankValue>
                </taxonomicClassification>
                <taxonomicClassification>
                    <taxonRankName>Order</taxonRankName>
                    <taxonRankValue>Anura</taxonRankValue>
                </taxonomicClassification>
                <taxonomicClassification>
                    <taxonRankName>Order</taxonRankName>
                    <taxonRankValue>Spongillida</taxonRankValue>
                </taxonomicClassification>
                <taxonomicClassification>
                    <taxonRankName>Family</taxonRankName>
                    <taxonRankValue>Velidae</taxonRankValue>
                </taxonomicClassification>
                <taxonomicClassification>
                    <taxonRankName>Family</taxonRankName>
                    <taxonRankValue>Libellulidae</taxonRankValue>
                </taxonomicClassification>
                <taxonomicClassification>
                    <taxonRankName>Family</taxonRankName>
                    <taxonRankValue>Belostomatidae</taxonRankValue>
                </taxonomicClassification>
                <taxonomicClassification>
                    <taxonRankName>Family</taxonRankName>
                    <taxonRankValue>Dicroglossidae</taxonRankValue>
                </taxonomicClassification>
                <taxonomicClassification>
                    <taxonRankName>Family</taxonRankName>
                    <taxonRankValue>Lophopodidae</taxonRankValue>
                </taxonomicClassification>
                <taxonomicClassification>
                    <taxonRankName>Family</taxonRankName>
                    <taxonRankValue>Salticidae</taxonRankValue>
                </taxonomicClassification>
                <taxonomicClassification>
                    <taxonRankName>Family</taxonRankName>
                    <taxonRankValue>Trichotriidae</taxonRankValue>
                </taxonomicClassification>
                <taxonomicClassification>
                    <taxonRankName>Order</taxonRankName>
                    <taxonRankValue>Coleoptera</taxonRankValue>
                </taxonomicClassification>
                <taxonomicClassification>
                    <taxonRankName>Order</taxonRankName>
                    <taxonRankValue>Odonata</taxonRankValue>
                </taxonomicClassification>
                <taxonomicClassification>
                    <taxonRankName>Class</taxonRankName>
                    <taxonRankValue>Insecta</taxonRankValue>
                </taxonomicClassification>
                <taxonomicClassification>
                    <taxonRankName>Family</taxonRankName>
                    <taxonRankValue>Pleidae</taxonRankValue>
                </taxonomicClassification>
                <taxonomicClassification>
                    <taxonRankName>Family</taxonRankName>
                    <taxonRankValue>Pisauridae</taxonRankValue>
                </taxonomicClassification>
                <taxonomicClassification>
                    <taxonRankName>Order</taxonRankName>
                    <taxonRankValue>Charadriiformes</taxonRankValue>
                </taxonomicClassification>
                <taxonomicClassification>
                    <taxonRankName>Family</taxonRankName>
                    <taxonRankValue>Chaetonotidae</taxonRankValue>
                </taxonomicClassification>
                <taxonomicClassification>
                    <taxonRankName>Family</taxonRankName>
                    <taxonRankValue>Microhylidae</taxonRankValue>
                </taxonomicClassification>
                <taxonomicClassification>
                    <taxonRankName>Class</taxonRankName>
                    <taxonRankValue>Copepoda</taxonRankValue>
                </taxonomicClassification>
                <taxonomicClassification>
                    <taxonRankName>Order</taxonRankName>
                    <taxonRankValue>Podicipediformes</taxonRankValue>
                </taxonomicClassification>
                <taxonomicClassification>
                    <taxonRankName>Family</taxonRankName>
                    <taxonRankValue>Gastropodidae</taxonRankValue>
                </taxonomicClassification>
                <taxonomicClassification>
                    <taxonRankName>Order</taxonRankName>
                    <taxonRankValue>Flosculariaceae</taxonRankValue>
                </taxonomicClassification>
                <taxonomicClassification>
                    <taxonRankName>Family</taxonRankName>
                    <taxonRankValue>Brachionidae</taxonRankValue>
                </taxonomicClassification>
                <taxonomicClassification>
                    <taxonRankName>Order</taxonRankName>
                    <taxonRankValue>Diplostraca</taxonRankValue>
                </taxonomicClassification>
                <taxonomicClassification>
                    <taxonRankName>Family</taxonRankName>
                    <taxonRankValue>Cyprididae</taxonRankValue>
                </taxonomicClassification>
                <taxonomicClassification>
                    <taxonRankName>Family</taxonRankName>
                    <taxonRankValue>Rallidae</taxonRankValue>
                </taxonomicClassification>
                <taxonomicClassification>
                    <taxonRankName>Family</taxonRankName>
                    <taxonRankValue>Macrothricidae</taxonRankValue>
                </taxonomicClassification>
                <taxonomicClassification>
                    <taxonRankName>Family</taxonRankName>
                    <taxonRankValue>Notonectidae</taxonRankValue>
                </taxonomicClassification>
                <taxonomicClassification>
                    <taxonRankName>Order</taxonRankName>
                    <taxonRankValue>Coraciiformes</taxonRankValue>
                </taxonomicClassification>
                <taxonomicClassification>
                    <taxonRankName>Family</taxonRankName>
                    <taxonRankValue>Noteridae</taxonRankValue>
                </taxonomicClassification>
                <taxonomicClassification>
                    <taxonRankName>Family</taxonRankName>
                    <taxonRankValue>Oxyopidae</taxonRankValue>
                </taxonomicClassification>
                <taxonomicClassification>
                    <taxonRankName>Order</taxonRankName>
                    <taxonRankValue>Cyclopoida</taxonRankValue>
                </taxonomicClassification>
                <taxonomicClassification>
                    <taxonRankName>Class</taxonRankName>
                    <taxonRankValue>Branchiopoda</taxonRankValue>
                </taxonomicClassification>
                <taxonomicClassification>
                    <taxonRankName>Phylum</taxonRankName>
                    <taxonRankValue>Bryozoa</taxonRankValue>
                </taxonomicClassification>
            </taxonomicCoverage>
        </coverage>
        <maintenance>
            <description>
                <para></para>
            </description>
            <maintenanceUpdateFrequency>notPlanned</maintenanceUpdateFrequency>
        </maintenance>
        <contact>
            <individualName>
                <givenName>Mihir</givenName>
                <surName>Kulkarni</surName>
            </individualName>
            <organizationName>School of Environment and Sustainability, Indian Institute for Human Settlements</organizationName>
            <positionName>Consultant</positionName>
            <address>
                <city>Bengaluru</city>
                <country>INDIA</country>
            </address>
            <electronicMailAddress>mihir.kulkarni@iihs.ac.in</electronicMailAddress>
            <userId directory="https://orcid.org/">0000-0003-4379-7868</userId>
        </contact>
        <methods>
            <methodStep>
                <description>
                    <para>List was prepared compiling the data from each expert.</para>
                </description>
            </methodStep>
            <sampling>
                <studyExtent>
                    <description>
                        <para>temporary pond situated within the campus of the Savitribai Phule Pune University, Pune</para>
                    </description>
                </studyExtent>
                <samplingDescription>
                    <para>Samples were collected from the 2009 to 2014 and identified using updated keys/descriptions for each group (see Appendix 1 for references). Whenever necessary, international experts were contacted for verifying the identities of the species. Collection methods for individual taxa are as follows:

 

 

Porifera and Bryozoa

Porifera and Bryozoa were visually located and collected from peripheral shallow margins of the pond. Aquatic vegetation and submerged rocks were screened for their occurrence and surveys in the dry season were also carried out for a thorough search of sponges. Observed sponges were photographed in the field and then small pieces with gemmules were scraped off from the substrata with a scalpel and were preserved dry. Spicules were isolated and permanent slides were prepared as per Annandale (1911) and Jakhalekar &amp; Ghate (2013). Porifera species were identified following Annandale (1911), and Penney &amp; Racek (1968).

Bryozoan colonies were fixed and preserved in 4% formaldehyde. For identification of bryozoans, colony and polypide characters were studied and permanent preparations of statoblasts were also made to confirm the species. Identification was based on Annandale (1911) and revised nomenclature was verified with the experts.

 

 

Rotifera, Cladocera, Copepoda and Ostracoda

Horizontal sampling was done for Rotifera using a 53μm mesh size Nytex nylon Plankton Tow Net (Wildco, USA). Sampling for Cladocera, Copepoda and Ostracoda was done using Nylon Net (150μm). For benthic forms the littoral sediment was scraped using a hand net. Samples were immediately preserved in 4–5% formalin. Specimens were identified in the laboratory, following standard procedures and updated taxonomic keys for each taxa, as given here: Rotifera (Koste 1978; Segers 2002, 2007); Cladocera (Goulden 1968; Smirnov 1971, 1992, 1996; Berner 1985; Michael &amp; Sharma 1988; Korovchinsky 1992; Dumont &amp; Silva-Briano 2000; Orlova-Bienkowskaja 2001; Sinev et al. 2005); Copepoda (Reddy 1994; Dussart &amp; Defaye 2001; Holynska et al. 2003); Ostracoda (Victor &amp; Fernando 1979; Savatenalinton &amp; Martens 2009, 2010).

 

 

Heteroptera, Coleoptera and Odonata

Aquatic Heteroptera and Coleoptera were collected using different hand held nets (25x25 cm, mesh size—1mm and 500μm, respectively) by sweeping the net through submerged and emergent aquatic vegetation as well as by disturbing the substratum. The specimens were preserved in absolute ethanol.

Coleoptera were identified following keys given in recent as well as older references (Vazirani 1968, 1970a,b, 1984; Biström 1982; Brancucci 1983; Schödl, 1992; Pederzani 1995; Vondel 1998, 2011; Komarek 2003).

Heteroptera identification was based on many available papers (Anderson et al. 2005; Brooks 1951; Chen 1960; Lansbury 1968; Cheng &amp; Fernando 1969; Thirumalai 1994; Cheng et al. 2001; Nieser 2002, 2004; Yang &amp; Zettel 2005; Nieser et al. 2009; Polhemus &amp; Polhemus 2013).

Odonata were sampled randomly with a nylon net (ring diameter 30cm and rod length 100cm). Common species of odonates were identified on the field and unidentified species were collected and brought to the laboratory for identification. Odonata were identified following Fraser (1933, 1934, 1936) and Subramanian (2009).

 

 

Araneae

Spiders in the vicinity of the pond were collected by visually searching for them in the aquatic vegetation and the area around the pond. Spiders were identified using the following literature (Tikader 1980, 1982; Tanikawa 1999; Jose et al. 2003; Gajbe 2008; Yoshida 2009; Alvarez-Padilla &amp; Hormiga 2011).

 

 

Mollusca

Snails were handpicked from the aquatic vegetation and the margins of the pond and identified following Rao (1989).

 

 

Amphibia

Anurans were collected by searching for them on the margins of the pond and also located by their calls, identified and released immediately. As these are fairly common species and well known, none were preserved.

Identification was done following Daniels (1997 I–III parts), Gururaja (2012).

 

 

Aves

Birds were observed with binoculars (Olympus 10X50) and identified following Grimett et al. (1999).

 

A handheld probe (Eutech, Singapore) was used for measuring pH, Temperature and Salinity of the water. Dissolved Oxygen (DO) was estimated using Winkler titration (Anonymous 1992). Other factors like vegetation, depth, etc. were also noted on the field (see Table 1).</para>
                </samplingDescription>
            </sampling>
        </methods>

    </dataset>

    <additionalMetadata>
        <metadata>
            <gbif>
                <dateStamp>2024-12-27T11:56:10Z</dateStamp>
                <citation>Kulkarni M, Padhye S, Vanjare A I, Jakhalekar S, Shinde Y S, Paripatyadar  S, Sheth S, Kulkarni S, Phuge S, Bhakare K, Kulkarni A, Pai  K, Ghate H (2024). Fauna of a small temporary quary pond from Pune University Campus, Pune, Maharashtra, India. Progressive Education Society’s Modern College of Arts, Science and Commerce, Shivajinagar, Pune -5. Occurrence dataset https://doi.org/10.15468/72kqnf accessed via GBIF.org on 2024-12-27.</citation>
            </gbif>
        </metadata>
    </additionalMetadata>
    </eml:eml>
