<?xml version="1.0" encoding="utf-8"?>
<eml:eml xmlns:eml="https://eml.ecoinformatics.org/eml-2.2.0" xmlns:xsi="http://www.w3.org/2001/XMLSchema-instance"
         xsi:schemaLocation="https://eml.ecoinformatics.org/eml-2.2.0 https://rs.gbif.org/schema/eml-gbif-profile/1.3/eml.xsd"
packageId="b185d466-1a87-41d0-8e75-55a1bbba190e"  system="http://gbif.org" scope="system"
xml:lang="en">
    <dataset>
        <alternateIdentifier>10.15468/pnfa3o</alternateIdentifier>
        <alternateIdentifier>https://science-net.kahaku.go.jp/ipt2/resource?r=snet-1121-103</alternateIdentifier>
        <alternateIdentifier>http://science-net.kahaku.go.jp/ipt2/resource?r=snet-1121-103</alternateIdentifier>
        <alternateIdentifier>b185d466-1a87-41d0-8e75-55a1bbba190e</alternateIdentifier>
        <alternateIdentifier>http://gbif.science-net.kahaku.go.jp:8081/ipt2/resource?r=snet-1121-103</alternateIdentifier>
        <title>Insect specimens of Tokushima Prefectural Museum</title>
        <creator>
            <individualName>
                <givenName>Kazutaka</givenName>
                <surName>Yamada</surName>
            </individualName>
            <organizationName>Tokushima Prefectural Museum</organizationName>
            <positionName>Staff of the Division of Natural History (Invertebrates)</positionName>
            <address>
                <country>JAPAN</country>
            </address>
            <electronicMailAddress>yamada_kazutaka_1@mt.tokushima-ec.ed.jp</electronicMailAddress>
        </creator>
        <metadataProvider>
            <individualName>
                <givenName>Kazutaka</givenName>
                <surName>Yamada</surName>
            </individualName>
            <organizationName>Tokushima Prefectural Museum</organizationName>
            <positionName>Staff of the Division of Natural History (Invertebrates)</positionName>
            <address>
                <country>JAPAN</country>
            </address>
            <electronicMailAddress>yamada_kazutaka_1@mt.tokushima-ec.ed.jp</electronicMailAddress>
        </metadataProvider>
        <pubDate>
                2023-03-23
        </pubDate>
        <language>ENGLISH</language>
        <abstract>
            Insect specimens deposited in Tokushima Prefectural Museum
        </abstract>
        <keywordSet>
            <keyword>Occurrence</keyword>
            <keywordThesaurus>GBIF Dataset Type Vocabulary: http://rs.gbif.org/vocabulary/gbif/dataset_type_2015-07-10.xml</keywordThesaurus>
        </keywordSet>
        <intellectualRights>
            <para>This work is licensed under a <ulink url="http://creativecommons.org/licenses/by/4.0/legalcode"><citetitle>Creative Commons Attribution (CC-BY) 4.0 License</citetitle></ulink>.</para>
        </intellectualRights>
        <licensed>
            <licenseName>Creative Commons Attribution 4.0 International</licenseName>
            <url>https://spdx.org/licenses/CC-BY-4.0.html</url>
            <identifier>CC-BY-4.0</identifier>
        </licensed>
        <distribution scope="document">
            <online>
                <url function="download">https://science-net.kahaku.go.jp/ipt2/archive.do?r=snet-1121-103</url>
            </online>
        </distribution>
        <maintenance>
            <description>
                <para></para>
            </description>
            <maintenanceUpdateFrequency>unkown</maintenanceUpdateFrequency>
        </maintenance>
        <contact>
            <individualName>
                <givenName>Kazutaka</givenName>
                <surName>Yamada</surName>
            </individualName>
            <organizationName>Tokushima Prefectural Museum</organizationName>
            <positionName>Staff of the Division of Natural History (Invertebrates)</positionName>
            <address>
                <country>JAPAN</country>
            </address>
            <electronicMailAddress>yamada_kazutaka_1@mt.tokushima-ec.ed.jp</electronicMailAddress>
        </contact>

    </dataset>

    <additionalMetadata>
        <metadata>
            <gbif>
                <dateStamp>2024-12-27T11:56:07Z</dateStamp>
                <citation>Yamada K (2023). Insect specimens of Tokushima Prefectural Museum. Version 1.3. National Museum of Nature and Science, Japan. Occurrence dataset https://doi.org/10.15468/pnfa3o accessed via GBIF.org on 2024-12-27.</citation>
            </gbif>
        </metadata>
    </additionalMetadata>
    </eml:eml>
