<?xml version="1.0" encoding="utf-8"?>
<eml:eml xmlns:eml="https://eml.ecoinformatics.org/eml-2.2.0" xmlns:xsi="http://www.w3.org/2001/XMLSchema-instance"
         xsi:schemaLocation="https://eml.ecoinformatics.org/eml-2.2.0 https://rs.gbif.org/schema/eml-gbif-profile/1.3/eml.xsd"
packageId="c6b86c40-ff71-4e5e-902c-111f400d0d56"  system="http://gbif.org" scope="system"
xml:lang="en">
    <dataset>
        <alternateIdentifier>10.15468/rs5upd</alternateIdentifier>
        <title>India Biodiversity Portal publication grade dataset</title>
        <associatedParty>
            <individualName>
                <givenName>Thomas</givenName>
                <surName>Vattakaven</surName>
            </individualName>
            <organizationName>Strand Life Sciences</organizationName>
            <address>
                <deliveryPoint> Kirloskar Business Park, Hebbal</deliveryPoint>
                <city>Bangalore</city>
                <administrativeArea>Karnataka</administrativeArea>
                <postalCode>560024</postalCode>
                <country>INDIA</country>
            </address>
            <phone>+919591757157</phone>
            <electronicMailAddress>thomas.vee@gmail.com</electronicMailAddress>
            <role>TECHNICAL_POINT_OF_CONTACT</role>
        </associatedParty>
        <language>en</language>
        <abstract>
            A dataset comprising all observation data from the India Biodiversity Portal that are evaluated to be of publication grade
        </abstract>
        <intellectualRights>
            <para>This work is licensed under a <ulink url="http://creativecommons.org/licenses/by/4.0/legalcode"><citetitle>Creative Commons Attribution (CC-BY) 4.0 License</citetitle></ulink>.</para>
        </intellectualRights>
        <licensed>
            <licenseName>Creative Commons Attribution 4.0 International</licenseName>
            <url>https://spdx.org/licenses/CC-BY-4.0.html</url>
            <identifier>CC-BY-4.0</identifier>
        </licensed>
        <distribution scope="document">
            <online>
                <url function="information">https://indiabiodiversity.org</url>
            </online>
        </distribution>
        <distribution scope="document">
            <online>
                <url function="download">https://indiabiodiversity.org/files-api/api/download/file?accessKey=fbb4da90eb765d76a141691b9dbaa01b321bd463f612c8d011aa8da3088652c6</url>
            </online>
        </distribution>
        <contact>
            <individualName>
                <givenName>Prabhakar</givenName>
                <surName>Rajagopal</surName>
            </individualName>
            <organizationName>Strand Life Sciences</organizationName>
            <address>
                <deliveryPoint>Kirloskar Business Park, Hebbal</deliveryPoint>
                <city>Bangalore</city>
                <administrativeArea>Karnataka</administrativeArea>
                <postalCode>560024</postalCode>
                <country>INDIA</country>
            </address>
            <phone>+919449825650</phone>
            <electronicMailAddress>prabha.prabhakar@gmail.com</electronicMailAddress>
        </contact>

    </dataset>

    <additionalMetadata>
        <metadata>
            <gbif>
                <dateStamp>2024-12-27T11:56:05Z</dateStamp>
                <citation>India Biodiversity Portal. India Biodiversity Portal publication grade dataset. Occurrence dataset https://doi.org/10.15468/rs5upd accessed via GBIF.org on 2024-12-27.</citation>
                <resourceLogoUrl>https://indiabiodiversity.org/next-assets/logo.png</resourceLogoUrl>
            </gbif>
        </metadata>
    </additionalMetadata>
    </eml:eml>
