<?xml version="1.0" encoding="utf-8"?>
<eml:eml xmlns:eml="https://eml.ecoinformatics.org/eml-2.2.0" xmlns:xsi="http://www.w3.org/2001/XMLSchema-instance"
         xsi:schemaLocation="https://eml.ecoinformatics.org/eml-2.2.0 https://rs.gbif.org/schema/eml-gbif-profile/1.3/eml.xsd"
packageId="ca58433a-3ff8-492f-9d7b-6f6d289eb6d6"  system="http://gbif.org" scope="system"
xml:lang="en">
    <dataset>
        <alternateIdentifier>10.15468/cocfqh</alternateIdentifier>
        <alternateIdentifier>ca58433a-3ff8-492f-9d7b-6f6d289eb6d6</alternateIdentifier>
        <alternateIdentifier>http://ipt.biologi.lipi.go.id/resource?r=biodiverskripsi</alternateIdentifier>
        <title>Biodiverskripsi: Biodiversity Theses Database</title>
        <creator>
            <individualName>
                <givenName>Sabhrina Gita</givenName>
                <surName>Aninta</surName>
            </individualName>
            <organizationName>Tambora Muda Indonesia</organizationName>
            <positionName>Project Coordinator</positionName>
            <address>
                <city>Bogor</city>
                <country>INDONESIA</country>
            </address>
            <electronicMailAddress>sagitaninta@gmail.com</electronicMailAddress>
        </creator>
        <metadataProvider>
            <individualName>
                <givenName>Sabhrina Gita</givenName>
                <surName>Aninta</surName>
            </individualName>
            <organizationName>Tambora Muda Indonesia</organizationName>
            <positionName>Project Coordinator</positionName>
            <address>
                <city>Bogor</city>
                <country>INDONESIA</country>
            </address>
            <electronicMailAddress>sagitaninta@gmail.com</electronicMailAddress>
        </metadataProvider>
        <metadataProvider>
            <individualName>
                <givenName>Primadieta</givenName>
                <surName>Sudarma</surName>
            </individualName>
            <organizationName>Tambora Muda Indonesia</organizationName>
            <positionName>Database Manager</positionName>
            <address>
                <city>Bandung</city>
                <country>INDONESIA</country>
            </address>
            <electronicMailAddress>dietasdrm@gmail.com</electronicMailAddress>
        </metadataProvider>
        <associatedParty>
            <individualName>
                <givenName>Anang Setiawan</givenName>
                <surName>Achmadi</surName>
            </individualName>
            <organizationName>InaBIF</organizationName>
            <address>
                <country>INDONESIA</country>
            </address>
            <role>REVIEWER</role>
        </associatedParty>
        <associatedParty>
            <individualName>
                <givenName>Ide</givenName>
                <surName>Yunianto</surName>
            </individualName>
            <organizationName>UGM</organizationName>
            <address>
                <city>Yogyakarta</city>
                <country>INDONESIA</country>
            </address>
            <role>DISTRIBUTOR</role>
        </associatedParty>
        <associatedParty>
            <individualName>
                <surName>Onrizal</surName>
            </individualName>
            <organizationName>USU</organizationName>
            <address>
                <city>Medan</city>
                <country>INDONESIA</country>
            </address>
            <role>DISTRIBUTOR</role>
        </associatedParty>
        <associatedParty>
            <individualName>
                <givenName>Freddy</givenName>
                <surName>Pattiselanno</surName>
            </individualName>
            <organizationName>UNIPA</organizationName>
            <address>
                <city>Manokwari</city>
                <country>INDONESIA</country>
            </address>
            <role>DISTRIBUTOR</role>
        </associatedParty>
        <pubDate>
                2022-05-23
        </pubDate>
        <language>ENGLISH</language>
        <abstract>
            Biodiverskripsi seeks to increase the accessibility of local biodiversity research in Indonesia by collating ecological monitoring data inherent in student theses in a sustainable platform to ease its use in a larger scope of research. We expect this initiative to fill the knowledge gap regarding Indonesian ecological data, to assist more advanced and impactful researches such as designing a conservation area or modelling the effect of climate change on biodiversity, and further improve scientific practices in Indonesian universities.
        </abstract>
        <keywordSet>
            <keyword>Theses</keyword>
            <keyword>TamboraMuda</keyword>
            <keyword>Samplingevent</keyword>
            <keyword>StudentTheses</keyword>
            <keyword>Indonesia</keyword>
            <keywordThesaurus>GBIF Dataset Type Vocabulary: http://rs.gbif.org/vocabulary/gbif/dataset_type.xml</keywordThesaurus>
        </keywordSet>
        <keywordSet>
            <keyword>Samplingevent</keyword>
            <keywordThesaurus>GBIF Dataset Type Vocabulary: http://rs.gbif.org/vocabulary/gbif/dataset_type_2015-07-10.xml</keywordThesaurus>
        </keywordSet>
        <additionalInfo>
            <para>This data set contains biodiversity data from various student theses; please cite the theses that become the source of the data.</para>
        </additionalInfo>
        <intellectualRights>
            <para>This work is licensed under a <ulink url="http://creativecommons.org/licenses/by/4.0/legalcode"><citetitle>Creative Commons Attribution (CC-BY) 4.0 License</citetitle></ulink>.</para>
        </intellectualRights>
        <licensed>
            <licenseName>Creative Commons Attribution 4.0 International</licenseName>
            <url>https://spdx.org/licenses/CC-BY-4.0.html</url>
            <identifier>CC-BY-4.0</identifier>
        </licensed>
        <distribution scope="document">
            <online>
                <url function="information">http://biodiverskripsi.org</url>
            </online>
        </distribution>
        <distribution scope="document">
            <online>
                <url function="download">http://ipt.biologi.lipi.go.id/archive.do?r=biodiverskripsi</url>
            </online>
        </distribution>
        <coverage>
            <geographicCoverage>
                <geographicDescription>Indonesia</geographicDescription>
                <boundingCoordinates>
                    <westBoundingCoordinate>94.46</westBoundingCoordinate>
                    <eastBoundingCoordinate>140.889</eastBoundingCoordinate>
                    <northBoundingCoordinate>6.261</northBoundingCoordinate>
                    <southBoundingCoordinate>-12.211</southBoundingCoordinate>
                </boundingCoordinates>
            </geographicCoverage>
            <temporalCoverage>
                <rangeOfDates>
                    <beginDate>
                        <calendarDate>                2000
</calendarDate>
                    </beginDate>
                    <endDate>
                        <calendarDate>                2017
</calendarDate>
                    </endDate>
                </rangeOfDates>
            </temporalCoverage>
        </coverage>
        <purpose><para>The data aimed to evaluate research practices in Indonesian universities, particularly the ones related to biodiversity. We seek to understand how undergraduate student theses contribute to Indonesia's biodiversity data and help biodiversity conservation and research.</para></purpose>
        <maintenance>
            <description>
                <para></para>
            </description>
            <maintenanceUpdateFrequency>continually</maintenanceUpdateFrequency>
        </maintenance>
        <contact>
            <individualName>
                <givenName>Sabhrina Gita</givenName>
                <surName>Aninta</surName>
            </individualName>
            <organizationName>Tambora Muda Indonesia</organizationName>
            <positionName>Project Coordinator</positionName>
            <address>
                <city>Bogor</city>
                <country>INDONESIA</country>
            </address>
            <electronicMailAddress>sagitaninta@gmail.com</electronicMailAddress>
        </contact>
        <contact>
            <individualName>
                <givenName>Primadieta</givenName>
                <surName>Sudarma</surName>
            </individualName>
            <organizationName>Tambora Muda Indonesia</organizationName>
            <positionName>Database Manager</positionName>
            <address>
                <country>INDONESIA</country>
            </address>
            <electronicMailAddress>dietasdrm@gmail.com</electronicMailAddress>
        </contact>
        <methods>
            <methodStep>
                <description>
                    <para>The volunteers selected potential theses titles from the library catalogue, examine the theses to get data required for sampling-event data, transcribe the resulting information to Darwin Core fields for sampling-event data. The examination procedure ensured that the theses include enough information on the sampling protocol to reproduce the study and that the taxonomic information of the species sampled were clear. Studies that obtain species occurrence data from ex situ observation (zoo, captive breeding, introduced species, etc.) and literature were omitted. Information about the theses were provided in the literature extension.</para>
                </description>
            </methodStep>
            <sampling>
                <studyExtent>
                    <description>
                        <para>Data came from various biodiversity assessment studies that were conducted in various ecosystems all over Indonesia.</para>
                    </description>
                </studyExtent>
                <samplingDescription>
                    <para>We transcribed theses that were resulted from biodiversity research that were submitted to their university on the period of 2000-2017 from Universitas Sumatera Utara, Universitas Gadjah Mada, Universitas Papua, Universitas Indonesia, and Institut Pertanian Bogor.</para>
                </samplingDescription>
            </sampling>
        </methods>

            <project id="BIFA3_23">
                <title>Biodiverskripsi: Biodiversity Theses Database</title>
                <personnel>
                    <individualName>
                    <givenName>Sabhrina Gita</givenName>
                    <surName>Aninta</surName>
                    </individualName>
                    <role>POINT_OF_CONTACT</role>
                </personnel>
                <personnel>
                    <individualName>
                    <givenName>Primadieta</givenName>
                    <surName>Sudarma</surName>
                    </individualName>
                    <role>CUSTODIAN_STEWARD</role>
                </personnel>
                <personnel>
                    <individualName>
                    <givenName>Dina</givenName>
                    <surName>Setyaningrum</surName>
                    </individualName>
                    <role>CONTENT_PROVIDER</role>
                </personnel>
                <personnel>
                    <individualName>
                    <givenName>Maya</givenName>
                    <surName>Damayanti</surName>
                    </individualName>
                    <role>DISTRIBUTOR</role>
                </personnel>
                <personnel>
                    <individualName>
                    <givenName>Rahmia</givenName>
                    <surName>Nugraha</surName>
                    </individualName>
                    <role>CONTENT_PROVIDER</role>
                </personnel>
                <personnel>
                    <individualName>
                    <givenName>Muhammad Imam</givenName>
                    <surName>Fadila</surName>
                    </individualName>
                    <role>CONTENT_PROVIDER</role>
                </personnel>
                <personnel>
                    <individualName>
                    <givenName>Arieh</givenName>
                    <surName>Mountara</surName>
                    </individualName>
                    <role>ADMINISTRATIVE_POINT_OF_CONTACT</role>
                </personnel>
                <personnel>
                    <individualName>
                    <givenName>Amelia</givenName>
                    <surName>Nugrahaningrum</surName>
                    </individualName>
                    <role>CONTENT_PROVIDER</role>
                </personnel>
                <personnel>
                    <individualName>
                    <givenName>Basith Kuncoro</givenName>
                    <surName>Adji</surName>
                    </individualName>
                    <role>CONTENT_PROVIDER</role>
                </personnel>
                <personnel>
                    <individualName>
                    <givenName>Ratna</givenName>
                    <surName>Sari</surName>
                    </individualName>
                    <role>CONTENT_PROVIDER</role>
                </personnel>
                <personnel>
                    <individualName>
                    <givenName>Maria</givenName>
                    <surName>Ulfa</surName>
                    </individualName>
                    <role>CONTENT_PROVIDER</role>
                </personnel>
                <personnel>
                    <individualName>
                    <givenName>Triana Kamelia</givenName>
                    <surName>Loeis</surName>
                    </individualName>
                    <role>CONTENT_PROVIDER</role>
                </personnel>
                <personnel>
                    <individualName>
                    <givenName>Sugeng</givenName>
                    <surName>Purnomo</surName>
                    </individualName>
                    <role>CONTENT_PROVIDER</role>
                </personnel>
                <personnel>
                    <individualName>
                    <givenName>Andika</givenName>
                    <surName>Nurdin</surName>
                    </individualName>
                    <role>CONTENT_PROVIDER</role>
                </personnel>
                <personnel>
                    <individualName>
                    <givenName>Ahmad A.</givenName>
                    <surName>Jabbar</surName>
                    </individualName>
                    <role>CONTENT_PROVIDER</role>
                </personnel>
                <personnel>
                    <individualName>
                    <givenName>Rizka</givenName>
                    <surName>Adriana</surName>
                    </individualName>
                    <role>CONTENT_PROVIDER</role>
                </personnel>
                <personnel>
                    <individualName>
                    <givenName>Arif Rahman</givenName>
                    <surName>Hakim</surName>
                    </individualName>
                    <role>CONTENT_PROVIDER</role>
                </personnel>
                <abstract>
                    <para>Student theses provide a vast untapped source of information in biodiversity, especially in Indonesia where biodiversity assessment was a popular topic for most undergraduate theses. Biodiverskripsi aims to collect biodiversity data from these unpublished student theses all over Indonesia coming from the time period of 2000-2017 to detect how researches conducted by students for their theses in Indonesia fill the knowledge gap in biodiversity set. We collected data from groups of organisms that are commonly sampled in an event for research in student theses: Embryophytes, Freshwater Invertebrates, Terrestrial Invertebrates, Vertebrates, and Marine Biota. Our volunteers have bachelor degree at minimum in field related to biodiversity and understand biodiversity data to enable biodiversity data transcription according to Darwin Core framework.</para>
                </abstract>
                <funding>
                    <para>This project was funded by BIFA and Tambora Muda Indonesia.</para>
                </funding>
                <studyAreaDescription>
                    <descriptor name="generic" citableClassificationSystem="false">
                        <descriptorValue>We collated biodiversity data from student theses from three partner universities: Universitas Sumatera Utara, Universitas Gadjah Mada, and Universitas Papua. Additional content providers came from Universitas Indonesia and Institut Pertanian Bogor who independently contribute data while doing their research in those universities.</descriptorValue>
                    </descriptor>
                </studyAreaDescription>
                <designDescription>
                    <description>
                        <para>We transcribed biodiversity data from student theses that studied biodiversity in their natural habitat so that they provide species occurrences data. Studies that are literature review or ex situ observations were not included. The biodiversity data were transcribed to sampling-event data as a core, connected to occurrence data, measurement data, and literature data as extension. Following the data quality requirement of sampling-event data, we only transcribe theses which had standardized sampling protocol and clear taxonomic information of the studied species. As the volunteers were not involved in the study itself, they provided the circumstances of transcription in each sampling-event data to ease data use. However, we suggest data user to communicate with the thesis’s supervisors provided in the literature extension for questions about specific data.</para>
                    </description>
                </designDescription>
            </project>
    </dataset>

    <additionalMetadata>
        <metadata>
            <gbif>
                <dateStamp>2024-12-27T11:56:10Z</dateStamp>
                <citation>Aninta S G, Sudarma P (2022). Biodiverskripsi: Biodiversity Theses Database. Version 1.5. Tambora Muda Indonesia. Sampling event dataset https://doi.org/10.15468/cocfqh accessed via GBIF.org on 2024-12-27.</citation>
                <resourceLogoUrl>https://biodiverskripsi.org/img/biodiverskripsi_gajah.png</resourceLogoUrl>
            </gbif>
        </metadata>
    </additionalMetadata>
    </eml:eml>
