<?xml version="1.0" encoding="utf-8"?>
<eml:eml xmlns:eml="https://eml.ecoinformatics.org/eml-2.2.0" xmlns:xsi="http://www.w3.org/2001/XMLSchema-instance"
         xsi:schemaLocation="https://eml.ecoinformatics.org/eml-2.2.0 https://rs.gbif.org/schema/eml-gbif-profile/1.3/eml.xsd"
packageId="ddd46c4c-1c7a-49d6-8420-0c8b34a94a53"  system="http://gbif.org" scope="system"
xml:lang="en">
    <dataset>
        <alternateIdentifier>10.15468/rtedgk</alternateIdentifier>
        <alternateIdentifier>https://ipt.pensoft.net/resource?r=mobios_data</alternateIdentifier>
        <title>The MOBIOS+: A FAIR (Findable, Accessible, Interoperable, and Reusable) Database for Mindanao&apos;s Terrestrial Biodiversity</title>
        <creator>
            <individualName>
                <givenName>Krizler</givenName>
                <surName>Tanalgo</surName>
            </individualName>
            <organizationName>Ecology and Conservation Research Laboratory, Department of Biological Sciences, College of Science and Mathematics, University of Southern Mindanao</organizationName>
            <positionName>Assistant Professor</positionName>
            <address>
                <deliveryPoint>2nd Floor S&amp;T Building, University of Southern Mindanao</deliveryPoint>
                <city>Kabacan</city>
                <administrativeArea>North Cotabato</administrativeArea>
                <postalCode>9407</postalCode>
                <country>PHILIPPINES</country>
            </address>
            <phone>09777771412</phone>
            <electronicMailAddress>tkrizler@gmail.com</electronicMailAddress>
            <onlineUrl>https://krizlertanalgo.wordpress.com/</onlineUrl>
            <userId directory="http://scholar.google.com/citations?user=">https://scholar.google.com.ph/citations?user=LsPE8DcAAAAJ&amp;hl=en</userId>
        </creator>
        <metadataProvider>
            <individualName>
                <givenName>Krizler</givenName>
                <surName>Tanalgo</surName>
            </individualName>
            <organizationName>Ecology and Conservation Research Laboratory, Department of Biological Sciences, College of Science and Mathematics, University of Southern Mindanao</organizationName>
            <positionName>Assistant Professor</positionName>
            <address>
                <deliveryPoint>2nd Floor S&amp;T Building, University of Southern Mindanao</deliveryPoint>
                <city>Kabacan</city>
                <administrativeArea>North Cotabato</administrativeArea>
                <postalCode>9407</postalCode>
                <country>PHILIPPINES</country>
            </address>
            <phone>09777771412</phone>
            <electronicMailAddress>tkrizler@gmail.com</electronicMailAddress>
            <onlineUrl>https://krizlertanalgo.wordpress.com/</onlineUrl>
            <userId directory="http://scholar.google.com/citations?user=">https://scholar.google.com.ph/citations?user=LsPE8DcAAAAJ&amp;hl=en</userId>
        </metadataProvider>
        <associatedParty>
            <individualName>
                <givenName>Krizler</givenName>
                <surName>Tanalgo</surName>
            </individualName>
            <organizationName>Ecology and Conservation Research Laboratory, Department of Biological Sciences, College of Science and Mathematics, University of Southern Mindanao</organizationName>
            <positionName>Associate Professor</positionName>
            <address>
                <deliveryPoint>2nd floor S&amp;T building, University of Southern Mindanao</deliveryPoint>
                <city>Kabacan</city>
                <administrativeArea>North Cotabato</administrativeArea>
                <postalCode>9407</postalCode>
                <country>PHILIPPINES</country>
            </address>
            <phone>09616316114</phone>
            <electronicMailAddress>tkrizler@gmail.com</electronicMailAddress>
            <onlineUrl>https://krizlertanalgo.wordpress.com/</onlineUrl>
            <userId directory="http://scholar.google.com/citations?user=">https://scholar.google.com.ph/citations?user=LsPE8DcAAAAJ&amp;hl=en</userId>
            <role>PRINCIPAL_INVESTIGATOR</role>
        </associatedParty>
        <pubDate>
                2023-10-02
        </pubDate>
        <language>ENGLISH</language>
        <abstract>
            The MOBIOS&amp;#43; project has an overarching goal of establishing a biodiversity database for Mindanao following the FAIR principles (Findable, Accessible, Interoperable, and Reusable) principles to advance studies in biodiversity and develop a synthesis to identify current and future conservation priorities in the region. Furthermore, the MOBIOS&amp;#43; database aims to mainstream rich and important biodiversity in Mindanao. This is through making occurrence records of species from studies from various institutions in Mindanao centralised in an accessible platform. To do this, we collated biodiversity records from published studies and organized them in a standard format, machine readable, and digitally available through the Global Biodiversity Information Facility (GBIF) platform. This project aims to continuously update the species database, complementing on-ground biodiversity efforts in Mindanao. The database is housed at the Biodiversity Synthesis Centre of the Eco/Con Lab at the Department of Biological Sciences, University of Southern Mindanao.
        </abstract>
        <keywordSet>
            <keyword>Mindanao</keyword>
            <keyword>Insecta</keyword>
            <keyword>Actinopterygii</keyword>
            <keyword>Philippines</keyword>
            <keyword>Amphibia</keyword>
            <keyword>Gastropoda</keyword>
            <keyword>vertebrates</keyword>
            <keyword>Arachnida</keyword>
            <keyword>Mammalia</keyword>
            <keyword>Bivalvia</keyword>
            <keyword>Reptilia</keyword>
            <keyword>Aves</keyword>
            <keyword>Occurrence</keyword>
            <keyword>invertebrates</keyword>
            <keyword>Malacostraca</keyword>
            <keywordThesaurus>GBIF Dataset Type Vocabulary: http://rs.gbif.org/vocabulary/gbif/dataset_type_2015-07-10.xml</keywordThesaurus>
        </keywordSet>
        <keywordSet>
            <keyword>Observation</keyword>
            <keywordThesaurus>GBIF Dataset Subtype Vocabulary: http://rs.gbif.org/vocabulary/gbif/dataset_subtype.xml</keywordThesaurus>
        </keywordSet>
        <intellectualRights>
            <para>This work is licensed under a <ulink url="http://creativecommons.org/licenses/by-nc/4.0/legalcode"><citetitle>Creative Commons Attribution Non Commercial (CC-BY-NC) 4.0 License</citetitle></ulink>.</para>
        </intellectualRights>
        <licensed>
            <licenseName>Creative Commons Attribution Non Commercial 4.0 International</licenseName>
            <url>https://spdx.org/licenses/CC-BY-NC-4.0.html</url>
            <identifier>CC-BY-NC-4.0</identifier>
        </licensed>
        <distribution scope="document">
            <online>
                <url function="download">https://ipt.pensoft.net/archive.do?r=mobios_data</url>
            </online>
        </distribution>
        <coverage>
            <geographicCoverage>
                <geographicDescription>Mindanao faunal region, south of the Philippines</geographicDescription>
                <boundingCoordinates>
                    <westBoundingCoordinate>-180</westBoundingCoordinate>
                    <eastBoundingCoordinate>180</eastBoundingCoordinate>
                    <northBoundingCoordinate>90</northBoundingCoordinate>
                    <southBoundingCoordinate>-90</southBoundingCoordinate>
                </boundingCoordinates>
            </geographicCoverage>
            <temporalCoverage>
                <rangeOfDates>
                    <beginDate>
                        <calendarDate>                2000-01-01
</calendarDate>
                    </beginDate>
                    <endDate>
                        <calendarDate>                2022-12-31
</calendarDate>
                    </endDate>
                </rangeOfDates>
            </temporalCoverage>
            <taxonomicCoverage>
                <generalTaxonomicCoverage>The 12,814 georeferenced species occurrence is comprised of 1,926 species from 10 taxonomic classes.  Invertebrates are represented by Gastropoda (27 spp., 1%), Bivalvia (4 spp., 0.20%), Arachnida (149 spp., 8%), Malacostraca (43 spp., 2%), and Insecta (866 spp., 45%). Whilst, the vertebrates are represented by Actinopterygii (176 spp., 9%), Amphibia (65 spp., 3%), Reptilia (135 spp., 7%), Aves (382 spp., 20%) and Mammalia (78 spp., 4%).</generalTaxonomicCoverage>
                <taxonomicClassification>
                    <taxonRankName>Class</taxonRankName>
                    <taxonRankValue>Gastropoda</taxonRankValue>
                    <commonName>Gastropods</commonName>
                </taxonomicClassification>
                <taxonomicClassification>
                    <taxonRankName>Class</taxonRankName>
                    <taxonRankValue>Bivalvia</taxonRankValue>
                    <commonName>Bivalves</commonName>
                </taxonomicClassification>
                <taxonomicClassification>
                    <taxonRankName>Class</taxonRankName>
                    <taxonRankValue>Arachnida</taxonRankValue>
                    <commonName>Arachnids</commonName>
                </taxonomicClassification>
                <taxonomicClassification>
                    <taxonRankName>Class</taxonRankName>
                    <taxonRankValue>Malacostraca</taxonRankValue>
                    <commonName>Crabs</commonName>
                </taxonomicClassification>
                <taxonomicClassification>
                    <taxonRankName>Class</taxonRankName>
                    <taxonRankValue>Insecta</taxonRankValue>
                    <commonName>Insects</commonName>
                </taxonomicClassification>
                <taxonomicClassification>
                    <taxonRankName>Class</taxonRankName>
                    <taxonRankValue>Actinopterygii</taxonRankValue>
                    <commonName>Bony fishes</commonName>
                </taxonomicClassification>
                <taxonomicClassification>
                    <taxonRankName>Class</taxonRankName>
                    <taxonRankValue>Amphibia</taxonRankValue>
                    <commonName>Amphibians</commonName>
                </taxonomicClassification>
                <taxonomicClassification>
                    <taxonRankName>Class</taxonRankName>
                    <taxonRankValue>Reptilia</taxonRankValue>
                    <commonName>Reptiles</commonName>
                </taxonomicClassification>
                <taxonomicClassification>
                    <taxonRankName>Class</taxonRankName>
                    <taxonRankValue>Aves</taxonRankValue>
                    <commonName>Birds</commonName>
                </taxonomicClassification>
                <taxonomicClassification>
                    <taxonRankName>Class</taxonRankName>
                    <taxonRankValue>Mammalia</taxonRankValue>
                    <commonName>Mammals</commonName>
                </taxonomicClassification>
            </taxonomicCoverage>
        </coverage>
        <maintenance>
            <description>
                <para></para>
            </description>
            <maintenanceUpdateFrequency>continually</maintenanceUpdateFrequency>
        </maintenance>
        <contact>
            <individualName>
                <givenName>Krizler</givenName>
                <surName>Tanalgo</surName>
            </individualName>
            <organizationName>Ecology and Conservation Research Laboratory, Department of Biological Sciences, College of Science and Mathematics, University of Southern Mindanao</organizationName>
            <positionName>Assistant Professor</positionName>
            <address>
                <deliveryPoint>2nd Floor S&amp;T Building, University of Southern Mindanao</deliveryPoint>
                <city>Kabacan</city>
                <administrativeArea>North Cotabato</administrativeArea>
                <postalCode>9407</postalCode>
                <country>PHILIPPINES</country>
            </address>
            <phone>09777771412</phone>
            <electronicMailAddress>tkrizler@gmail.com</electronicMailAddress>
            <onlineUrl>https://krizlertanalgo.wordpress.com/</onlineUrl>
            <userId directory="http://scholar.google.com/citations?user=">https://scholar.google.com.ph/citations?user=LsPE8DcAAAAJ&amp;hl=en</userId>
        </contact>
        <methods>
            <methodStep>
                <description>
                    <para>1. Collating and filtering published biodiversity studies from the Mindanao faunal region. 
2. Reviewing of the studies for suitability based on criteria.
3. Extracting species occurrence data and other relevant metadata from biodiversity studies in Mindanao faunal region.
4. Placing the species distribution and other metadata in Microsoft Office Excel format.
5. Curating species occurrence in Quantum GIS.
6. Organising of occurrence dataset following Darwin Core Standards.</para>
                </description>
            </methodStep>
            <sampling>
                <studyExtent>
                    <description>
                        <para>MOBIOS+ included occurrence records from 2000-2023. The database contains data for terrestrial and freshwater ecosystems in the entire faunal region of Mindanao, south of the Philippines.</para>
                    </description>
                </studyExtent>
                <samplingDescription>
                    <para>We applied the PRISMA approach to collect and select biodiversity studies from Mindanao from 2000-2023. We used the combinations of the following keywords: ‘Biodiversity stud*’, ‘Assessment*, ‘Survey’, ‘Terrestrial’, ‘Freshwater’, and ‘Mindanao’ to search for published literature from Google Scholar. We also explore the Biodiversity Literature Repository (BLR) (https://biolitrepo.org/) and the self-archiving ResearchGate (https://www.researchgate.net/) for additional published studies, particularly on new localities and natural history notes of species. We excluded the thesis and dissertation to standardise our database because most universities and academic institutions do not have online repositories to access their research. We then assigned teams to collect and analyze data from specific taxonomic groups. We sampled each literature for species occurrence from published articles and books using the Darwin Core Biodiversity Standard format (Wieczorek et al., 2012). We extracted information for the species list, taxonomic classification, conservation status, location of the species, and other relevant information.</para>
                </samplingDescription>
            </sampling>
            <qualityControl>
                <description>
                    <para>We countercurated all listed species and their distribution in the database using the Integrated Taxonomic Information System (ITIS) database (https://www.itis.gov/). We excluded dubious species, such as those with problematic identification or species that naturally do not occur in the range without proper discussions or expert clarifications. According to the Catalogue of Life, taxonomy names were aligned and standardised (https://www.catalogueoflife.org). We retained the taxonomic classification of species with confusing arrangements. We plotted and mapped all species occurrence within the boundaries of the Mindanao faunal region using QGIS (v. 3.26) (QGIS Development Team, 2022) to curate species occurrence within the range. Biodiversity records outside the range or within unusual locations were counter-checked with the original reference and corrected.</para>
                </description>
            </qualityControl>
        </methods>

            <project >
                <title>The MOBIOS+: A FAIR (Findable, Accessible, Interoperable, and Reusable) Database for Mindanao&apos;s Terrestrial Biodiversity</title>
                <personnel>
                    <individualName>
                    <givenName>Krizler</givenName>
                    <surName>Tanalgo</surName>
                    </individualName>
            <userId directory="http://scholar.google.com/citations?user=">https://scholar.google.com.ph/citations?user=LsPE8DcAAAAJ&amp;hl=en</userId>
                    <role>PRINCIPAL_INVESTIGATOR</role>
                </personnel>
                <personnel>
                    <individualName>
                    <givenName>Kier</givenName>
                    <surName>Dela Cruz</surName>
                    </individualName>
            <userId directory="http://orcid.org/">0009-0003-6255-5642</userId>
                    <role>CONTENT_PROVIDER</role>
                </personnel>
                <personnel>
                    <individualName>
                    <givenName>Jeaneth Magelen</givenName>
                    <surName>Respicio</surName>
                    </individualName>
            <userId directory="http://orcid.org/">0009-0006-2883-1473</userId>
                    <role>CONTENT_PROVIDER</role>
                </personnel>
                <abstract>
                    <para>The MOBIOS+ database currently contains information for 12,814 georeferenced species occurrences from 1,925 species from the Mindanao Faunal region (Mainland Mindanao and adjacent provinces in Visayas). The database represents at least ten taxonomic classes of terrestrial and freshwater fauna. This is the first database version that contains biodiversity records based on literature from the early 21st century for terrestrial fauna from the faunal region of Mindanao.</para>
                </abstract>
                <funding>
                    <para>The Biodiversity Community Integrated Knowledge Library (BiCIKL) project, funded by the European Union Horizon 2020 Research and Innovation Action under grant agreement No 101007492, has supported the publication of this work.</para>
                </funding>
                <studyAreaDescription>
                    <descriptor name="generic" citableClassificationSystem="false">
                        <descriptorValue>The database contains data for terrestrial and freshwater ecosystems in the entire faunal region of Mindanao, south of the Philippines.</descriptorValue>
                    </descriptor>
                </studyAreaDescription>
            </project>
    </dataset>

    <additionalMetadata>
        <metadata>
            <gbif>
                <dateStamp>2024-12-27T11:56:09Z</dateStamp>
                <citation>Tanalgo K (2023). The MOBIOS+: A FAIR (Findable, Accessible, Interoperable, and Reusable) Database for Mindanao&apos;s Terrestrial Biodiversity. Biodiversity Data Journal. Occurrence dataset https://doi.org/10.15468/rtedgk accessed via GBIF.org on 2024-12-27.</citation>
                <resourceLogoUrl>https://ipt.pensoft.net/logo.do?r=mobios_data</resourceLogoUrl>
            </gbif>
        </metadata>
    </additionalMetadata>
    </eml:eml>
