<?xml version="1.0" encoding="utf-8"?>
<eml:eml xmlns:eml="https://eml.ecoinformatics.org/eml-2.2.0" xmlns:xsi="http://www.w3.org/2001/XMLSchema-instance"
         xsi:schemaLocation="https://eml.ecoinformatics.org/eml-2.2.0 https://rs.gbif.org/schema/eml-gbif-profile/1.3/eml.xsd"
packageId="e8189215-df7b-4d63-85d8-1e202f09afba"  system="http://gbif.org" scope="system"
xml:lang="en">
    <dataset>
        <alternateIdentifier>10.15468/tc5n4y</alternateIdentifier>
        <alternateIdentifier>e8189215-df7b-4d63-85d8-1e202f09afba</alternateIdentifier>
        <alternateIdentifier>http://ipt.nlbif.nl/resource?r=odonata_se-asia</alternateIdentifier>
        <title>Odonata observations from SE Asia</title>
        <creator>
            <individualName>
                <givenName>Vincent</givenName>
                <surName>Kalkman</surName>
            </individualName>
            <organizationName>Naturalis Biodiversity Center</organizationName>
            <positionName>Researcher</positionName>
            <address>
                <deliveryPoint>PO Box 9517</deliveryPoint>
                <city>Leiden</city>
                <postalCode>2300 RA</postalCode>
                <country>NETHERLANDS</country>
            </address>
            <electronicMailAddress>vincent.kalkman@naturalis.nl</electronicMailAddress>
            <userId directory="https://orcid.org/">0000-0002-1484-7865</userId>
        </creator>
        <creator>
            <individualName>
                <givenName>Rory</givenName>
                <surName>Dow</surName>
            </individualName>
            <organizationName>Naturalis Biodiversity Center</organizationName>
            <positionName>Research associate</positionName>
            <address>
                <deliveryPoint>PO Box 9517</deliveryPoint>
                <city>Leiden</city>
                <postalCode>2300 RA</postalCode>
                <country>NETHERLANDS</country>
            </address>
            <electronicMailAddress>rory.dow230@yahoo.co.uk</electronicMailAddress>
            <userId directory="https://orcid.org/">0000-0002-0760-4822</userId>
        </creator>
        <metadataProvider>
            <individualName>
                <givenName>Vincent</givenName>
                <surName>Kalkman</surName>
            </individualName>
            <organizationName>Naturalis Biodiversity Center</organizationName>
            <positionName>Researcher</positionName>
            <address>
                <deliveryPoint>PO Box 9517</deliveryPoint>
                <city>Leiden</city>
                <postalCode>2300 RA</postalCode>
                <country>NETHERLANDS</country>
            </address>
            <electronicMailAddress>vincent.kalkman@naturalis.nl</electronicMailAddress>
            <userId directory="https://orcid.org/">0000-0002-1484-7865</userId>
        </metadataProvider>
        <metadataProvider>
            <individualName>
                <givenName>Rory</givenName>
                <surName>Dow</surName>
            </individualName>
            <organizationName>Naturalis Biodiversity Center</organizationName>
            <positionName>Research associate</positionName>
            <address>
                <deliveryPoint>PO Box 9517</deliveryPoint>
                <city>Leiden</city>
                <postalCode>2300 RA</postalCode>
                <country>NETHERLANDS</country>
            </address>
            <electronicMailAddress>rory.dow230@yahoo.co.uk</electronicMailAddress>
            <userId directory="https://orcid.org/">0000-0002-0760-4822</userId>
        </metadataProvider>
        <associatedParty>
            <individualName>
                <givenName>Jeroen</givenName>
                <surName>Creuwels</surName>
            </individualName>
            <organizationName>NLBIF</organizationName>
            <positionName>Data manager</positionName>
            <address>
                <deliveryPoint>PO Box 9517</deliveryPoint>
                <city>Leiden</city>
                <administrativeArea>Zuid-Holland</administrativeArea>
                <postalCode>NL-2300 RA</postalCode>
                <country>NETHERLANDS</country>
            </address>
            <phone>+31717519362</phone>
            <electronicMailAddress>nlbif@naturalis.nl</electronicMailAddress>
            <onlineUrl>https://www.nlbif.nl</onlineUrl>
            <userId directory="https://orcid.org/">0000-0001-6131-7026</userId>
            <role>PROGRAMMER</role>
        </associatedParty>
        <associatedParty>
            <individualName>
                <givenName>Niels</givenName>
                <surName>Raes</surName>
            </individualName>
            <organizationName>NLBIF</organizationName>
            <positionName>Node manager NLBIF</positionName>
            <address>
                <deliveryPoint>PO Box 9517</deliveryPoint>
                <city>Leiden</city>
                <postalCode>NL-2300 RA</postalCode>
                <country>NETHERLANDS</country>
            </address>
            <phone>+31717519362</phone>
            <electronicMailAddress>nlbif@naturalis.nl</electronicMailAddress>
            <onlineUrl>https://www.nlbif.nl</onlineUrl>
            <userId directory="https://orcid.org/">0000-0002-4329-4892</userId>
            <role>PROCESSOR</role>
        </associatedParty>
        <pubDate>
                2022-12-16
        </pubDate>
        <language>ENGLISH</language>
        <abstract>
            Database containing all published georeferenced distribution records of dragonflies and damselflies of Malaysia, Brunei, Indonesia, Timor Leste, Papua New Guinea and the Solomon islands. The names used reflect the taxonomy as used in 2022. Data entry &amp; organisation: Rory Dow and Vincent Kalkman
        </abstract>
        <keywordSet>
            <keyword>Metadata</keyword>
            <keywordThesaurus>GBIF Dataset Type Vocabulary: http://rs.gbif.org/vocabulary/gbif/dataset_type_2015-07-10.xml</keywordThesaurus>
        </keywordSet>
        <keywordSet>
            <keyword>odonata; dragonfly; damselfly; freshwater</keyword>
            <keywordThesaurus>n/a</keywordThesaurus>
        </keywordSet>
        <keywordSet>
            <keyword>Observation</keyword>
            <keywordThesaurus>GBIF Dataset Subtype Vocabulary: http://rs.gbif.org/vocabulary/gbif/dataset_subtype.xml</keywordThesaurus>
        </keywordSet>
        <intellectualRights>
            <para>To the extent possible under law, the publisher has waived all rights to these data and has dedicated them to the <ulink url="http://creativecommons.org/publicdomain/zero/1.0/legalcode"><citetitle>Public Domain (CC0 1.0)</citetitle></ulink>. Users may copy, modify, distribute and use the work, including for commercial purposes, without restriction.</para>
        </intellectualRights>
        <licensed>
            <licenseName>Creative Commons Zero v1.0 Universal</licenseName>
            <url>https://spdx.org/licenses/CC0-1.0.html</url>
            <identifier>CC0-1.0</identifier>
        </licensed>
        <distribution scope="document">
            <online>
                <url function="download">http://ipt.nlbif.nl/archive.do?r=odonata_se-asia</url>
            </online>
        </distribution>
        <coverage>
            <geographicCoverage>
                <geographicDescription>Malaysia, Brunei, Indonesia, Timor Leste, Papua New Guinea and the Solomon islands.</geographicDescription>
                <boundingCoordinates>
                    <westBoundingCoordinate>94.56</westBoundingCoordinate>
                    <eastBoundingCoordinate>163</eastBoundingCoordinate>
                    <northBoundingCoordinate>8.75</northBoundingCoordinate>
                    <southBoundingCoordinate>-12.5</southBoundingCoordinate>
                </boundingCoordinates>
            </geographicCoverage>
            <temporalCoverage>
                <rangeOfDates>
                    <beginDate>
                        <calendarDate>                1853-01-01
</calendarDate>
                    </beginDate>
                    <endDate>
                        <calendarDate>                2020-10-18
</calendarDate>
                    </endDate>
                </rangeOfDates>
            </temporalCoverage>
            <taxonomicCoverage>
                <generalTaxonomicCoverage>Odonata (Anisoptera &amp; Zygoptera)</generalTaxonomicCoverage>
                <taxonomicClassification>
                    <taxonRankName>Order</taxonRankName>
                    <taxonRankValue>Odonata</taxonRankValue>
                    <commonName>Dragonflies and damselflies</commonName>
                </taxonomicClassification>
            </taxonomicCoverage>
        </coverage>
        <contact>
            <individualName>
                <givenName>Vincent</givenName>
                <surName>Kalkman</surName>
            </individualName>
            <organizationName>Naturalis Biodiversity Center</organizationName>
            <positionName>Researcher</positionName>
            <address>
                <deliveryPoint>PO Box 9517</deliveryPoint>
                <city>Leiden</city>
                <postalCode>2300 RA</postalCode>
                <country>NETHERLANDS</country>
            </address>
            <electronicMailAddress>vincent.kalkman@naturalis.nl</electronicMailAddress>
            <userId directory="https://orcid.org/">0000-0002-1484-7865</userId>
        </contact>

    </dataset>

    <additionalMetadata>
        <metadata>
            <gbif>
                <dateStamp>2024-12-27T11:56:08Z</dateStamp>
                <citation>Kalkman V, Dow R (2022). Odonata observations from SE Asia. Version 1.3. Naturalis Biodiversity Center. Occurrence dataset https://doi.org/10.15468/tc5n4y accessed via GBIF.org on 2024-12-27.</citation>
                <bibliography>
                <citation>Dow et al 2023. Checklist of the dragonflies and damselflies (Insecta: Odonata) of Sundaland and Wallacea (Malaysia, Singapore, Brunei, Indonesia and East Timor).</citation>
                </bibliography>
                <resourceLogoUrl>http://ipt.nlbif.nl/resources/logo_Naturalis_rood.png</resourceLogoUrl>
            </gbif>
        </metadata>
    </additionalMetadata>
    </eml:eml>
