<?xml version="1.0" encoding="utf-8"?>
<eml:eml xmlns:eml="https://eml.ecoinformatics.org/eml-2.2.0" xmlns:xsi="http://www.w3.org/2001/XMLSchema-instance"
         xsi:schemaLocation="https://eml.ecoinformatics.org/eml-2.2.0 https://rs.gbif.org/schema/eml-gbif-profile/1.3/eml.xsd"
packageId="ef308a4f-87f2-4600-80af-45a6ab108512"  system="http://gbif.org" scope="system"
xml:lang="en">
    <dataset>
        <alternateIdentifier>10.15468/slfxan</alternateIdentifier>
        <alternateIdentifier>ef308a4f-87f2-4600-80af-45a6ab108512</alternateIdentifier>
        <alternateIdentifier>http://ipt-nigeria.gbif.fr/resource?r=odonates_of_federal_university_of_technology_akure_nigeria</alternateIdentifier>
        <title>Odonata of Federal University of Technology Akure Nigeria</title>
        <creator>
            <individualName>
                <givenName>Kehinde</givenName>
                <surName>Kemabonta</surName>
            </individualName>
            <organizationName>University of Lagos</organizationName>
            <positionName>Associate Professor</positionName>
            <address>
                <deliveryPoint>Department Of Zoology</deliveryPoint>
                <city>Lagos</city>
                <administrativeArea>Lagos</administrativeArea>
                <postalCode>+234</postalCode>
                <country>NIGERIA</country>
            </address>
            <phone>8022235317</phone>
            <electronicMailAddress>kennykemabonta@yahoo.com</electronicMailAddress>
            <userId directory="https://orcid.org/">0000.0002-4301-9196</userId>
        </creator>
        <creator>
            <individualName>
                <givenName>Babasola</givenName>
                <surName>Adu</surName>
            </individualName>
            <organizationName>Federal University od Technology, Akure</organizationName>
            <positionName>Senior Lecturer</positionName>
            <address>
                <deliveryPoint>Department of Biology</deliveryPoint>
                <city>Akure</city>
                <administrativeArea>Ondo</administrativeArea>
                <postalCode>+234</postalCode>
            </address>
            <phone>8034313457</phone>
            <electronicMailAddress>williamsadubabs@yahoo.com</electronicMailAddress>
        </creator>
        <metadataProvider>
            <individualName>
                <givenName>Babasola</givenName>
                <surName>Adu</surName>
            </individualName>
            <organizationName>Federal University Of Technology</organizationName>
            <positionName>Senior Lecturer</positionName>
            <address>
                <deliveryPoint>De[partment of Biology</deliveryPoint>
                <city>Akure</city>
                <administrativeArea>Ondo</administrativeArea>
                <postalCode>+234</postalCode>
                <country>NIGERIA</country>
            </address>
            <phone>8034313457</phone>
            <electronicMailAddress>williamsadubabs@yahoo.com</electronicMailAddress>
        </metadataProvider>
        <associatedParty>
            <individualName>
                <givenName>Kehinde</givenName>
                <surName>Kemabonta</surName>
            </individualName>
            <organizationName>University of Lagos</organizationName>
            <positionName>Associate Professor</positionName>
            <address>
                <deliveryPoint>Department Of Zoology</deliveryPoint>
                <city>Lagos</city>
                <administrativeArea>Lagos</administrativeArea>
                <postalCode>+234</postalCode>
                <country>NIGERIA</country>
            </address>
            <phone>8022235317</phone>
            <electronicMailAddress>kennykemabonta@yahoo.com</electronicMailAddress>
            <userId directory="https://orcid.org/">0000.0002-4301-9196</userId>
            <role>USER</role>
        </associatedParty>
        <associatedParty>
            <individualName>
                <givenName>Babasola</givenName>
                <surName>Adu</surName>
            </individualName>
            <organizationName>Federal University Of Technology Akure</organizationName>
            <positionName>Senior Lecturer</positionName>
            <address>
                <deliveryPoint>Department of Biology</deliveryPoint>
                <city>Akure</city>
                <administrativeArea>Ondo</administrativeArea>
                <postalCode>+234</postalCode>
                <country>NIGERIA</country>
            </address>
            <phone>8034313457</phone>
            <electronicMailAddress>williamsadubabs@yahoo.com</electronicMailAddress>
            <role>POINT_OF_CONTACT</role>
        </associatedParty>
        <pubDate>
                2019-08-26
        </pubDate>
        <language>ENGLISH</language>
        <abstract>
            Odonate collections from Federal University of Technology Akure, Ondo State Nigeria comprised a total of 661 individuals made up of 110 species, 41 general and nine families. The  families include Libellulidae (72.2%), Coenagrionidae (13.5%), Calopterygidae (6.2%), Platycnemididae (3.1%), Chlorocyphidae (1.9%), Protoneuridae (1.2%), Cordullidae (0.5%), Gomphidae (0.5%), Aeshnidae (0.3%). Three dominant species include Trithemis arteriosa (10%), Palpopleura lucia (9%) and Orthetrum Julia (8%). Thirty eight species of the collections were represented by only one individual amongst which were Ceriagrion whellani, Pseudagrion risi,  and Trithemis leakeyi.
        </abstract>
        <keywordSet>
            <keyword>river Alatori</keyword>
            <keyword>diversity</keyword>
            <keyword>Ilaramokin</keyword>
            <keyword>specimen</keyword>
            <keyword>Aahoo</keyword>
            <keyword>Odonata</keyword>
            <keyword>Occurrence</keyword>
            <keyword>Aponmu</keyword>
            <keywordThesaurus>GBIF Dataset Type Vocabulary: http://rs.gbif.org/vocabulary/gbif/dataset_type.xml</keywordThesaurus>
        </keywordSet>
        <keywordSet>
            <keyword>Specimen</keyword>
            <keywordThesaurus>GBIF Dataset Subtype Vocabulary: http://rs.gbif.org/vocabulary/gbif/dataset_subtype.xml</keywordThesaurus>
        </keywordSet>
        <intellectualRights>
            <para>To the extent possible under law, the publisher has waived all rights to these data and has dedicated them to the <ulink url="http://creativecommons.org/publicdomain/zero/1.0/legalcode"><citetitle>Public Domain (CC0 1.0)</citetitle></ulink>. Users may copy, modify, distribute and use the work, including for commercial purposes, without restriction.</para>
        </intellectualRights>
        <licensed>
            <licenseName>Creative Commons Zero v1.0 Universal</licenseName>
            <url>https://spdx.org/licenses/CC0-1.0.html</url>
            <identifier>CC0-1.0</identifier>
        </licensed>
        <distribution scope="document">
            <online>
                <url function="download">http://ipt-nigeria.gbif.fr/archive.do?r=odonates_of_federal_university_of_technology_akure_nigeria</url>
            </online>
        </distribution>
        <coverage>
            <geographicCoverage>
                <geographicDescription>The area covers Federal University of Technology, Akure, Ikere Ekiti,Ilara Mokin, Akure Forest reserve comprising of River Owena, Apomu river, Aahoo stream and Alatori river</geographicDescription>
                <boundingCoordinates>
                    <westBoundingCoordinate>5.143</westBoundingCoordinate>
                    <eastBoundingCoordinate>5.28</eastBoundingCoordinate>
                    <northBoundingCoordinate>7.328</northBoundingCoordinate>
                    <southBoundingCoordinate>7.21</southBoundingCoordinate>
                </boundingCoordinates>
            </geographicCoverage>
            <temporalCoverage>
                <rangeOfDates>
                    <beginDate>
                        <calendarDate>                2006-02-01
</calendarDate>
                    </beginDate>
                    <endDate>
                        <calendarDate>                2017-12-13
</calendarDate>
                    </endDate>
                </rangeOfDates>
            </temporalCoverage>
            <taxonomicCoverage>
                <generalTaxonomicCoverage>Odonate collections from Federal University of Technology Akure, Ondo State Nigeria comprised a total of 661 individuals made up of 110 species, 41 general and nine families. The  families include Libellulidae (72.2%), Coenagrionidae (13.5%), Calopterygidae (6.2%), Platycnemididae (3.1%), Chlorocyphidae (1.9%), Protoneuridae (1.2%), Cordullidae (0.5%), Gomphidae (0.5%), Aeshnidae (0.3%). Three dominant species include Trithemis arteriosa (10%), Palpopleura lucia (9%) and Orthetrum Julia (8%). Thirty eight species of the collections were represented by only one individual amongst which were Ceriagrion whellani, Pseudagrion risi,  and Trithemis leakeyi.</generalTaxonomicCoverage>
                <taxonomicClassification>
                    <taxonRankName>Order</taxonRankName>
                    <taxonRankValue>odonata</taxonRankValue>
                    <commonName>Dragonflies</commonName>
                </taxonomicClassification>
                <taxonomicClassification>
                    <taxonRankName>Order</taxonRankName>
                    <taxonRankValue>Odonata</taxonRankValue>
                    <commonName>Damselflies</commonName>
                </taxonomicClassification>
            </taxonomicCoverage>
        </coverage>
        <maintenance>
            <description>
                <para></para>
            </description>
            <maintenanceUpdateFrequency>unkown</maintenanceUpdateFrequency>
        </maintenance>
        <contact>
            <individualName>
                <givenName>Babasola</givenName>
                <surName>Adu</surName>
            </individualName>
            <organizationName>Federal University od Technology, Akure</organizationName>
            <positionName>Senior Lecturer</positionName>
            <address>
                <deliveryPoint>Department of Biology</deliveryPoint>
                <city>Akure</city>
                <administrativeArea>Ondo</administrativeArea>
                <postalCode>+234</postalCode>
            </address>
            <phone>8034313457</phone>
            <electronicMailAddress>williamsadubabs@yahoo.com</electronicMailAddress>
        </contact>
        <contact>
            <individualName>
                <givenName>Kehinde</givenName>
                <surName>Kemabonta</surName>
            </individualName>
            <organizationName>University of Lagos</organizationName>
            <positionName>Associate Professor</positionName>
            <address>
                <deliveryPoint>Department of Zoology</deliveryPoint>
                <city>Lagos</city>
                <administrativeArea>Other / None</administrativeArea>
                <postalCode>+234</postalCode>
                <country>NIGERIA</country>
            </address>
            <phone>08022235317</phone>
            <electronicMailAddress>kennykemabonta@yahoo.com</electronicMailAddress>
            <userId directory="https://orcid.org/">0000.0002-4301-9196</userId>
        </contact>

            <project id="BID-AF2017-0311-SMA">
                <title>Digitization of Species of Odonata (Damselflies and Dragonflies) of Southern, Nigeria</title>
                <personnel>
                    <individualName>
                    <givenName>Babasola</givenName>
                    <surName>Adu</surName>
                    </individualName>
                    <role>POINT_OF_CONTACT</role>
                </personnel>
                <abstract>
                    <para>Odonate collections from University of Ibadan, Oyo State Nigeria comprised a total of 495 individuals made up of 26 species, and four families. The families include Libellulidae (72.2%), Coenagrionidae (13.5%), Protoneuridae (1.2%) and Gomphidae (0.5%). Three dominant species include Trithemis arteriosa (10%), Palpopleura lucia (9%) and Ceriagrion glabrum(8%). Five species of the collections were represented by only one individual amongst which were Teinobasis alluausi, Orthetrum austeni and Palpopleura deceptor.</para>
                </abstract>
                <funding>
                    <para>BID-AF2017-0311-SMA</para>
                </funding>
                <studyAreaDescription>
                    <descriptor name="generic" citableClassificationSystem="false">
                        <descriptorValue>The study area include Federal University of technology, Akure, Ilara Mokin, Akure forest reserve comprising of some ponds such as Ago store pond and rivers such as Aahoo and Alatori and owena.</descriptorValue>
                    </descriptor>
                </studyAreaDescription>
                <designDescription>
                    <description>
                        <para>These are preserved specimens with Dr Adu</para>
                    </description>
                </designDescription>
            </project>
    </dataset>

    <additionalMetadata>
        <metadata>
            <gbif>
                <dateStamp>2024-12-27T11:56:01Z</dateStamp>
                <citation>Kemabonta K, Adu B (2019). Odonata of Federal University of Technology Akure Nigeria. Version 1.4. The Federal University of Technology, Akure. Occurrence dataset https://doi.org/10.15468/slfxan accessed via GBIF.org on 2024-12-27.</citation>
            </gbif>
        </metadata>
    </additionalMetadata>
    </eml:eml>
