<?xml version="1.0" encoding="utf-8"?>
<eml:eml xmlns:eml="https://eml.ecoinformatics.org/eml-2.2.0" xmlns:xsi="http://www.w3.org/2001/XMLSchema-instance"
         xsi:schemaLocation="https://eml.ecoinformatics.org/eml-2.2.0 https://rs.gbif.org/schema/eml-gbif-profile/1.3/eml.xsd"
packageId="10.15468/dl.cst5pb"  system="http://gbif.org" scope="system"
xml:lang="en">
    <dataset>
        <alternateIdentifier>0049879-241126133413365</alternateIdentifier>
        <title>GBIF Occurrence Download 10.15468/dl.cst5pb</title>
        <creator>
            <individualName>
                <surName>GBIF Download Service</surName>
            </individualName>
            <electronicMailAddress>support@gbif.org</electronicMailAddress>
        </creator>
        <metadataProvider>
            <individualName>
                <surName>GBIF Download Service</surName>
            </individualName>
            <electronicMailAddress>support@gbif.org</electronicMailAddress>
        </metadataProvider>
        <pubDate>
                2024-12-27
        </pubDate>
        <language>ENGLISH</language>
        <abstract>
            A dataset containing all occurrences available in GBIF matching the query:
{
  "and" : [
    "HasCoordinate is true",
    "HasGeospatialIssue is false",
    "OccurrenceStatus is Present",
    "TaxonKey is Bombus suckleyi Greene, 1860"
  ]
}
The dataset includes records from the following constituent datasets. The full metadata for each constituent is also included in this archive:
167 records from Entomology Division, Yale Peabody Museum
120 records from J. B. Wallis / R. E. Roughley Museum of Entomology
78 records from Snow Entomological Museum Collection
72 records from Illinois Natural History Survey Insect Collection
134 records from Bee Biology and Systematics Laboratory
14 records from University of British Columbia - Spencer Entomological Collection (UBCZ)
8 records from LACM Entomology Collection
6 records from Royal Saskatchewan Museum - Entomology
7 records from University of Alberta E. H. Strickland Entomological Museum (UASM)
11 records from The Albert J. Cook Arthropod Research Collection
1 records from New Mexico State Collection of Arthropods
19 records from USBombus, contemporary survey data of North American bumble bees (Hymenoptera,  Apidae, Bombus) distributed in the United States
3 records from Denver Museum of Nature &amp; Science - Entomology
11 records from Field Museum of Natural History (Zoology) Insect, Arachnid and Myriapod Collection
95 records from NMNH Extant Specimen Records (USNM, US)
1 records from Cleveland Museum of Natural History
3 records from Triplehorn Insect Collection, The Ohio State University
9 records from University of Michigan Museum of Zoology, Division of Insects
45 records from Essig Museum of Entomology
14 records from Insect Species Occurrence Data from Multiple Projects Worldwide with Focus on Bees and Wasps in North America
16 records from Morandin PhD Thesis / La Crete, Alberta
17 records from Museum of Comparative Zoology, Harvard University
32 records from South Dakota State University, The Severin-McDaniel Insect Research Collection
1 records from Survey of bumblebees in central Alberta - 2018
1 records from Wild bees of Grand Staircase-Escalante National Monument
49 records from Patterns of widespread decline in North American bumble bees
702 records from Bombus of Canada
3 records from Entomology Collection at the Natural History Museum of Utah
170 records from hymenoptera
17 records from iNaturalist Research-grade Observations
53 records from UCM Entomology Collection

        </abstract>
        <contact>
            <individualName>
                <surName>GBIF Download Service</surName>
            </individualName>
            <electronicMailAddress>support@gbif.org</electronicMailAddress>
        </contact>

    </dataset>

    <additionalMetadata>
        <metadata>
            <gbif>
                <dateStamp>2024-12-27T12:34:01Z</dateStamp>
                <citation identifier="10.15468/dl.cst5pb">GBIF Occurrence Download 10.15468/dl.cst5pb</citation>
                <physical>
                    <objectName>Darwin Core Archive</objectName>
                    <characterEncoding>UTF-8</characterEncoding>
                    <dataFormat>
                        <externallyDefinedFormat>
                            <formatName>Darwin Core Archive</formatName>
                        </externallyDefinedFormat>
                    </dataFormat>
                    <distribution>
                        <online>
                            <url function="download">https://api.gbif.org/v1/occurrence/download/request/0049879-241126133413365.zip</url>
                        </online>
                    </distribution>
                </physical>
            </gbif>
        </metadata>
    </additionalMetadata>
    </eml:eml>
