<?xml version="1.0" encoding="utf-8"?>
<eml:eml xmlns:eml="https://eml.ecoinformatics.org/eml-2.2.0" xmlns:xsi="http://www.w3.org/2001/XMLSchema-instance"
         xsi:schemaLocation="https://eml.ecoinformatics.org/eml-2.2.0 https://rs.gbif.org/schema/eml-gbif-profile/1.3/eml.xsd"
packageId="80bce133-cc17-4d5f-866b-435f1ac60fe7"  system="http://gbif.org" scope="system"
xml:lang="en">
    <dataset>
        <alternateIdentifier>10.15468/fg6ef7</alternateIdentifier>
        <alternateIdentifier>https://ecdysis.org/collections/misc/collprofiles.php?collid=28</alternateIdentifier>
        <alternateIdentifier>https://serv.biokic.asu.edu/ecdysis/collections/misc/collprofiles.php?collid=28</alternateIdentifier>
        <title>Rick Overson and Laura Steger Invertebrate Observations</title>
        <creator>
            <organizationName>Ecdysis Portal</organizationName>
            <onlineUrl>https://ecdysis.org/index.php</onlineUrl>
        </creator>
        <metadataProvider>
            <organizationName>Ecdysis Portal</organizationName>
            <onlineUrl>https://ecdysis.org/index.php</onlineUrl>
        </metadataProvider>
        <associatedParty>
            <individualName>
                <givenName>Rick</givenName>
                <surName>Overson</surName>
            </individualName>
            <electronicMailAddress>rickoverson@gmail.com</electronicMailAddress>
            <userId directory="https://orcid.org/">0000-0003-3728-6260</userId>
            <role>CONTENT_PROVIDER</role>
        </associatedParty>
        <associatedParty>
            <individualName>
                <givenName>Laura</givenName>
                <surName>Steger</surName>
            </individualName>
            <electronicMailAddress>lsteger@asu.edu</electronicMailAddress>
            <userId directory="https://orcid.org/">0000-0002-0878-4132</userId>
            <role>CONTENT_PROVIDER</role>
        </associatedParty>
        <pubDate>
                2024-02-13
        </pubDate>
        <language>ENGLISH</language>
        <abstract>
            This data set is comprised of observations of invertebrates from North America with a focus in Arizona and northwestern Mexico. Observations were made by Laura Steger and Rick Overson. Odonate abundance for a survey reach is listed as single (1), rare (2-4), uncommon (5-12), common (13-100), or abundant (100&amp;#43;), unless otherwise noted. Please reach out to us if you have any questions about the data in this collection.
        </abstract>
        <intellectualRights>
            <para>This work is licensed under a <ulink url="http://creativecommons.org/licenses/by-nc/4.0/legalcode"><citetitle>Creative Commons Attribution Non Commercial (CC-BY-NC) 4.0 License</citetitle></ulink>.</para>
        </intellectualRights>
        <licensed>
            <licenseName>Creative Commons Attribution Non Commercial 4.0 International</licenseName>
            <url>https://spdx.org/licenses/CC-BY-NC-4.0.html</url>
            <identifier>CC-BY-NC-4.0</identifier>
        </licensed>
        <distribution scope="document">
            <online>
                <url function="download">https://ecdysis.org/content/dwca/ASU-ROLS_DwC-A.zip</url>
            </online>
        </distribution>
        <contact>
            <organizationName>Rick Overson and Laura Steger Invertebrate Observations</organizationName>
            <electronicMailAddress>rickoverson@gmail.com</electronicMailAddress>
            <userId directory="https://orcid.org/">0000-0003-3728-6260</userId>
        </contact>

    </dataset>

    <additionalMetadata>
        <metadata>
            <gbif>
                <dateStamp>2024-12-27T11:32:53Z</dateStamp>
                <citation>Arizona State University Biocollections (2024). Rick Overson and Laura Steger Invertebrate Observations. Occurrence dataset https://doi.org/10.15468/fg6ef7 accessed via GBIF.org on 2024-12-27.</citation>
            </gbif>
        </metadata>
    </additionalMetadata>
    </eml:eml>
