<?xml version="1.0" encoding="utf-8"?>
<eml:eml xmlns:eml="https://eml.ecoinformatics.org/eml-2.2.0" xmlns:xsi="http://www.w3.org/2001/XMLSchema-instance"
         xsi:schemaLocation="https://eml.ecoinformatics.org/eml-2.2.0 https://rs.gbif.org/schema/eml-gbif-profile/1.3/eml.xsd"
packageId="8e9ec96f-1d90-4d8c-9e05-9551aea70b0c"  system="http://gbif.org" scope="system"
xml:lang="es">
    <dataset>
        <alternateIdentifier>10.15468/q576w3</alternateIdentifier>
        <alternateIdentifier>https://www.snib.mx/iptconabio/resource?r=SNIB-LE002-LE0021806F-MZFC-OD</alternateIdentifier>
        <alternateIdentifier>http://ipttest.conabio.gob.mx/iptconabiotest/resource?r=SNIB-LE002</alternateIdentifier>
        <alternateIdentifier>8e9ec96f-1d90-4d8c-9e05-9551aea70b0c</alternateIdentifier>
        <alternateIdentifier>http://www.snib.mx/iptconabio/resource?r=SNIB-LE002-LE0021806F-MZFC-OD</alternateIdentifier>
        <title>Apoyo a las colecciones biológicas de la Facultad de Ciencias de la UNAM: Fase 1 (MZFC_OD)</title>
        <creator>
            <individualName>
                <givenName>Adolfo Gerardo</givenName>
                <surName>Navarro Sigüenza</surName>
            </individualName>
            <organizationName>Universidad Nacional Autónoma de MéxicoFacultad de CienciasDepartamento de BiologíaMuseo de Zoología &quot;Alfonso L Herrera&quot;</organizationName>
            <positionName>Responsable</positionName>
            <address>
                <deliveryPoint>Av Universidad # 3000</deliveryPoint>
                <city>México</city>
                <administrativeArea>Distrito Federal</administrativeArea>
                <postalCode>04510</postalCode>
                <country>MEXICO</country>
            </address>
            <phone>Tel 5622  5435, 5622 4832  Fax 5622 4828</phone>
            <electronicMailAddress>adolfon@ciencias.unam.mx</electronicMailAddress>
        </creator>
        <metadataProvider>
            <individualName>
                <givenName>CONABIO</givenName>
                <surName>Comisión nacional para el conocimiento y uso de la biodiversidad</surName>
            </individualName>
            <organizationName>Comisión Nacional para el Conocimiento y Uso de la Biodiversidad</organizationName>
            <positionName>Dirección General de Sistemas</positionName>
            <address>
                <deliveryPoint>Liga Periférico-Insurgentes Sur No. 4903, Col. Parques del Pedregal</deliveryPoint>
                <city>MÉXICO</city>
                <administrativeArea>Tlalpan</administrativeArea>
                <postalCode>14010</postalCode>
                <country>MEXICO</country>
            </address>
            <phone>50045000</phone>
            <electronicMailAddress>patricia.ramos@conabio.gob.mx</electronicMailAddress>
            <onlineUrl>https://www.gob.mx/conabio</onlineUrl>
        </metadataProvider>
        <pubDate>
                2024-04-11
        </pubDate>
        <language>SPANISH</language>
        <abstract>
            <para>En el año 1978, fecha en la que se establecieron las actividades  académicas en el edificio que actualmente ocupa, se generaron en la Facultad de Ciencias una serie de espacios de trabajo académico correspondientes a Museos Biológicos, que se constituyeron como los centros de depósito y custodia de las colecciones biológicas que se producían a través de las actividades de investigación-docencia de académicos y estudiantes en la Facultad. Era necesario conservar este acervo adecuadamente, pues formaría parte importante del patrimonio de esta institución y, además, sería de consulta básica en trabajos posteriores. Los esfuerzos notables que la Facultad había hecho en diversas áreas de la Biología quedarían garantizados con la formación de colecciones indispensables en el ejercicio de la investigación y la docencia a nivel superior.
En esta propuesta presentamos un plan de desarrollo de la computarización de los acervos de colecciones científicas de la institución, de manera que se apoyen las labores de identificación y mantenimiento de los acervos, de modo que estén depurados y listos para servirse a través de la WWW y constituyan datos accesibles a diferentes usuarios finales en la investigación, la conservación y el manejo de recursos naturales.</para>
<para>Reino: 1
Filo: 1
Clase: 1
Orden: 1
Familia: 14
Género: 82
Especie: 231
Epitetoinfraespecifico: 10</para>
        </abstract>
        <keywordSet>
            <keyword>Occurrence</keyword>
            <keywordThesaurus>GBIF Dataset Type Vocabulary: http://rs.gbif.org/vocabulary/gbif/dataset_type.xml</keywordThesaurus>
        </keywordSet>
        <keywordSet>
            <keyword>Invertebrados</keyword>
            <keywordThesaurus>N/A</keywordThesaurus>
        </keywordSet>
        <keywordSet>
            <keyword>Occurrence</keyword>
            <keywordThesaurus>GBIF Dataset Type Vocabulary: http://rs.gbif.org/vocabulary/gbif/dataset_type_2015-07-10.xml</keywordThesaurus>
        </keywordSet>
        <intellectualRights>
            <para>This work is licensed under a <ulink url="http://creativecommons.org/licenses/by/4.0/legalcode"><citetitle>Creative Commons Attribution (CC-BY) 4.0 License</citetitle></ulink>.</para>
        </intellectualRights>
        <licensed>
            <licenseName>Creative Commons Attribution 4.0 International</licenseName>
            <url>https://spdx.org/licenses/CC-BY-4.0.html</url>
            <identifier>CC-BY-4.0</identifier>
        </licensed>
        <distribution scope="document">
            <online>
                <url function="information">http://www.snib.mx/proyectos/cgi-bin/datos2.cgi?Letras=LE&amp;Numero=2</url>
            </online>
        </distribution>
        <distribution scope="document">
            <online>
                <url function="download">https://www.snib.mx/iptconabio/archive.do?r=SNIB-LE002-LE0021806F-MZFC-OD</url>
            </online>
        </distribution>
        <coverage>
            <geographicCoverage>
                <geographicDescription>País: MEXICO (CHIAPAS, CIUDAD DE MEXICO, COLIMA, DISTRITO FEDERAL, GUERRERO, HIDALGO, MEXICO, MICHOACAN DE OCAMPO, MORELOS, NAYARIT, OAXACA, PUEBLA, QUERETARO, VERACRUZ DE IGNACIO DE LA LLAVE)</geographicDescription>
                <boundingCoordinates>
                    <westBoundingCoordinate>-105.286</westBoundingCoordinate>
                    <eastBoundingCoordinate>-91.651</eastBoundingCoordinate>
                    <northBoundingCoordinate>21.839</northBoundingCoordinate>
                    <southBoundingCoordinate>14.9</southBoundingCoordinate>
                </boundingCoordinates>
            </geographicCoverage>
            <temporalCoverage>
                <rangeOfDates>
                    <beginDate>
                        <calendarDate>                1937-09-05
</calendarDate>
                    </beginDate>
                    <endDate>
                        <calendarDate>                1987-07-17
</calendarDate>
                    </endDate>
                </rangeOfDates>
            </temporalCoverage>
            <taxonomicCoverage>
                <generalTaxonomicCoverage>Reino: Animalia
Filo: Arthropoda
Clase: Insecta
Orden: Odonata
Familia: Coenagrionidae, Gomphidae, Libellulidae, Aeshnidae, Cordulegastridae, Lestidae, Platystictidae, Calopterygidae, Corduliidae, Pseudostigmatidae, Megapodagrionidae, Euphaeidae, Synthemistidae, Austropetaliidae</generalTaxonomicCoverage>
                <taxonomicClassification>
                    <taxonRankName>Kingdom</taxonRankName>
                    <taxonRankValue>Animalia</taxonRankValue>
                </taxonomicClassification>
                <taxonomicClassification>
                    <taxonRankName>Phylum</taxonRankName>
                    <taxonRankValue>Arthropoda</taxonRankValue>
                </taxonomicClassification>
                <taxonomicClassification>
                    <taxonRankName>Class</taxonRankName>
                    <taxonRankValue>Insecta</taxonRankValue>
                </taxonomicClassification>
                <taxonomicClassification>
                    <taxonRankName>Order</taxonRankName>
                    <taxonRankValue>Odonata</taxonRankValue>
                </taxonomicClassification>
                <taxonomicClassification>
                    <taxonRankName>Family</taxonRankName>
                    <taxonRankValue>Coenagrionidae</taxonRankValue>
                </taxonomicClassification>
                <taxonomicClassification>
                    <taxonRankName>Family</taxonRankName>
                    <taxonRankValue>Gomphidae</taxonRankValue>
                </taxonomicClassification>
                <taxonomicClassification>
                    <taxonRankName>Family</taxonRankName>
                    <taxonRankValue>Libellulidae</taxonRankValue>
                </taxonomicClassification>
                <taxonomicClassification>
                    <taxonRankName>Family</taxonRankName>
                    <taxonRankValue>Aeshnidae</taxonRankValue>
                </taxonomicClassification>
                <taxonomicClassification>
                    <taxonRankName>Family</taxonRankName>
                    <taxonRankValue>Cordulegastridae</taxonRankValue>
                </taxonomicClassification>
                <taxonomicClassification>
                    <taxonRankName>Family</taxonRankName>
                    <taxonRankValue>Lestidae</taxonRankValue>
                </taxonomicClassification>
                <taxonomicClassification>
                    <taxonRankName>Family</taxonRankName>
                    <taxonRankValue>Platystictidae</taxonRankValue>
                </taxonomicClassification>
                <taxonomicClassification>
                    <taxonRankName>Family</taxonRankName>
                    <taxonRankValue>Calopterygidae</taxonRankValue>
                </taxonomicClassification>
                <taxonomicClassification>
                    <taxonRankName>Family</taxonRankName>
                    <taxonRankValue>Corduliidae</taxonRankValue>
                </taxonomicClassification>
                <taxonomicClassification>
                    <taxonRankName>Family</taxonRankName>
                    <taxonRankValue>Pseudostigmatidae</taxonRankValue>
                </taxonomicClassification>
                <taxonomicClassification>
                    <taxonRankName>Family</taxonRankName>
                    <taxonRankValue>Megapodagrionidae</taxonRankValue>
                </taxonomicClassification>
                <taxonomicClassification>
                    <taxonRankName>Family</taxonRankName>
                    <taxonRankValue>Euphaeidae</taxonRankValue>
                </taxonomicClassification>
                <taxonomicClassification>
                    <taxonRankName>Family</taxonRankName>
                    <taxonRankValue>Synthemistidae</taxonRankValue>
                </taxonomicClassification>
                <taxonomicClassification>
                    <taxonRankName>Family</taxonRankName>
                    <taxonRankValue>Austropetaliidae</taxonRankValue>
                </taxonomicClassification>
                <taxonomicClassification>
                    <taxonRankName>Genus</taxonRankName>
                    <taxonRankValue>Telebasis</taxonRankValue>
                </taxonomicClassification>
                <taxonomicClassification>
                    <taxonRankName>Genus</taxonRankName>
                    <taxonRankValue>Erpetogomphus</taxonRankValue>
                </taxonomicClassification>
                <taxonomicClassification>
                    <taxonRankName>Genus</taxonRankName>
                    <taxonRankValue>Phyllogomphoides</taxonRankValue>
                </taxonomicClassification>
                <taxonomicClassification>
                    <taxonRankName>Genus</taxonRankName>
                    <taxonRankValue>Argia</taxonRankValue>
                </taxonomicClassification>
                <taxonomicClassification>
                    <taxonRankName>Genus</taxonRankName>
                    <taxonRankValue>Brechmorhoga</taxonRankValue>
                </taxonomicClassification>
                <taxonomicClassification>
                    <taxonRankName>Genus</taxonRankName>
                    <taxonRankValue>Pantala</taxonRankValue>
                </taxonomicClassification>
                <taxonomicClassification>
                    <taxonRankName>Genus</taxonRankName>
                    <taxonRankValue>Erythrodiplax</taxonRankValue>
                </taxonomicClassification>
                <taxonomicClassification>
                    <taxonRankName>Genus</taxonRankName>
                    <taxonRankValue>Libellula</taxonRankValue>
                </taxonomicClassification>
                <taxonomicClassification>
                    <taxonRankName>Genus</taxonRankName>
                    <taxonRankValue>Rhionaeschna</taxonRankValue>
                </taxonomicClassification>
                <taxonomicClassification>
                    <taxonRankName>Genus</taxonRankName>
                    <taxonRankValue>Cordulegaster</taxonRankValue>
                </taxonomicClassification>
                <taxonomicClassification>
                    <taxonRankName>Genus</taxonRankName>
                    <taxonRankValue>Lestes</taxonRankValue>
                </taxonomicClassification>
                <taxonomicClassification>
                    <taxonRankName>Genus</taxonRankName>
                    <taxonRankValue>Pseudoleon</taxonRankValue>
                </taxonomicClassification>
                <taxonomicClassification>
                    <taxonRankName>Genus</taxonRankName>
                    <taxonRankValue>Apanisagrion</taxonRankValue>
                </taxonomicClassification>
                <taxonomicClassification>
                    <taxonRankName>Genus</taxonRankName>
                    <taxonRankValue>Epitheca</taxonRankValue>
                </taxonomicClassification>
                <taxonomicClassification>
                    <taxonRankName>Genus</taxonRankName>
                    <taxonRankValue>Micrathyria</taxonRankValue>
                </taxonomicClassification>
                <taxonomicClassification>
                    <taxonRankName>Genus</taxonRankName>
                    <taxonRankValue>Coryphaeschna</taxonRankValue>
                </taxonomicClassification>
                <taxonomicClassification>
                    <taxonRankName>Genus</taxonRankName>
                    <taxonRankValue>Palaemnema</taxonRankValue>
                </taxonomicClassification>
                <taxonomicClassification>
                    <taxonRankName>Genus</taxonRankName>
                    <taxonRankValue>Erythemis</taxonRankValue>
                </taxonomicClassification>
                <taxonomicClassification>
                    <taxonRankName>Genus</taxonRankName>
                    <taxonRankValue>Miathyria</taxonRankValue>
                </taxonomicClassification>
                <taxonomicClassification>
                    <taxonRankName>Genus</taxonRankName>
                    <taxonRankValue>Leucorrhinia</taxonRankValue>
                </taxonomicClassification>
                <taxonomicClassification>
                    <taxonRankName>Genus</taxonRankName>
                    <taxonRankValue>Hetaerina</taxonRankValue>
                </taxonomicClassification>
                <taxonomicClassification>
                    <taxonRankName>Genus</taxonRankName>
                    <taxonRankValue>Archilestes</taxonRankValue>
                </taxonomicClassification>
                <taxonomicClassification>
                    <taxonRankName>Genus</taxonRankName>
                    <taxonRankValue>Enallagma</taxonRankValue>
                </taxonomicClassification>
                <taxonomicClassification>
                    <taxonRankName>Genus</taxonRankName>
                    <taxonRankValue>Macrothemis</taxonRankValue>
                </taxonomicClassification>
                <taxonomicClassification>
                    <taxonRankName>Genus</taxonRankName>
                    <taxonRankValue>Tramea</taxonRankValue>
                </taxonomicClassification>
                <taxonomicClassification>
                    <taxonRankName>Genus</taxonRankName>
                    <taxonRankValue>Ischnura</taxonRankValue>
                </taxonomicClassification>
                <taxonomicClassification>
                    <taxonRankName>Genus</taxonRankName>
                    <taxonRankValue>Epigomphus</taxonRankValue>
                </taxonomicClassification>
                <taxonomicClassification>
                    <taxonRankName>Genus</taxonRankName>
                    <taxonRankValue>Protoneura</taxonRankValue>
                </taxonomicClassification>
                <taxonomicClassification>
                    <taxonRankName>Genus</taxonRankName>
                    <taxonRankValue>Sympetrum</taxonRankValue>
                </taxonomicClassification>
                <taxonomicClassification>
                    <taxonRankName>Genus</taxonRankName>
                    <taxonRankValue>Didymops</taxonRankValue>
                </taxonomicClassification>
                <taxonomicClassification>
                    <taxonRankName>Genus</taxonRankName>
                    <taxonRankValue>Mecistogaster</taxonRankValue>
                </taxonomicClassification>
                <taxonomicClassification>
                    <taxonRankName>Genus</taxonRankName>
                    <taxonRankValue>Calopteryx</taxonRankValue>
                </taxonomicClassification>
                <taxonomicClassification>
                    <taxonRankName>Genus</taxonRankName>
                    <taxonRankValue>Neurobasis</taxonRankValue>
                </taxonomicClassification>
                <taxonomicClassification>
                    <taxonRankName>Genus</taxonRankName>
                    <taxonRankValue>Dythemis</taxonRankValue>
                </taxonomicClassification>
                <taxonomicClassification>
                    <taxonRankName>Genus</taxonRankName>
                    <taxonRankValue>Perithemis</taxonRankValue>
                </taxonomicClassification>
                <taxonomicClassification>
                    <taxonRankName>Genus</taxonRankName>
                    <taxonRankValue>Gomphomacromia</taxonRankValue>
                </taxonomicClassification>
                <taxonomicClassification>
                    <taxonRankName>Genus</taxonRankName>
                    <taxonRankValue>Ophiogomphus</taxonRankValue>
                </taxonomicClassification>
                <taxonomicClassification>
                    <taxonRankName>Genus</taxonRankName>
                    <taxonRankValue>Brachymesia</taxonRankValue>
                </taxonomicClassification>
                <taxonomicClassification>
                    <taxonRankName>Genus</taxonRankName>
                    <taxonRankValue>Dromogomphus</taxonRankValue>
                </taxonomicClassification>
                <taxonomicClassification>
                    <taxonRankName>Genus</taxonRankName>
                    <taxonRankValue>Gomphus</taxonRankValue>
                </taxonomicClassification>
                <taxonomicClassification>
                    <taxonRankName>Genus</taxonRankName>
                    <taxonRankValue>Remartinia</taxonRankValue>
                </taxonomicClassification>
                <taxonomicClassification>
                    <taxonRankName>Genus</taxonRankName>
                    <taxonRankValue>Celithemis</taxonRankValue>
                </taxonomicClassification>
                <taxonomicClassification>
                    <taxonRankName>Genus</taxonRankName>
                    <taxonRankValue>Rialla</taxonRankValue>
                </taxonomicClassification>
                <taxonomicClassification>
                    <taxonRankName>Genus</taxonRankName>
                    <taxonRankValue>Somatochlora</taxonRankValue>
                </taxonomicClassification>
                <taxonomicClassification>
                    <taxonRankName>Genus</taxonRankName>
                    <taxonRankValue>Neoerythromma</taxonRankValue>
                </taxonomicClassification>
                <taxonomicClassification>
                    <taxonRankName>Genus</taxonRankName>
                    <taxonRankValue>Paraphlebia</taxonRankValue>
                </taxonomicClassification>
                <taxonomicClassification>
                    <taxonRankName>Genus</taxonRankName>
                    <taxonRankValue>Progomphus</taxonRankValue>
                </taxonomicClassification>
                <taxonomicClassification>
                    <taxonRankName>Genus</taxonRankName>
                    <taxonRankValue>Leptobasis</taxonRankValue>
                </taxonomicClassification>
                <taxonomicClassification>
                    <taxonRankName>Genus</taxonRankName>
                    <taxonRankValue>Triacanthagyna</taxonRankValue>
                </taxonomicClassification>
                <taxonomicClassification>
                    <taxonRankName>Genus</taxonRankName>
                    <taxonRankValue>Euphaea</taxonRankValue>
                </taxonomicClassification>
                <taxonomicClassification>
                    <taxonRankName>Genus</taxonRankName>
                    <taxonRankValue>Tauriphila</taxonRankValue>
                </taxonomicClassification>
                <taxonomicClassification>
                    <taxonRankName>Genus</taxonRankName>
                    <taxonRankValue>Hagenius</taxonRankValue>
                </taxonomicClassification>
                <taxonomicClassification>
                    <taxonRankName>Genus</taxonRankName>
                    <taxonRankValue>Nehalennia</taxonRankValue>
                </taxonomicClassification>
                <taxonomicClassification>
                    <taxonRankName>Genus</taxonRankName>
                    <taxonRankValue>Heteragrion</taxonRankValue>
                </taxonomicClassification>
                <taxonomicClassification>
                    <taxonRankName>Genus</taxonRankName>
                    <taxonRankValue>Orthemis</taxonRankValue>
                </taxonomicClassification>
                <taxonomicClassification>
                    <taxonRankName>Genus</taxonRankName>
                    <taxonRankValue>Neurocordulia</taxonRankValue>
                </taxonomicClassification>
                <taxonomicClassification>
                    <taxonRankName>Genus</taxonRankName>
                    <taxonRankValue>Pseudostigma</taxonRankValue>
                </taxonomicClassification>
                <taxonomicClassification>
                    <taxonRankName>Genus</taxonRankName>
                    <taxonRankValue>Paltothemis</taxonRankValue>
                </taxonomicClassification>
                <taxonomicClassification>
                    <taxonRankName>Genus</taxonRankName>
                    <taxonRankValue>Megaloprepus</taxonRankValue>
                </taxonomicClassification>
                <taxonomicClassification>
                    <taxonRankName>Genus</taxonRankName>
                    <taxonRankValue>Hemicordulia</taxonRankValue>
                </taxonomicClassification>
                <taxonomicClassification>
                    <taxonRankName>Genus</taxonRankName>
                    <taxonRankValue>Oxyagrion</taxonRankValue>
                </taxonomicClassification>
                <taxonomicClassification>
                    <taxonRankName>Genus</taxonRankName>
                    <taxonRankValue>Aeshna</taxonRankValue>
                </taxonomicClassification>
                <taxonomicClassification>
                    <taxonRankName>Genus</taxonRankName>
                    <taxonRankValue>Synthemis</taxonRankValue>
                </taxonomicClassification>
                <taxonomicClassification>
                    <taxonRankName>Genus</taxonRankName>
                    <taxonRankValue>Nannothemis</taxonRankValue>
                </taxonomicClassification>
                <taxonomicClassification>
                    <taxonRankName>Genus</taxonRankName>
                    <taxonRankValue>Tholymis</taxonRankValue>
                </taxonomicClassification>
                <taxonomicClassification>
                    <taxonRankName>Genus</taxonRankName>
                    <taxonRankValue>Acanthagrion</taxonRankValue>
                </taxonomicClassification>
                <taxonomicClassification>
                    <taxonRankName>Genus</taxonRankName>
                    <taxonRankValue>Gynacantha</taxonRankValue>
                </taxonomicClassification>
                <taxonomicClassification>
                    <taxonRankName>Genus</taxonRankName>
                    <taxonRankValue>Macromia</taxonRankValue>
                </taxonomicClassification>
                <taxonomicClassification>
                    <taxonRankName>Genus</taxonRankName>
                    <taxonRankValue>Anax</taxonRankValue>
                </taxonomicClassification>
                <taxonomicClassification>
                    <taxonRankName>Genus</taxonRankName>
                    <taxonRankValue>Arigomphus</taxonRankValue>
                </taxonomicClassification>
                <taxonomicClassification>
                    <taxonRankName>Genus</taxonRankName>
                    <taxonRankValue>Phyllocycla</taxonRankValue>
                </taxonomicClassification>
                <taxonomicClassification>
                    <taxonRankName>Genus</taxonRankName>
                    <taxonRankValue>Boyeria</taxonRankValue>
                </taxonomicClassification>
                <taxonomicClassification>
                    <taxonRankName>Genus</taxonRankName>
                    <taxonRankValue>Cannaphila</taxonRankValue>
                </taxonomicClassification>
                <taxonomicClassification>
                    <taxonRankName>Genus</taxonRankName>
                    <taxonRankValue>Anotogaster</taxonRankValue>
                </taxonomicClassification>
                <taxonomicClassification>
                    <taxonRankName>Genus</taxonRankName>
                    <taxonRankValue>Pachydiplax</taxonRankValue>
                </taxonomicClassification>
                <taxonomicClassification>
                    <taxonRankName>Genus</taxonRankName>
                    <taxonRankValue>Plathemis</taxonRankValue>
                </taxonomicClassification>
                <taxonomicClassification>
                    <taxonRankName>Genus</taxonRankName>
                    <taxonRankValue>Cordulia</taxonRankValue>
                </taxonomicClassification>
                <taxonomicClassification>
                    <taxonRankName>Genus</taxonRankName>
                    <taxonRankValue>Coenagrion</taxonRankValue>
                </taxonomicClassification>
                <taxonomicClassification>
                    <taxonRankName>Genus</taxonRankName>
                    <taxonRankValue>Basiaeschna</taxonRankValue>
                </taxonomicClassification>
                <taxonomicClassification>
                    <taxonRankName>Genus</taxonRankName>
                    <taxonRankValue>Hesperagrion</taxonRankValue>
                </taxonomicClassification>
                <taxonomicClassification>
                    <taxonRankName>Genus</taxonRankName>
                    <taxonRankValue>Chromagrion</taxonRankValue>
                </taxonomicClassification>
                <taxonomicClassification>
                    <taxonRankName>Genus</taxonRankName>
                    <taxonRankValue>Phyllopetalia</taxonRankValue>
                </taxonomicClassification>
                <taxonomicClassification>
                    <taxonRankName>Species</taxonRankName>
                    <taxonRankValue>Telebasis salva</taxonRankValue>
                    <commonName>caballitos del diablo</commonName>
                </taxonomicClassification>
                <taxonomicClassification>
                    <taxonRankName>Species</taxonRankName>
                    <taxonRankValue>Erpetogomphus boa</taxonRankValue>
                    <commonName>libélulas</commonName>
                </taxonomicClassification>
                <taxonomicClassification>
                    <taxonRankName>Species</taxonRankName>
                    <taxonRankValue>Phyllogomphoides apiculatus</taxonRankValue>
                    <commonName>libélulas</commonName>
                </taxonomicClassification>
                <taxonomicClassification>
                    <taxonRankName>Species</taxonRankName>
                    <taxonRankValue>Argia pulla</taxonRankValue>
                    <commonName>caballitos del diablo</commonName>
                </taxonomicClassification>
                <taxonomicClassification>
                    <taxonRankName>Species</taxonRankName>
                    <taxonRankValue>Erpetogomphus elaps</taxonRankValue>
                    <commonName>libélulas</commonName>
                </taxonomicClassification>
                <taxonomicClassification>
                    <taxonRankName>Species</taxonRankName>
                    <taxonRankValue>Argia oenea</taxonRankValue>
                    <commonName>caballitos del diablo</commonName>
                </taxonomicClassification>
                <taxonomicClassification>
                    <taxonRankName>Species</taxonRankName>
                    <taxonRankValue>Brechmorhoga pertinax</taxonRankValue>
                    <commonName>libélulas</commonName>
                </taxonomicClassification>
                <taxonomicClassification>
                    <taxonRankName>Species</taxonRankName>
                    <taxonRankValue>Pantala flavescens</taxonRankValue>
                    <commonName>libélulas</commonName>
                </taxonomicClassification>
                <taxonomicClassification>
                    <taxonRankName>Species</taxonRankName>
                    <taxonRankValue>Brechmorhoga mendax</taxonRankValue>
                    <commonName>libélulas</commonName>
                </taxonomicClassification>
                <taxonomicClassification>
                    <taxonRankName>Species</taxonRankName>
                    <taxonRankValue>Erythrodiplax funerea</taxonRankValue>
                    <commonName>libélulas</commonName>
                </taxonomicClassification>
                <taxonomicClassification>
                    <taxonRankName>Species</taxonRankName>
                    <taxonRankValue>Libellula croceipennis</taxonRankValue>
                    <commonName>libélulas</commonName>
                </taxonomicClassification>
                <taxonomicClassification>
                    <taxonRankName>Species</taxonRankName>
                    <taxonRankValue>Rhionaeschna multicolor</taxonRankValue>
                    <commonName>libélulas, padrecitos</commonName>
                </taxonomicClassification>
                <taxonomicClassification>
                    <taxonRankName>Species</taxonRankName>
                    <taxonRankValue>Cordulegaster godmani</taxonRankValue>
                    <commonName>libélulas</commonName>
                </taxonomicClassification>
                <taxonomicClassification>
                    <taxonRankName>Species</taxonRankName>
                    <taxonRankValue>Lestes alacer</taxonRankValue>
                    <commonName>caballitos del diablo</commonName>
                </taxonomicClassification>
                <taxonomicClassification>
                    <taxonRankName>Species</taxonRankName>
                    <taxonRankValue>Pseudoleon superbus</taxonRankValue>
                    <commonName>libélulas</commonName>
                </taxonomicClassification>
                <taxonomicClassification>
                    <taxonRankName>Species</taxonRankName>
                    <taxonRankValue>Apanisagrion lais</taxonRankValue>
                    <commonName>caballitos del diablo</commonName>
                </taxonomicClassification>
                <taxonomicClassification>
                    <taxonRankName>Species</taxonRankName>
                    <taxonRankValue>Epitheca cynosura</taxonRankValue>
                    <commonName>libélulas</commonName>
                </taxonomicClassification>
                <taxonomicClassification>
                    <taxonRankName>Species</taxonRankName>
                    <taxonRankValue>Brechmorhoga vivax</taxonRankValue>
                    <commonName>libélulas</commonName>
                </taxonomicClassification>
                <taxonomicClassification>
                    <taxonRankName>Species</taxonRankName>
                    <taxonRankValue>Micrathyria hagenii</taxonRankValue>
                    <commonName>libélulas</commonName>
                </taxonomicClassification>
                <taxonomicClassification>
                    <taxonRankName>Species</taxonRankName>
                    <taxonRankValue>Micrathyria aequalis</taxonRankValue>
                    <commonName>libélulas</commonName>
                </taxonomicClassification>
                <taxonomicClassification>
                    <taxonRankName>Species</taxonRankName>
                    <taxonRankValue>Coryphaeschna adnexa</taxonRankValue>
                    <commonName>libélulas</commonName>
                </taxonomicClassification>
                <taxonomicClassification>
                    <taxonRankName>Species</taxonRankName>
                    <taxonRankValue>Palaemnema paulicoba</taxonRankValue>
                    <commonName>caballitos del diablo</commonName>
                </taxonomicClassification>
                <taxonomicClassification>
                    <taxonRankName>Species</taxonRankName>
                    <taxonRankValue>Erythemis vesiculosa</taxonRankValue>
                    <commonName>libélulas</commonName>
                </taxonomicClassification>
                <taxonomicClassification>
                    <taxonRankName>Species</taxonRankName>
                    <taxonRankValue>Miathyria marcella</taxonRankValue>
                    <commonName>libélulas</commonName>
                </taxonomicClassification>
                <taxonomicClassification>
                    <taxonRankName>Species</taxonRankName>
                    <taxonRankValue>Libellula herculea</taxonRankValue>
                    <commonName>libélulas</commonName>
                </taxonomicClassification>
                <taxonomicClassification>
                    <taxonRankName>Species</taxonRankName>
                    <taxonRankValue>Leucorrhinia intacta</taxonRankValue>
                </taxonomicClassification>
                <taxonomicClassification>
                    <taxonRankName>Species</taxonRankName>
                    <taxonRankValue>Argia tezpi</taxonRankValue>
                    <commonName>caballitos del diablo</commonName>
                </taxonomicClassification>
                <taxonomicClassification>
                    <taxonRankName>Species</taxonRankName>
                    <taxonRankValue>Hetaerina occisa</taxonRankValue>
                    <commonName>caballitos del diablo</commonName>
                </taxonomicClassification>
                <taxonomicClassification>
                    <taxonRankName>Species</taxonRankName>
                    <taxonRankValue>Archilestes grandis</taxonRankValue>
                    <commonName>caballitos del diablo</commonName>
                </taxonomicClassification>
                <taxonomicClassification>
                    <taxonRankName>Species</taxonRankName>
                    <taxonRankValue>Cordulegaster diadema</taxonRankValue>
                    <commonName>libélulas</commonName>
                </taxonomicClassification>
                <taxonomicClassification>
                    <taxonRankName>Species</taxonRankName>
                    <taxonRankValue>Enallagma ebrium</taxonRankValue>
                </taxonomicClassification>
                <taxonomicClassification>
                    <taxonRankName>Species</taxonRankName>
                    <taxonRankValue>Macrothemis inequiunguis</taxonRankValue>
                    <commonName>libélulas</commonName>
                </taxonomicClassification>
                <taxonomicClassification>
                    <taxonRankName>Species</taxonRankName>
                    <taxonRankValue>Tramea onusta</taxonRankValue>
                    <commonName>libélulas</commonName>
                </taxonomicClassification>
                <taxonomicClassification>
                    <taxonRankName>Species</taxonRankName>
                    <taxonRankValue>Ischnura denticollis</taxonRankValue>
                    <commonName>caballitos del diablo, padrecitos</commonName>
                </taxonomicClassification>
                <taxonomicClassification>
                    <taxonRankName>Species</taxonRankName>
                    <taxonRankValue>Argia oculata</taxonRankValue>
                    <commonName>caballitos del diablo</commonName>
                </taxonomicClassification>
                <taxonomicClassification>
                    <taxonRankName>Species</taxonRankName>
                    <taxonRankValue>Epigomphus crepidus</taxonRankValue>
                    <commonName>libélulas</commonName>
                </taxonomicClassification>
                <taxonomicClassification>
                    <taxonRankName>Species</taxonRankName>
                    <taxonRankValue>Protoneura cara</taxonRankValue>
                    <commonName>caballitos del diablo</commonName>
                </taxonomicClassification>
                <taxonomicClassification>
                    <taxonRankName>Species</taxonRankName>
                    <taxonRankValue>Enallagma carunculatum</taxonRankValue>
                    <commonName>caballitos del diablo</commonName>
                </taxonomicClassification>
                <taxonomicClassification>
                    <taxonRankName>Species</taxonRankName>
                    <taxonRankValue>Hetaerina vulnerata</taxonRankValue>
                    <commonName>caballitos del diablo</commonName>
                </taxonomicClassification>
                <taxonomicClassification>
                    <taxonRankName>Species</taxonRankName>
                    <taxonRankValue>Hetaerina americana</taxonRankValue>
                    <commonName>caballitos del diablo</commonName>
                </taxonomicClassification>
                <taxonomicClassification>
                    <taxonRankName>Species</taxonRankName>
                    <taxonRankValue>Sympetrum corruptum</taxonRankValue>
                    <commonName>libélulas</commonName>
                </taxonomicClassification>
                <taxonomicClassification>
                    <taxonRankName>Species</taxonRankName>
                    <taxonRankValue>Erythrodiplax connata</taxonRankValue>
                </taxonomicClassification>
                <taxonomicClassification>
                    <taxonRankName>Species</taxonRankName>
                    <taxonRankValue>Didymops transversa</taxonRankValue>
                </taxonomicClassification>
                <taxonomicClassification>
                    <taxonRankName>Species</taxonRankName>
                    <taxonRankValue>Mecistogaster modesta</taxonRankValue>
                    <commonName>caballitos del diablo</commonName>
                </taxonomicClassification>
                <taxonomicClassification>
                    <taxonRankName>Species</taxonRankName>
                    <taxonRankValue>Argia extranea</taxonRankValue>
                    <commonName>caballitos del diablo</commonName>
                </taxonomicClassification>
                <taxonomicClassification>
                    <taxonRankName>Species</taxonRankName>
                    <taxonRankValue>Calopteryx dimidiata</taxonRankValue>
                </taxonomicClassification>
                <taxonomicClassification>
                    <taxonRankName>Species</taxonRankName>
                    <taxonRankValue>Ischnura ramburii</taxonRankValue>
                    <commonName>caballitos del diablo</commonName>
                </taxonomicClassification>
                <taxonomicClassification>
                    <taxonRankName>Species</taxonRankName>
                    <taxonRankValue>Hetaerina cruentata</taxonRankValue>
                    <commonName>caballitos del diablo</commonName>
                </taxonomicClassification>
                <taxonomicClassification>
                    <taxonRankName>Species</taxonRankName>
                    <taxonRankValue>Neurobasis chinensis</taxonRankValue>
                </taxonomicClassification>
                <taxonomicClassification>
                    <taxonRankName>Species</taxonRankName>
                    <taxonRankValue>Brechmorhoga tepeaca</taxonRankValue>
                    <commonName>libélulas</commonName>
                </taxonomicClassification>
                <taxonomicClassification>
                    <taxonRankName>Species</taxonRankName>
                    <taxonRankValue>Dythemis nigrescens</taxonRankValue>
                    <commonName>libélulas</commonName>
                </taxonomicClassification>
                <taxonomicClassification>
                    <taxonRankName>Species</taxonRankName>
                    <taxonRankValue>Perithemis tenera</taxonRankValue>
                    <commonName>libélulas</commonName>
                </taxonomicClassification>
                <taxonomicClassification>
                    <taxonRankName>Species</taxonRankName>
                    <taxonRankValue>Macrothemis pseudimitans</taxonRankValue>
                    <commonName>libélulas</commonName>
                </taxonomicClassification>
                <taxonomicClassification>
                    <taxonRankName>Species</taxonRankName>
                    <taxonRankValue>Brechmorhoga praecox</taxonRankValue>
                    <commonName>libélulas</commonName>
                </taxonomicClassification>
                <taxonomicClassification>
                    <taxonRankName>Species</taxonRankName>
                    <taxonRankValue>Perithemis domitia</taxonRankValue>
                    <commonName>libélulas</commonName>
                </taxonomicClassification>
                <taxonomicClassification>
                    <taxonRankName>Species</taxonRankName>
                    <taxonRankValue>Dythemis sterilis</taxonRankValue>
                    <commonName>libélulas</commonName>
                </taxonomicClassification>
                <taxonomicClassification>
                    <taxonRankName>Species</taxonRankName>
                    <taxonRankValue>Gomphomacromia chilensis</taxonRankValue>
                </taxonomicClassification>
                <taxonomicClassification>
                    <taxonRankName>Species</taxonRankName>
                    <taxonRankValue>Argia plana</taxonRankValue>
                    <commonName>caballitos del diablo</commonName>
                </taxonomicClassification>
                <taxonomicClassification>
                    <taxonRankName>Species</taxonRankName>
                    <taxonRankValue>Sympetrum vicinum</taxonRankValue>
                </taxonomicClassification>
                <taxonomicClassification>
                    <taxonRankName>Species</taxonRankName>
                    <taxonRankValue>Erythrodiplax corallina</taxonRankValue>
                </taxonomicClassification>
                <taxonomicClassification>
                    <taxonRankName>Species</taxonRankName>
                    <taxonRankValue>Tramea calverti</taxonRankValue>
                    <commonName>libélulas</commonName>
                </taxonomicClassification>
                <taxonomicClassification>
                    <taxonRankName>Species</taxonRankName>
                    <taxonRankValue>Argia lacrimans</taxonRankValue>
                    <commonName>caballitos del diablo</commonName>
                </taxonomicClassification>
                <taxonomicClassification>
                    <taxonRankName>Species</taxonRankName>
                    <taxonRankValue>Ophiogomphus rupinsulensis</taxonRankValue>
                </taxonomicClassification>
                <taxonomicClassification>
                    <taxonRankName>Species</taxonRankName>
                    <taxonRankValue>Enallagma praevarum</taxonRankValue>
                    <commonName>caballitos del diablo, padrecitos</commonName>
                </taxonomicClassification>
                <taxonomicClassification>
                    <taxonRankName>Species</taxonRankName>
                    <taxonRankValue>Brachymesia furcata</taxonRankValue>
                    <commonName>libélulas</commonName>
                </taxonomicClassification>
                <taxonomicClassification>
                    <taxonRankName>Species</taxonRankName>
                    <taxonRankValue>Argia harknessi</taxonRankValue>
                    <commonName>caballitos del diablo</commonName>
                </taxonomicClassification>
                <taxonomicClassification>
                    <taxonRankName>Species</taxonRankName>
                    <taxonRankValue>Perithemis mooma</taxonRankValue>
                    <commonName>libélulas</commonName>
                </taxonomicClassification>
                <taxonomicClassification>
                    <taxonRankName>Species</taxonRankName>
                    <taxonRankValue>Ischnura hastata</taxonRankValue>
                    <commonName>caballitos del diablo</commonName>
                </taxonomicClassification>
                <taxonomicClassification>
                    <taxonRankName>Species</taxonRankName>
                    <taxonRankValue>Argia eliptica</taxonRankValue>
                </taxonomicClassification>
                <taxonomicClassification>
                    <taxonRankName>Species</taxonRankName>
                    <taxonRankValue>Macrothemis tessellata</taxonRankValue>
                </taxonomicClassification>
                <taxonomicClassification>
                    <taxonRankName>Species</taxonRankName>
                    <taxonRankValue>Lestes congener</taxonRankValue>
                </taxonomicClassification>
                <taxonomicClassification>
                    <taxonRankName>Species</taxonRankName>
                    <taxonRankValue>Dromogomphus spinosus</taxonRankValue>
                </taxonomicClassification>
                <taxonomicClassification>
                    <taxonRankName>Species</taxonRankName>
                    <taxonRankValue>Sympetrum obtrusum</taxonRankValue>
                </taxonomicClassification>
                <taxonomicClassification>
                    <taxonRankName>Species</taxonRankName>
                    <taxonRankValue>Gomphus lineatifrons</taxonRankValue>
                </taxonomicClassification>
                <taxonomicClassification>
                    <taxonRankName>Species</taxonRankName>
                    <taxonRankValue>Celithemis elisa</taxonRankValue>
                </taxonomicClassification>
                <taxonomicClassification>
                    <taxonRankName>Species</taxonRankName>
                    <taxonRankValue>Rialla villosa</taxonRankValue>
                </taxonomicClassification>
                <taxonomicClassification>
                    <taxonRankName>Species</taxonRankName>
                    <taxonRankValue>Somatochlora linearis</taxonRankValue>
                </taxonomicClassification>
                <taxonomicClassification>
                    <taxonRankName>Species</taxonRankName>
                    <taxonRankValue>Erythemis plebeja</taxonRankValue>
                    <commonName>libélulas</commonName>
                </taxonomicClassification>
                <taxonomicClassification>
                    <taxonRankName>Species</taxonRankName>
                    <taxonRankValue>Neoerythromma gladiolatum</taxonRankValue>
                    <commonName>caballitos del diablo</commonName>
                </taxonomicClassification>
                <taxonomicClassification>
                    <taxonRankName>Species</taxonRankName>
                    <taxonRankValue>Mecistogaster ornata</taxonRankValue>
                    <commonName>caballitos del diablo</commonName>
                </taxonomicClassification>
                <taxonomicClassification>
                    <taxonRankName>Species</taxonRankName>
                    <taxonRankValue>Gomphus exilis</taxonRankValue>
                </taxonomicClassification>
                <taxonomicClassification>
                    <taxonRankName>Species</taxonRankName>
                    <taxonRankValue>Paraphlebia zoe</taxonRankValue>
                    <commonName>caballitos del diablo</commonName>
                </taxonomicClassification>
                <taxonomicClassification>
                    <taxonRankName>Species</taxonRankName>
                    <taxonRankValue>Libellula needhami</taxonRankValue>
                    <commonName>libélulas</commonName>
                </taxonomicClassification>
                <taxonomicClassification>
                    <taxonRankName>Species</taxonRankName>
                    <taxonRankValue>Progomphus clendoni</taxonRankValue>
                    <commonName>libélulas</commonName>
                </taxonomicClassification>
                <taxonomicClassification>
                    <taxonRankName>Species</taxonRankName>
                    <taxonRankValue>Erythrodiplax umbrata</taxonRankValue>
                    <commonName>libélulas</commonName>
                </taxonomicClassification>
                <taxonomicClassification>
                    <taxonRankName>Species</taxonRankName>
                    <taxonRankValue>Leptobasis vacillans</taxonRankValue>
                    <commonName>caballitos del diablo</commonName>
                </taxonomicClassification>
                <taxonomicClassification>
                    <taxonRankName>Species</taxonRankName>
                    <taxonRankValue>Triacanthagyna septima</taxonRankValue>
                    <commonName>libélulas</commonName>
                </taxonomicClassification>
                <taxonomicClassification>
                    <taxonRankName>Species</taxonRankName>
                    <taxonRankValue>Coryphaeschna viriditas</taxonRankValue>
                    <commonName>libélulas</commonName>
                </taxonomicClassification>
                <taxonomicClassification>
                    <taxonRankName>Species</taxonRankName>
                    <taxonRankValue>Epitheca princeps</taxonRankValue>
                    <commonName>libélulas</commonName>
                </taxonomicClassification>
                <taxonomicClassification>
                    <taxonRankName>Species</taxonRankName>
                    <taxonRankValue>Macrothemis inacuta</taxonRankValue>
                    <commonName>libélulas</commonName>
                </taxonomicClassification>
                <taxonomicClassification>
                    <taxonRankName>Species</taxonRankName>
                    <taxonRankValue>Enallagma aspersum</taxonRankValue>
                </taxonomicClassification>
                <taxonomicClassification>
                    <taxonRankName>Species</taxonRankName>
                    <taxonRankValue>Erythrodiplax minuscula</taxonRankValue>
                </taxonomicClassification>
                <taxonomicClassification>
                    <taxonRankName>Species</taxonRankName>
                    <taxonRankValue>Gomphus crassus</taxonRankValue>
                </taxonomicClassification>
                <taxonomicClassification>
                    <taxonRankName>Species</taxonRankName>
                    <taxonRankValue>Epitheca canis</taxonRankValue>
                </taxonomicClassification>
                <taxonomicClassification>
                    <taxonRankName>Species</taxonRankName>
                    <taxonRankValue>Dythemis maya</taxonRankValue>
                    <commonName>libélulas</commonName>
                </taxonomicClassification>
                <taxonomicClassification>
                    <taxonRankName>Species</taxonRankName>
                    <taxonRankValue>Libellula forensis</taxonRankValue>
                </taxonomicClassification>
                <taxonomicClassification>
                    <taxonRankName>Species</taxonRankName>
                    <taxonRankValue>Enallagma boreale</taxonRankValue>
                    <commonName>caballitos del diablo</commonName>
                </taxonomicClassification>
                <taxonomicClassification>
                    <taxonRankName>Species</taxonRankName>
                    <taxonRankValue>Paraphlebia quinta</taxonRankValue>
                    <commonName>caballitos del diablo</commonName>
                </taxonomicClassification>
                <taxonomicClassification>
                    <taxonRankName>Species</taxonRankName>
                    <taxonRankValue>Celithemis amanda</taxonRankValue>
                </taxonomicClassification>
                <taxonomicClassification>
                    <taxonRankName>Species</taxonRankName>
                    <taxonRankValue>Euphaea refulgens</taxonRankValue>
                </taxonomicClassification>
                <taxonomicClassification>
                    <taxonRankName>Species</taxonRankName>
                    <taxonRankValue>Erythrodiplax paraguayensis</taxonRankValue>
                </taxonomicClassification>
                <taxonomicClassification>
                    <taxonRankName>Species</taxonRankName>
                    <taxonRankValue>Gomphomacromia paradoxa</taxonRankValue>
                </taxonomicClassification>
                <taxonomicClassification>
                    <taxonRankName>Species</taxonRankName>
                    <taxonRankValue>Erythrodiplax hyalina</taxonRankValue>
                </taxonomicClassification>
                <taxonomicClassification>
                    <taxonRankName>Species</taxonRankName>
                    <taxonRankValue>Hetaerina capitalis</taxonRankValue>
                    <commonName>caballitos del diablo</commonName>
                </taxonomicClassification>
                <taxonomicClassification>
                    <taxonRankName>Species</taxonRankName>
                    <taxonRankValue>Tauriphila australis</taxonRankValue>
                    <commonName>libélulas</commonName>
                </taxonomicClassification>
                <taxonomicClassification>
                    <taxonRankName>Species</taxonRankName>
                    <taxonRankValue>Erythemis collocata</taxonRankValue>
                    <commonName>libélulas</commonName>
                </taxonomicClassification>
                <taxonomicClassification>
                    <taxonRankName>Species</taxonRankName>
                    <taxonRankValue>Hagenius brevistylus</taxonRankValue>
                </taxonomicClassification>
                <taxonomicClassification>
                    <taxonRankName>Species</taxonRankName>
                    <taxonRankValue>Erythrodiplax fervida</taxonRankValue>
                    <commonName>libélulas</commonName>
                </taxonomicClassification>
                <taxonomicClassification>
                    <taxonRankName>Species</taxonRankName>
                    <taxonRankValue>Epitheca spinigera</taxonRankValue>
                </taxonomicClassification>
                <taxonomicClassification>
                    <taxonRankName>Species</taxonRankName>
                    <taxonRankValue>Perithemis intensa</taxonRankValue>
                    <commonName>libélulas</commonName>
                </taxonomicClassification>
                <taxonomicClassification>
                    <taxonRankName>Species</taxonRankName>
                    <taxonRankValue>Nehalennia gracilis</taxonRankValue>
                </taxonomicClassification>
                <taxonomicClassification>
                    <taxonRankName>Species</taxonRankName>
                    <taxonRankValue>Heteragrion alienum</taxonRankValue>
                    <commonName>caballitos del diablo</commonName>
                </taxonomicClassification>
                <taxonomicClassification>
                    <taxonRankName>Species</taxonRankName>
                    <taxonRankValue>Erythrodiplax nigricans</taxonRankValue>
                </taxonomicClassification>
                <taxonomicClassification>
                    <taxonRankName>Species</taxonRankName>
                    <taxonRankValue>Libellula saturata</taxonRankValue>
                    <commonName>libélulas</commonName>
                </taxonomicClassification>
                <taxonomicClassification>
                    <taxonRankName>Species</taxonRankName>
                    <taxonRankValue>Libellula incesta</taxonRankValue>
                </taxonomicClassification>
                <taxonomicClassification>
                    <taxonRankName>Species</taxonRankName>
                    <taxonRankValue>Leucorrhinia glacialis</taxonRankValue>
                </taxonomicClassification>
                <taxonomicClassification>
                    <taxonRankName>Species</taxonRankName>
                    <taxonRankValue>Orthemis ferruginea</taxonRankValue>
                    <commonName>libélulas</commonName>
                </taxonomicClassification>
                <taxonomicClassification>
                    <taxonRankName>Species</taxonRankName>
                    <taxonRankValue>Argia funcki</taxonRankValue>
                    <commonName>caballitos del diablo</commonName>
                </taxonomicClassification>
                <taxonomicClassification>
                    <taxonRankName>Species</taxonRankName>
                    <taxonRankValue>Ischnura verticalis</taxonRankValue>
                </taxonomicClassification>
                <taxonomicClassification>
                    <taxonRankName>Species</taxonRankName>
                    <taxonRankValue>Lestes sigma</taxonRankValue>
                    <commonName>caballitos del diablo</commonName>
                </taxonomicClassification>
                <taxonomicClassification>
                    <taxonRankName>Species</taxonRankName>
                    <taxonRankValue>Lestes dryas</taxonRankValue>
                </taxonomicClassification>
                <taxonomicClassification>
                    <taxonRankName>Species</taxonRankName>
                    <taxonRankValue>Pantala hymenaea</taxonRankValue>
                    <commonName>libélulas</commonName>
                </taxonomicClassification>
                <taxonomicClassification>
                    <taxonRankName>Species</taxonRankName>
                    <taxonRankValue>Celithemis eponina</taxonRankValue>
                    <commonName>libélulas</commonName>
                </taxonomicClassification>
                <taxonomicClassification>
                    <taxonRankName>Species</taxonRankName>
                    <taxonRankValue>Hetaerina infecta</taxonRankValue>
                    <commonName>caballitos del diablo</commonName>
                </taxonomicClassification>
                <taxonomicClassification>
                    <taxonRankName>Species</taxonRankName>
                    <taxonRankValue>Phyllogomphoides pacificus</taxonRankValue>
                    <commonName>libélulas</commonName>
                </taxonomicClassification>
                <taxonomicClassification>
                    <taxonRankName>Species</taxonRankName>
                    <taxonRankValue>Erythemis mithroides</taxonRankValue>
                    <commonName>libélulas</commonName>
                </taxonomicClassification>
                <taxonomicClassification>
                    <taxonRankName>Species</taxonRankName>
                    <taxonRankValue>Neurocordulia yamaskanensis</taxonRankValue>
                </taxonomicClassification>
                <taxonomicClassification>
                    <taxonRankName>Species</taxonRankName>
                    <taxonRankValue>Nehalennia irene</taxonRankValue>
                </taxonomicClassification>
                <taxonomicClassification>
                    <taxonRankName>Species</taxonRankName>
                    <taxonRankValue>Erythrodiplax ochracea</taxonRankValue>
                </taxonomicClassification>
                <taxonomicClassification>
                    <taxonRankName>Species</taxonRankName>
                    <taxonRankValue>Enallagma civile</taxonRankValue>
                    <commonName>caballitos del diablo</commonName>
                </taxonomicClassification>
                <taxonomicClassification>
                    <taxonRankName>Species</taxonRankName>
                    <taxonRankValue>Libellula cyanea</taxonRankValue>
                </taxonomicClassification>
                <taxonomicClassification>
                    <taxonRankName>Species</taxonRankName>
                    <taxonRankValue>Pseudostigma aberrans</taxonRankValue>
                    <commonName>caballitos del diablo</commonName>
                </taxonomicClassification>
                <taxonomicClassification>
                    <taxonRankName>Species</taxonRankName>
                    <taxonRankValue>Libellula flavida</taxonRankValue>
                    <commonName>libélulas</commonName>
                </taxonomicClassification>
                <taxonomicClassification>
                    <taxonRankName>Species</taxonRankName>
                    <taxonRankValue>Enallagma cyathigerum</taxonRankValue>
                </taxonomicClassification>
                <taxonomicClassification>
                    <taxonRankName>Species</taxonRankName>
                    <taxonRankValue>Erythemis attala</taxonRankValue>
                    <commonName>libélulas</commonName>
                </taxonomicClassification>
                <taxonomicClassification>
                    <taxonRankName>Species</taxonRankName>
                    <taxonRankValue>Erythemis simplicicollis</taxonRankValue>
                    <commonName>libélulas</commonName>
                </taxonomicClassification>
                <taxonomicClassification>
                    <taxonRankName>Species</taxonRankName>
                    <taxonRankValue>Micrathyria debilis</taxonRankValue>
                    <commonName>libélulas</commonName>
                </taxonomicClassification>
                <taxonomicClassification>
                    <taxonRankName>Species</taxonRankName>
                    <taxonRankValue>Micrathyria ocellata</taxonRankValue>
                    <commonName>libélulas</commonName>
                </taxonomicClassification>
                <taxonomicClassification>
                    <taxonRankName>Species</taxonRankName>
                    <taxonRankValue>Enallagma basidens</taxonRankValue>
                    <commonName>caballitos del diablo</commonName>
                </taxonomicClassification>
                <taxonomicClassification>
                    <taxonRankName>Species</taxonRankName>
                    <taxonRankValue>Sympetrum illotum</taxonRankValue>
                    <commonName>libélulas</commonName>
                </taxonomicClassification>
                <taxonomicClassification>
                    <taxonRankName>Species</taxonRankName>
                    <taxonRankValue>Lestes unguiculatus</taxonRankValue>
                </taxonomicClassification>
                <taxonomicClassification>
                    <taxonRankName>Species</taxonRankName>
                    <taxonRankValue>Paltothemis lineatipes</taxonRankValue>
                    <commonName>libélulas</commonName>
                </taxonomicClassification>
                <taxonomicClassification>
                    <taxonRankName>Species</taxonRankName>
                    <taxonRankValue>Megaloprepus caerulatus</taxonRankValue>
                    <commonName>caballitos del diablo</commonName>
                </taxonomicClassification>
                <taxonomicClassification>
                    <taxonRankName>Species</taxonRankName>
                    <taxonRankValue>Phyllogomphoides suasus</taxonRankValue>
                    <commonName>libélulas</commonName>
                </taxonomicClassification>
                <taxonomicClassification>
                    <taxonRankName>Species</taxonRankName>
                    <taxonRankValue>Argia tibialis</taxonRankValue>
                </taxonomicClassification>
                <taxonomicClassification>
                    <taxonRankName>Species</taxonRankName>
                    <taxonRankValue>Enallagma novaehispaniae</taxonRankValue>
                    <commonName>caballitos del diablo</commonName>
                </taxonomicClassification>
                <taxonomicClassification>
                    <taxonRankName>Species</taxonRankName>
                    <taxonRankValue>Erythrodiplax fusca</taxonRankValue>
                    <commonName>libélulas</commonName>
                </taxonomicClassification>
                <taxonomicClassification>
                    <taxonRankName>Species</taxonRankName>
                    <taxonRankValue>Dythemis multipunctata</taxonRankValue>
                </taxonomicClassification>
                <taxonomicClassification>
                    <taxonRankName>Species</taxonRankName>
                    <taxonRankValue>Hemicordulia tau</taxonRankValue>
                </taxonomicClassification>
                <taxonomicClassification>
                    <taxonRankName>Species</taxonRankName>
                    <taxonRankValue>Calopteryx maculata</taxonRankValue>
                </taxonomicClassification>
                <taxonomicClassification>
                    <taxonRankName>Species</taxonRankName>
                    <taxonRankValue>Somatochlora semicircularis</taxonRankValue>
                </taxonomicClassification>
                <taxonomicClassification>
                    <taxonRankName>Species</taxonRankName>
                    <taxonRankValue>Lestes forcipatus</taxonRankValue>
                </taxonomicClassification>
                <taxonomicClassification>
                    <taxonRankName>Species</taxonRankName>
                    <taxonRankValue>Oxyagrion terminale</taxonRankValue>
                </taxonomicClassification>
                <taxonomicClassification>
                    <taxonRankName>Species</taxonRankName>
                    <taxonRankValue>Enallagma geminatum</taxonRankValue>
                </taxonomicClassification>
                <taxonomicClassification>
                    <taxonRankName>Species</taxonRankName>
                    <taxonRankValue>Lestes australis</taxonRankValue>
                </taxonomicClassification>
                <taxonomicClassification>
                    <taxonRankName>Species</taxonRankName>
                    <taxonRankValue>Leucorrhinia hudsonica</taxonRankValue>
                </taxonomicClassification>
                <taxonomicClassification>
                    <taxonRankName>Species</taxonRankName>
                    <taxonRankValue>Sympetrum ambiguum</taxonRankValue>
                </taxonomicClassification>
                <taxonomicClassification>
                    <taxonRankName>Species</taxonRankName>
                    <taxonRankValue>Leucorrhinia proxima</taxonRankValue>
                </taxonomicClassification>
                <taxonomicClassification>
                    <taxonRankName>Species</taxonRankName>
                    <taxonRankValue>Gomphus lividus</taxonRankValue>
                </taxonomicClassification>
                <taxonomicClassification>
                    <taxonRankName>Species</taxonRankName>
                    <taxonRankValue>Brechmorhoga nubecula</taxonRankValue>
                    <commonName>libélulas</commonName>
                </taxonomicClassification>
                <taxonomicClassification>
                    <taxonRankName>Species</taxonRankName>
                    <taxonRankValue>Libellula vibrans</taxonRankValue>
                </taxonomicClassification>
                <taxonomicClassification>
                    <taxonRankName>Species</taxonRankName>
                    <taxonRankValue>Synthemis eustalacta</taxonRankValue>
                </taxonomicClassification>
                <taxonomicClassification>
                    <taxonRankName>Species</taxonRankName>
                    <taxonRankValue>Argia moesta</taxonRankValue>
                    <commonName>caballitos del diablo</commonName>
                </taxonomicClassification>
                <taxonomicClassification>
                    <taxonRankName>Species</taxonRankName>
                    <taxonRankValue>Erythrodiplax melanorubra</taxonRankValue>
                </taxonomicClassification>
                <taxonomicClassification>
                    <taxonRankName>Species</taxonRankName>
                    <taxonRankValue>Libellula gaigei</taxonRankValue>
                    <commonName>libélulas</commonName>
                </taxonomicClassification>
                <taxonomicClassification>
                    <taxonRankName>Species</taxonRankName>
                    <taxonRankValue>Ischnura posita</taxonRankValue>
                    <commonName>caballitos del diablo</commonName>
                </taxonomicClassification>
                <taxonomicClassification>
                    <taxonRankName>Species</taxonRankName>
                    <taxonRankValue>Argia fissa</taxonRankValue>
                    <commonName>caballitos del diablo</commonName>
                </taxonomicClassification>
                <taxonomicClassification>
                    <taxonRankName>Species</taxonRankName>
                    <taxonRankValue>Nannothemis bella</taxonRankValue>
                </taxonomicClassification>
                <taxonomicClassification>
                    <taxonRankName>Species</taxonRankName>
                    <taxonRankValue>Coryphaeschna perrensi</taxonRankValue>
                </taxonomicClassification>
                <taxonomicClassification>
                    <taxonRankName>Species</taxonRankName>
                    <taxonRankValue>Libellula pulchella</taxonRankValue>
                    <commonName>libélulas</commonName>
                </taxonomicClassification>
                <taxonomicClassification>
                    <taxonRankName>Species</taxonRankName>
                    <taxonRankValue>Gomphus fraternus</taxonRankValue>
                </taxonomicClassification>
                <taxonomicClassification>
                    <taxonRankName>Species</taxonRankName>
                    <taxonRankValue>Tholymis citrina</taxonRankValue>
                    <commonName>libélulas</commonName>
                </taxonomicClassification>
                <taxonomicClassification>
                    <taxonRankName>Species</taxonRankName>
                    <taxonRankValue>Acanthagrion lancea</taxonRankValue>
                </taxonomicClassification>
                <taxonomicClassification>
                    <taxonRankName>Species</taxonRankName>
                    <taxonRankValue>Hetaerina titia</taxonRankValue>
                    <commonName>caballitos del diablo</commonName>
                </taxonomicClassification>
                <taxonomicClassification>
                    <taxonRankName>Species</taxonRankName>
                    <taxonRankValue>Enallagma exsulans</taxonRankValue>
                    <commonName>caballitos del diablo</commonName>
                </taxonomicClassification>
                <taxonomicClassification>
                    <taxonRankName>Species</taxonRankName>
                    <taxonRankValue>Argia bipunctulata</taxonRankValue>
                </taxonomicClassification>
                <taxonomicClassification>
                    <taxonRankName>Species</taxonRankName>
                    <taxonRankValue>Gynacantha nervosa</taxonRankValue>
                    <commonName>libélulas</commonName>
                </taxonomicClassification>
                <taxonomicClassification>
                    <taxonRankName>Species</taxonRankName>
                    <taxonRankValue>Enallagma signatum</taxonRankValue>
                    <commonName>caballitos del diablo</commonName>
                </taxonomicClassification>
                <taxonomicClassification>
                    <taxonRankName>Species</taxonRankName>
                    <taxonRankValue>Argia apicalis</taxonRankValue>
                    <commonName>caballitos del diablo</commonName>
                </taxonomicClassification>
                <taxonomicClassification>
                    <taxonRankName>Species</taxonRankName>
                    <taxonRankValue>Macrothemis hemichlora</taxonRankValue>
                    <commonName>libélulas</commonName>
                </taxonomicClassification>
                <taxonomicClassification>
                    <taxonRankName>Species</taxonRankName>
                    <taxonRankValue>Argia tarascana</taxonRankValue>
                    <commonName>caballitos del diablo</commonName>
                </taxonomicClassification>
                <taxonomicClassification>
                    <taxonRankName>Species</taxonRankName>
                    <taxonRankValue>Rhionaeschna psilus</taxonRankValue>
                    <commonName>libélulas</commonName>
                </taxonomicClassification>
                <taxonomicClassification>
                    <taxonRankName>Species</taxonRankName>
                    <taxonRankValue>Enallagma pictum</taxonRankValue>
                </taxonomicClassification>
                <taxonomicClassification>
                    <taxonRankName>Species</taxonRankName>
                    <taxonRankValue>Libellula quadrimaculata</taxonRankValue>
                </taxonomicClassification>
                <taxonomicClassification>
                    <taxonRankName>Species</taxonRankName>
                    <taxonRankValue>Enallagma divagans</taxonRankValue>
                </taxonomicClassification>
                <taxonomicClassification>
                    <taxonRankName>Species</taxonRankName>
                    <taxonRankValue>Erythrodiplax media</taxonRankValue>
                </taxonomicClassification>
                <taxonomicClassification>
                    <taxonRankName>Species</taxonRankName>
                    <taxonRankValue>Sympetrum danae</taxonRankValue>
                </taxonomicClassification>
                <taxonomicClassification>
                    <taxonRankName>Species</taxonRankName>
                    <taxonRankValue>Tramea lacerata</taxonRankValue>
                    <commonName>libélulas</commonName>
                </taxonomicClassification>
                <taxonomicClassification>
                    <taxonRankName>Species</taxonRankName>
                    <taxonRankValue>Anax senegalensis</taxonRankValue>
                </taxonomicClassification>
                <taxonomicClassification>
                    <taxonRankName>Species</taxonRankName>
                    <taxonRankValue>Celithemis martha</taxonRankValue>
                </taxonomicClassification>
                <taxonomicClassification>
                    <taxonRankName>Species</taxonRankName>
                    <taxonRankValue>Lestes undulatus</taxonRankValue>
                </taxonomicClassification>
                <taxonomicClassification>
                    <taxonRankName>Species</taxonRankName>
                    <taxonRankValue>Aeshna canadensis</taxonRankValue>
                </taxonomicClassification>
                <taxonomicClassification>
                    <taxonRankName>Species</taxonRankName>
                    <taxonRankValue>Arigomphus villosipes</taxonRankValue>
                </taxonomicClassification>
                <taxonomicClassification>
                    <taxonRankName>Species</taxonRankName>
                    <taxonRankValue>Phyllocycla elongata</taxonRankValue>
                    <commonName>libélulas</commonName>
                </taxonomicClassification>
                <taxonomicClassification>
                    <taxonRankName>Species</taxonRankName>
                    <taxonRankValue>Brachymesia herbida</taxonRankValue>
                    <commonName>libélulas</commonName>
                </taxonomicClassification>
                <taxonomicClassification>
                    <taxonRankName>Species</taxonRankName>
                    <taxonRankValue>Rhionaeschna californica</taxonRankValue>
                    <commonName>libélulas</commonName>
                </taxonomicClassification>
                <taxonomicClassification>
                    <taxonRankName>Species</taxonRankName>
                    <taxonRankValue>Acanthagrion floridense</taxonRankValue>
                </taxonomicClassification>
                <taxonomicClassification>
                    <taxonRankName>Species</taxonRankName>
                    <taxonRankValue>Boyeria vinosa</taxonRankValue>
                </taxonomicClassification>
                <taxonomicClassification>
                    <taxonRankName>Species</taxonRankName>
                    <taxonRankValue>Argia vivida</taxonRankValue>
                    <commonName>caballitos del diablo</commonName>
                </taxonomicClassification>
                <taxonomicClassification>
                    <taxonRankName>Species</taxonRankName>
                    <taxonRankValue>Tramea cophysa</taxonRankValue>
                </taxonomicClassification>
                <taxonomicClassification>
                    <taxonRankName>Species</taxonRankName>
                    <taxonRankValue>Cannaphila vibex</taxonRankValue>
                    <commonName>libélulas</commonName>
                </taxonomicClassification>
                <taxonomicClassification>
                    <taxonRankName>Species</taxonRankName>
                    <taxonRankValue>Anotogaster sieboldii</taxonRankValue>
                </taxonomicClassification>
                <taxonomicClassification>
                    <taxonRankName>Species</taxonRankName>
                    <taxonRankValue>Argia immunda</taxonRankValue>
                    <commonName>caballitos del diablo</commonName>
                </taxonomicClassification>
                <taxonomicClassification>
                    <taxonRankName>Species</taxonRankName>
                    <taxonRankValue>Argia fumipennis</taxonRankValue>
                    <commonName>caballitos del diablo</commonName>
                </taxonomicClassification>
                <taxonomicClassification>
                    <taxonRankName>Species</taxonRankName>
                    <taxonRankValue>Pachydiplax longipennis</taxonRankValue>
                    <commonName>libélulas</commonName>
                </taxonomicClassification>
                <taxonomicClassification>
                    <taxonRankName>Species</taxonRankName>
                    <taxonRankValue>Enallagma weewa</taxonRankValue>
                </taxonomicClassification>
                <taxonomicClassification>
                    <taxonRankName>Species</taxonRankName>
                    <taxonRankValue>Plathemis lydia</taxonRankValue>
                    <commonName>libélulas</commonName>
                </taxonomicClassification>
                <taxonomicClassification>
                    <taxonRankName>Species</taxonRankName>
                    <taxonRankValue>Erythrodiplax ines</taxonRankValue>
                </taxonomicClassification>
                <taxonomicClassification>
                    <taxonRankName>Species</taxonRankName>
                    <taxonRankValue>Argia anceps</taxonRankValue>
                    <commonName>caballitos del diablo</commonName>
                </taxonomicClassification>
                <taxonomicClassification>
                    <taxonRankName>Species</taxonRankName>
                    <taxonRankValue>Paltothemis cyanosoma</taxonRankValue>
                    <commonName>libélulas</commonName>
                </taxonomicClassification>
                <taxonomicClassification>
                    <taxonRankName>Species</taxonRankName>
                    <taxonRankValue>Cordulia shurtleffii</taxonRankValue>
                </taxonomicClassification>
                <taxonomicClassification>
                    <taxonRankName>Species</taxonRankName>
                    <taxonRankValue>Erythrodiplax castanea</taxonRankValue>
                </taxonomicClassification>
                <taxonomicClassification>
                    <taxonRankName>Species</taxonRankName>
                    <taxonRankValue>Argia translata</taxonRankValue>
                    <commonName>caballitos del diablo</commonName>
                </taxonomicClassification>
                <taxonomicClassification>
                    <taxonRankName>Species</taxonRankName>
                    <taxonRankValue>Libellula julia</taxonRankValue>
                </taxonomicClassification>
                <taxonomicClassification>
                    <taxonRankName>Species</taxonRankName>
                    <taxonRankValue>Coenagrion resolutum</taxonRankValue>
                </taxonomicClassification>
                <taxonomicClassification>
                    <taxonRankName>Species</taxonRankName>
                    <taxonRankValue>Orthemis discolor</taxonRankValue>
                    <commonName>libélulas</commonName>
                </taxonomicClassification>
                <taxonomicClassification>
                    <taxonRankName>Species</taxonRankName>
                    <taxonRankValue>Argia sedula</taxonRankValue>
                    <commonName>caballitos del diablo</commonName>
                </taxonomicClassification>
                <taxonomicClassification>
                    <taxonRankName>Species</taxonRankName>
                    <taxonRankValue>Aeshna palmata</taxonRankValue>
                </taxonomicClassification>
                <taxonomicClassification>
                    <taxonRankName>Species</taxonRankName>
                    <taxonRankValue>Sympetrum rubicundulum</taxonRankValue>
                </taxonomicClassification>
                <taxonomicClassification>
                    <taxonRankName>Species</taxonRankName>
                    <taxonRankValue>Enallagma daeckii</taxonRankValue>
                </taxonomicClassification>
                <taxonomicClassification>
                    <taxonRankName>Species</taxonRankName>
                    <taxonRankValue>Basiaeschna janata</taxonRankValue>
                </taxonomicClassification>
                <taxonomicClassification>
                    <taxonRankName>Species</taxonRankName>
                    <taxonRankValue>Erythrodiplax atroterminata</taxonRankValue>
                </taxonomicClassification>
                <taxonomicClassification>
                    <taxonRankName>Species</taxonRankName>
                    <taxonRankValue>Hesperagrion heterodoxum</taxonRankValue>
                    <commonName>caballitos del diablo</commonName>
                </taxonomicClassification>
                <taxonomicClassification>
                    <taxonRankName>Species</taxonRankName>
                    <taxonRankValue>Acanthagrion gracile</taxonRankValue>
                </taxonomicClassification>
                <taxonomicClassification>
                    <taxonRankName>Species</taxonRankName>
                    <taxonRankValue>Lestes rectangularis</taxonRankValue>
                </taxonomicClassification>
                <taxonomicClassification>
                    <taxonRankName>Species</taxonRankName>
                    <taxonRankValue>Gynacantha helenga</taxonRankValue>
                    <commonName>libélulas</commonName>
                </taxonomicClassification>
                <taxonomicClassification>
                    <taxonRankName>Species</taxonRankName>
                    <taxonRankValue>Dythemis velox</taxonRankValue>
                    <commonName>libélulas</commonName>
                </taxonomicClassification>
                <taxonomicClassification>
                    <taxonRankName>Species</taxonRankName>
                    <taxonRankValue>Tauriphila azteca</taxonRankValue>
                    <commonName>libélulas</commonName>
                </taxonomicClassification>
                <taxonomicClassification>
                    <taxonRankName>Species</taxonRankName>
                    <taxonRankValue>Chromagrion conditum</taxonRankValue>
                </taxonomicClassification>
                <taxonomicClassification>
                    <taxonRankName>Species</taxonRankName>
                    <taxonRankValue>Phyllopetalia apicalis</taxonRankValue>
                </taxonomicClassification>
                <taxonomicClassification>
                    <taxonRankName>Species</taxonRankName>
                    <taxonRankValue>Lestes vigilax</taxonRankValue>
                </taxonomicClassification>
                <taxonomicClassification>
                    <taxonRankName>Infraspecific Name</taxonRankName>
                    <taxonRankValue>Brechmorhoga praecox subsp. postlobata</taxonRankValue>
                    <commonName>libélulas</commonName>
                </taxonomicClassification>
                <taxonomicClassification>
                    <taxonRankName>Infraspecific Name</taxonRankName>
                    <taxonRankValue>Remartinia luteipennis subsp. florida</taxonRankValue>
                    <commonName>libélulas</commonName>
                </taxonomicClassification>
                <taxonomicClassification>
                    <taxonRankName>Infraspecific Name</taxonRankName>
                    <taxonRankValue>Enallagma traviatum subsp. traviatum</taxonRankValue>
                </taxonomicClassification>
                <taxonomicClassification>
                    <taxonRankName>Infraspecific Name</taxonRankName>
                    <taxonRankValue>Argia fumipennis subsp. violacea</taxonRankValue>
                    <commonName>caballitos del diablo</commonName>
                </taxonomicClassification>
                <taxonomicClassification>
                    <taxonRankName>Infraspecific Name</taxonRankName>
                    <taxonRankValue>Aeshna umbrosa occidentalis</taxonRankValue>
                </taxonomicClassification>
                <taxonomicClassification>
                    <taxonRankName>Infraspecific Name</taxonRankName>
                    <taxonRankValue>Aeshna umbrosa subsp. umbrosa</taxonRankValue>
                </taxonomicClassification>
                <taxonomicClassification>
                    <taxonRankName>Infraspecific Name</taxonRankName>
                    <taxonRankValue>Remartinia luteipennis peninsularis</taxonRankValue>
                </taxonomicClassification>
                <taxonomicClassification>
                    <taxonRankName>Infraspecific Name</taxonRankName>
                    <taxonRankValue>Brechmorhoga rapax subsp. rapax</taxonRankValue>
                </taxonomicClassification>
                <taxonomicClassification>
                    <taxonRankName>Infraspecific Name</taxonRankName>
                    <taxonRankValue>Cordulegaster dorsalis subsp. dorsalis</taxonRankValue>
                </taxonomicClassification>
                <taxonomicClassification>
                    <taxonRankName>Infraspecific Name</taxonRankName>
                    <taxonRankValue>Macromia illinoiensis subsp. illinoiensis</taxonRankValue>
                </taxonomicClassification>
            </taxonomicCoverage>
        </coverage>
        <maintenance>
            <description>
                <para></para>
            </description>
            <maintenanceUpdateFrequency>notPlanned</maintenanceUpdateFrequency>
        </maintenance>
        <contact>
            <individualName>
                <givenName>Patricia</givenName>
                <surName>Ramos Rivera</surName>
            </individualName>
            <organizationName>Comisión Nacional para el Conocimiento y Uso de la Biodiversidad</organizationName>
            <positionName>Dirección General de Sistemas</positionName>
            <address>
                <deliveryPoint>Liga Periférico-Insurgentes Sur No. 4903, Col. Parques del Pedregal</deliveryPoint>
                <city>México</city>
                <administrativeArea>Tlalpan</administrativeArea>
                <postalCode>14010</postalCode>
                <country>MEXICO</country>
            </address>
            <phone>50045000</phone>
            <electronicMailAddress>patricia.ramos@conabio.gob.mx</electronicMailAddress>
            <onlineUrl>https://www.gob.mx/conabio</onlineUrl>
        </contact>

            <project id="SNIB-LE002-LE0021806F_MZFC_OD-ND">
                <title>Apoyo a las colecciones biológicas de la Facultad de Ciencias de la UNAM: Fase 1 (MZFC_OD)</title>
                <personnel>
                    <individualName>
                    <givenName>Adolfo Gerardo</givenName>
                    <surName>Navarro Sigüenza</surName>
                    </individualName>
                    <role>CONTENT_PROVIDER</role>
                </personnel>
                <abstract>
                    <para>En el año 1978, fecha en la que se establecieron las actividades  académicas en el edificio que actualmente ocupa, se generaron en la Facultad de Ciencias una serie de espacios de trabajo académico correspondientes a Museos Biológicos, que se constituyeron como los centros de depósito y custodia de las colecciones biológicas que se producían a través de las actividades de investigación-docencia de académicos y estudiantes en la Facultad. Era necesario conservar este acervo adecuadamente, pues formaría parte importante del patrimonio de esta institución y, además, sería de consulta básica en trabajos posteriores. Los esfuerzos notables que la Facultad había hecho en diversas áreas de la Biología quedarían garantizados con la formación de colecciones indispensables en el ejercicio de la investigación y la docencia a nivel superior.
En esta propuesta presentamos un plan de desarrollo de la computarización de los acervos de colecciones científicas de la institución, de manera que se apoyen las labores de identificación y mantenimiento de los acervos, de modo que estén depurados y listos para servirse a través de la WWW y constituyan datos accesibles a diferentes usuarios finales en la investigación, la conservación y el manejo de recursos naturales.</para>
                </abstract>
                <funding>
                    <para>Comisión Nacional para el Conocimiento y Uso de la Biodiversidad (CONABIO)</para>
                </funding>
                <studyAreaDescription>
                    <descriptor name="generic" citableClassificationSystem="false">
                        <descriptorValue>Invertebrados
insectos como caballitos del diablo, libélulas</descriptorValue>
                    </descriptor>
                </studyAreaDescription>
            </project>
    </dataset>

    <additionalMetadata>
        <metadata>
            <gbif>
                <dateStamp>2024-12-27T11:32:50Z</dateStamp>
                <citation>Navarro Sigüenza A G, Comisión nacional para el conocimiento y uso de la biodiversidad C (2024). Apoyo a las colecciones biológicas de la Facultad de Ciencias de la UNAM: Fase 1 (MZFC_OD). Version 1.11. Comisión nacional para el conocimiento y uso de la biodiversidad. Occurrence dataset https://doi.org/10.15468/q576w3 accessed via GBIF.org on 2024-12-27.</citation>
                <physical>
                    <objectName>SNIB-LE002-OD-CSV.zip</objectName>
                    <characterEncoding>UTF-8</characterEncoding>
                    <dataFormat>
                        <externallyDefinedFormat>
                            <formatName>CSV</formatName>
                        </externallyDefinedFormat>
                    </dataFormat>
                    <distribution>
                        <online>
                            <url function="download">http://www.snib.mx/proyectos/LE002/OD/SNIB-LE002-OD-CSV.zip</url>
                        </online>
                    </distribution>
                </physical>
                <physical>
                    <objectName>SNIB-LE002-OD-BD.zip</objectName>
                    <characterEncoding>UTF-8</characterEncoding>
                    <dataFormat>
                        <externallyDefinedFormat>
                            <formatName>MDB</formatName>
                            <formatVersion>MicrosoftAccess2007</formatVersion>
                        </externallyDefinedFormat>
                    </dataFormat>
                    <distribution>
                        <online>
                            <url function="download">http://www.snib.mx/proyectos/LE002/OD/SNIB-LE002-OD-BD.zip</url>
                        </online>
                    </distribution>
                </physical>
                <collection>
                    <parentCollectionIdentifier>NO APLICA</parentCollectionIdentifier>
                    <collectionIdentifier>SNIB-LE002-LE0021806F_MZFC_OD-ND</collectionIdentifier>
                    <collectionName>Colección de Odonata;MZFC-OD;Facultad de Ciencias, Universidad Nacional Autónoma de México;FC-UNAM</collectionName>
                </collection>
                <specimenPreservationMethod>OTHER</specimenPreservationMethod>
                <jgtiCuratorialUnit>
                    <jgtiUnitType>Ejemplar</jgtiUnitType>
                    <jgtiUnitRange>
                        <beginRange>1</beginRange>
                        <endRange>2</endRange>
                    </jgtiUnitRange>
                </jgtiCuratorialUnit>
            </gbif>
        </metadata>
    </additionalMetadata>
    </eml:eml>
