<?xml version="1.0" encoding="utf-8"?>
<eml:eml xmlns:eml="https://eml.ecoinformatics.org/eml-2.2.0" xmlns:xsi="http://www.w3.org/2001/XMLSchema-instance"
         xsi:schemaLocation="https://eml.ecoinformatics.org/eml-2.2.0 https://rs.gbif.org/schema/eml-gbif-profile/1.3/eml.xsd"
packageId="a8e40b59-5d28-4e37-b371-1a42c2a6e3ce"  system="http://gbif.org" scope="system"
xml:lang="en">
    <dataset>
        <alternateIdentifier>10.15468/d8dv3a</alternateIdentifier>
        <alternateIdentifier>https://biodiverse-nb.ca/portal/collections/misc/collprofiles.php?collid=7</alternateIdentifier>
        <title>New Brunswick Museum - Insects</title>
        <creator>
            <organizationName>New Brunswick Museum Collections</organizationName>
            <electronicMailAddress>gregor.jongsma@gmail.com</electronicMailAddress>
            <onlineUrl>https://biodiverse-nb.ca/portal/index.php</onlineUrl>
        </creator>
        <metadataProvider>
            <organizationName>New Brunswick Museum Collections</organizationName>
            <electronicMailAddress>gregor.jongsma@gmail.com</electronicMailAddress>
            <onlineUrl>https://biodiverse-nb.ca/portal/index.php</onlineUrl>
        </metadataProvider>
        <associatedParty>
            <individualName>
                <givenName>Gregory</givenName>
                <surName>Jongsma</surName>
            </individualName>
            <positionName>Assistant Curator</positionName>
            <electronicMailAddress>greg.jongsma@nbm-mnb.ca</electronicMailAddress>
            <userId directory="https://orcid.org/">0000-0001-8790-2610</userId>
            <role>CONTENT_PROVIDER</role>
        </associatedParty>
        <associatedParty>
            <individualName>
                <givenName>Donald</givenName>
                <surName>McAlpine</surName>
            </individualName>
            <positionName>Curator</positionName>
            <electronicMailAddress>Donald.McAlpine@nbm-mnb.ca</electronicMailAddress>
            <role>CONTENT_PROVIDER</role>
        </associatedParty>
        <pubDate>
                2024-03-19
        </pubDate>
        <language>ENGLISH</language>
        <abstract>
            The NBM insect collection includes about 60,000 catalogued collections consisting of an estimated 200,000 insects.  Most are dried and pinned or in envelopes, but there are also significant holdings of wet-preserved odonate larvae.  The collection includes about 7,000 specimens from the 1897-1910 period, originally part of the Natural History Society of New Brunswick Collection (add link), mainly assembled by Dr. William McIntosh (1867-1950; add link), New Brunswick’s first provincial entomologist, and local naturalist A. G. Leavitt (1865-1945). Enveloped vouchers for New  Brunswick and Prince Edward Island from the first Maritime Butterfly Atlas (2010-2015) are housed in the collection. The collection is particularly strong in Odonata of the northeast (New Brunswick, Prince Edward Island, Maine), the work of noted odonatologist and NBM Research Associated Paul-Michael Brunelle (1952-2020), and others.  The collection also has strong holdings of New Brunswick Coleoptera and mosquitoes, the work of NBM Research Associate Dr. Reginald P. Webster. Significant holding of ants and Lepidoptera remain to be databased.
        </abstract>
        <intellectualRights>
            <para>This work is licensed under a <ulink url="http://creativecommons.org/licenses/by-nc/4.0/legalcode"><citetitle>Creative Commons Attribution Non Commercial (CC-BY-NC) 4.0 License</citetitle></ulink>.</para>
        </intellectualRights>
        <licensed>
            <licenseName>Creative Commons Attribution Non Commercial 4.0 International</licenseName>
            <url>https://spdx.org/licenses/CC-BY-NC-4.0.html</url>
            <identifier>CC-BY-NC-4.0</identifier>
        </licensed>
        <distribution scope="document">
            <online>
                <url function="download">https://biodiverse-nb.ca/portal/content/dwca/NBM-IN_DwC-A.zip</url>
            </online>
        </distribution>
        <contact>
            <organizationName>New Brunswick Museum - Insects</organizationName>
            <electronicMailAddress>greg.jongsma@nbm-mnb.ca</electronicMailAddress>
            <userId directory="https://orcid.org/">0000-0001-8790-2610</userId>
        </contact>

    </dataset>

    <additionalMetadata>
        <metadata>
            <gbif>
                <dateStamp>2024-12-27T11:32:55Z</dateStamp>
                <citation>New Brunswick Museum (2024). New Brunswick Museum - Insects. Occurrence dataset https://doi.org/10.15468/d8dv3a accessed via GBIF.org on 2024-12-27.</citation>
            </gbif>
        </metadata>
    </additionalMetadata>
    </eml:eml>
