<?xml version="1.0" encoding="utf-8"?>
<eml:eml xmlns:eml="https://eml.ecoinformatics.org/eml-2.2.0" xmlns:xsi="http://www.w3.org/2001/XMLSchema-instance"
         xsi:schemaLocation="https://eml.ecoinformatics.org/eml-2.2.0 https://rs.gbif.org/schema/eml-gbif-profile/1.3/eml.xsd"
packageId="b35a84e1-9584-4240-8186-c2461c4b6a06"  system="http://gbif.org" scope="system"
xml:lang="en">
    <dataset>
        <alternateIdentifier>10.15468/dmvqri</alternateIdentifier>
        <alternateIdentifier>b35a84e1-9584-4240-8186-c2461c4b6a06</alternateIdentifier>
        <alternateIdentifier>http://ipt.museums.or.ke/ipt/resource?r=dragon</alternateIdentifier>
        <title>Occurrence data of dragonflies available at the National Museums of Kenya&apos;s Natural History Collection, Invertebrates Zoology Section.</title>
        <creator>
            <individualName>
                <givenName>Laban</givenName>
                <surName>Njoroge</surName>
            </individualName>
            <organizationName>National Museums of Kenya</organizationName>
            <positionName>Research Scientist</positionName>
            <address>
                <deliveryPoint>Box 40658</deliveryPoint>
                <city>Nairobi</city>
                <administrativeArea>Nairobi</administrativeArea>
                <postalCode>00100</postalCode>
            </address>
            <electronicMailAddress>lnjoroge@museums.or.ke</electronicMailAddress>
            <onlineUrl>http://www.museums.or.ke</onlineUrl>
        </creator>
        <creator>
            <individualName>
                <givenName>Josiah</givenName>
                <surName>Achieng</surName>
            </individualName>
            <organizationName>National Museums of Kenya</organizationName>
            <address>
                <deliveryPoint>Box 40658</deliveryPoint>
                <city>Nairobi</city>
                <administrativeArea>Nairobi</administrativeArea>
                <postalCode>00100</postalCode>
                <country>KENYA</country>
            </address>
            <electronicMailAddress>josiahachoeng@gmail.com</electronicMailAddress>
            <onlineUrl>http://www.museums.or.ke</onlineUrl>
        </creator>
        <creator>
            <individualName>
                <givenName>Jairus</givenName>
                <surName>Anale</surName>
            </individualName>
            <organizationName>National Museums of Kenya</organizationName>
            <positionName>Desk Clerk</positionName>
            <address>
                <deliveryPoint>Box 40658</deliveryPoint>
                <city>Nairobi</city>
                <administrativeArea>Nairobi</administrativeArea>
                <postalCode>00100</postalCode>
                <country>KENYA</country>
            </address>
            <electronicMailAddress>jairusanale@gmail.com</electronicMailAddress>
            <onlineUrl>http://www.museums.or.ke</onlineUrl>
        </creator>
        <creator>
            <individualName>
                <givenName>Peter</givenName>
                <surName>Kamau</surName>
            </individualName>
            <organizationName>National Museums of Kenya</organizationName>
            <address>
                <deliveryPoint>Box 40658</deliveryPoint>
                <city>Nairobi</city>
                <administrativeArea>Nairobi</administrativeArea>
                <postalCode>00100</postalCode>
                <country>KENYA</country>
            </address>
            <onlineUrl>http://www.museums.or.ke</onlineUrl>
        </creator>
        <creator>
            <individualName>
                <givenName>Hesborn</givenName>
                <surName>Nyambati</surName>
            </individualName>
            <organizationName>National Museums of Kenya</organizationName>
            <address>
                <deliveryPoint>Box 40658</deliveryPoint>
                <city>Nairobi</city>
                <administrativeArea>Nairobi</administrativeArea>
                <postalCode>00100</postalCode>
            </address>
            <electronicMailAddress>lmonda@museums.or.ke</electronicMailAddress>
            <onlineUrl>http://www.museums.or.ke</onlineUrl>
        </creator>
        <creator>
            <individualName>
                <givenName>Esther</givenName>
                <surName>Wangui</surName>
            </individualName>
            <organizationName>National Museums of Kenya</organizationName>
            <positionName>Research Scientis</positionName>
            <address>
                <deliveryPoint>Box 40658</deliveryPoint>
                <city>Nairobi</city>
                <administrativeArea>Nairobi</administrativeArea>
                <postalCode>00100</postalCode>
                <country>KENYA</country>
            </address>
            <electronicMailAddress>ewmwangi@museums.or.ke</electronicMailAddress>
            <onlineUrl>http://www.museums.or.ke</onlineUrl>
        </creator>
        <metadataProvider>
            <individualName>
                <givenName>Laban</givenName>
                <surName>Njoroge</surName>
            </individualName>
            <organizationName>National Museums of Kenya</organizationName>
            <positionName>Research Scientist</positionName>
            <address>
                <deliveryPoint>Box 40658</deliveryPoint>
                <city>Nairobi</city>
                <administrativeArea>Nairobi</administrativeArea>
                <postalCode>00100</postalCode>
                <country>KENYA</country>
            </address>
            <electronicMailAddress>lnjoroge@museums.or.ke</electronicMailAddress>
        </metadataProvider>
        <associatedParty>
            <individualName>
                <givenName>Lawrence</givenName>
                <surName>Monda</surName>
            </individualName>
            <organizationName>National Museums of Kenya</organizationName>
            <positionName>ICT Manager</positionName>
            <address>
                <deliveryPoint>Box 40658</deliveryPoint>
                <city>Nairobi</city>
                <administrativeArea>Nairobi</administrativeArea>
                <postalCode>00100</postalCode>
                <country>KENYA</country>
            </address>
            <electronicMailAddress>lmonda@museums.or.ke</electronicMailAddress>
            <onlineUrl>http://www.museums.or.ke</onlineUrl>
            <role>PUBLISHER</role>
        </associatedParty>
        <pubDate>
                2019-07-18
        </pubDate>
        <language>ENGLISH</language>
        <abstract>
            We present occurrence data of dragonflies specimens at the natural history collection of the National museums of Kenya. This comprises of both historical and current data. The taxonomic information is up-to-date as the entire collection was checked by an expert of the African species prior to digitization.
        </abstract>
        <keywordSet>
            <keyword>Invertebrate Zoology</keyword>
            <keyword>Insects</keyword>
            <keyword>National Museums of Kenya</keyword>
            <keyword>Conservation</keyword>
            <keyword>Occurrence</keyword>
            <keyword>Dragonflies</keyword>
            <keywordThesaurus>GBIF Dataset Type Vocabulary: http://rs.gbif.org/vocabulary/gbif/dataset_type.xml</keywordThesaurus>
        </keywordSet>
        <keywordSet>
            <keyword>Specimen</keyword>
            <keywordThesaurus>GBIF Dataset Subtype Vocabulary: http://rs.gbif.org/vocabulary/gbif/dataset_subtype.xml</keywordThesaurus>
        </keywordSet>
        <intellectualRights>
            <para>This work is licensed under a <ulink url="http://creativecommons.org/licenses/by-nc/4.0/legalcode"><citetitle>Creative Commons Attribution Non Commercial (CC-BY-NC) 4.0 License</citetitle></ulink>.</para>
        </intellectualRights>
        <licensed>
            <licenseName>Creative Commons Attribution Non Commercial 4.0 International</licenseName>
            <url>https://spdx.org/licenses/CC-BY-NC-4.0.html</url>
            <identifier>CC-BY-NC-4.0</identifier>
        </licensed>
        <distribution scope="document">
            <online>
                <url function="download">http://ipt.museums.or.ke/ipt/archive.do?r=dragon</url>
            </online>
        </distribution>
        <coverage>
            <geographicCoverage>
                <geographicDescription>The General Spatial area of odonata is Global</geographicDescription>
                <boundingCoordinates>
                    <westBoundingCoordinate>-180</westBoundingCoordinate>
                    <eastBoundingCoordinate>180</eastBoundingCoordinate>
                    <northBoundingCoordinate>90</northBoundingCoordinate>
                    <southBoundingCoordinate>-90</southBoundingCoordinate>
                </boundingCoordinates>
            </geographicCoverage>
            <taxonomicCoverage>
                <generalTaxonomicCoverage>All species are from the order odonata at the natural history collections of the National Museums of Kenya Invertebrates Zoology Section.</generalTaxonomicCoverage>
                <taxonomicClassification>
                    <taxonRankName>Order</taxonRankName>
                    <taxonRankValue>Odonata</taxonRankValue>
                    <commonName>Dragonflies</commonName>
                </taxonomicClassification>
            </taxonomicCoverage>
        </coverage>
        <maintenance>
            <description>
                <para></para>
            </description>
            <maintenanceUpdateFrequency>unkown</maintenanceUpdateFrequency>
        </maintenance>
        <contact>
            <individualName>
                <givenName>Laban</givenName>
                <surName>Njoroge</surName>
            </individualName>
            <organizationName>National Museums of Kenya</organizationName>
            <positionName>Research Scientist</positionName>
            <address>
                <deliveryPoint>Box 40658</deliveryPoint>
                <city>Nairobi</city>
                <administrativeArea>Nairobi</administrativeArea>
                <postalCode>00100</postalCode>
                <country>KENYA</country>
            </address>
            <electronicMailAddress>lnjoroge@museums.or.ke</electronicMailAddress>
        </contact>

            <project id="BID-AF2015-0134-REG">
                <title>African Insect Atlas: Unleashing the potential of insects in conservation and sustainability research in Africa.</title>
                <personnel>
                    <individualName>
                    <givenName>Jairus</givenName>
                    <surName>Anale</surName>
                    </individualName>
                    <role>CONTENT_PROVIDER</role>
                </personnel>
                <abstract>
                    <para>This is the complete occurrence data of historical records of dragonflies and damselflies at the natural history collections of the National Museums of Kenya. It includes both pinned and envelop-stored specimens.</para>
                </abstract>
                <funding>
                    <para>GBIF</para>
                </funding>
                <studyAreaDescription>
                    <descriptor name="generic" citableClassificationSystem="false">
                        <descriptorValue>The specimens are from the natural history collection of the National Museums of Kenya collected from all over the African continent</descriptorValue>
                    </descriptor>
                </studyAreaDescription>
                <designDescription>
                    <description>
                        <para>Specimen label data was collected into excel spread sheets following the gbif format</para>
                    </description>
                </designDescription>
            </project>
    </dataset>

    <additionalMetadata>
        <metadata>
            <gbif>
                <dateStamp>2024-12-27T11:32:55Z</dateStamp>
                <citation>Njoroge L, Achieng J, Anale J, Kamau P, Nyambati H, Wangui E (2019). Occurrence data of dragonflies available at the National Museums of Kenya&apos;s Natural History Collection, Invertebrates Zoology Section.. Version 1.3. National Museums of Kenya. Occurrence dataset https://doi.org/10.15468/dmvqri accessed via GBIF.org on 2024-12-27.</citation>
                <resourceLogoUrl>http://ipt.museums.or.ke/ipt/logo.do?r=dragon</resourceLogoUrl>
            </gbif>
        </metadata>
    </additionalMetadata>
    </eml:eml>
