<?xml version="1.0" encoding="utf-8"?>
<eml:eml xmlns:eml="https://eml.ecoinformatics.org/eml-2.2.0" xmlns:xsi="http://www.w3.org/2001/XMLSchema-instance"
         xsi:schemaLocation="https://eml.ecoinformatics.org/eml-2.2.0 https://rs.gbif.org/schema/eml-gbif-profile/1.3/eml.xsd"
packageId="fdc4a3d9-a475-4b03-b166-83cea23e02e5"  system="http://gbif.org" scope="system"
xml:lang="en">
    <dataset>
        <alternateIdentifier>10.15468/a9p72m</alternateIdentifier>
        <alternateIdentifier>https://ecdysis.org/collections/misc/collprofiles.php?collid=19</alternateIdentifier>
        <title>Actual specimens of adult Odonata from the IIBZ Entomology Collection</title>
        <creator>
            <organizationName>Ecdysis Portal</organizationName>
            <onlineUrl>https://ecdysis.org/index.php</onlineUrl>
        </creator>
        <metadataProvider>
            <organizationName>Ecdysis Portal</organizationName>
            <onlineUrl>https://ecdysis.org/index.php</onlineUrl>
        </metadataProvider>
        <associatedParty>
            <individualName>
                <givenName>Ruth</givenName>
                <surName>Bastardo</surName>
            </individualName>
            <positionName>Curator</positionName>
            <electronicMailAddress>rbastardo40@uasd.edu.do</electronicMailAddress>
            <role>CONTENT_PROVIDER</role>
        </associatedParty>
        <pubDate>
                2024-12-03
        </pubDate>
        <language>ENGLISH</language>
        <abstract>
            <para>Este perfil contiene la colecci&amp;oacute;n de Odonata del Instituto de Investigaciones Bot&amp;aacute;nicas y Zool&amp;oacute;gicas cuyos registros fueron usados para el art&amp;iacute;culo:
S&amp;aacute;nchez-Rosario, A. 2019. Distribuci&amp;oacute;n de la riqueza de especies de los odonatos (Insecta: Odonata) de la Rep&amp;uacute;blica Dominicana: una actualizaci&amp;oacute;n a partir de espec&amp;iacute;menes de colecci&amp;oacute;n - Distribution of species richness of the odonates (Insecta: Odonata) of the Dominican Republic: An update from collection specimens. Actual. Biol. 41 (111): 72-80, 2019 | DOI:10.17533/udea.acbi.v41n111a06
La creaci&amp;oacute;n del perfil en el portal Ecdysis de Symbiota fue posible gracias a la colaboraci&amp;oacute;n con el Biodiversity Knowledge Integration Center (BioKIC), Arizona State University y el financiamiento para su digitalizaci&amp;oacute;n por el Programa Biodiversity Information for Development (proyecto BID-CA2020-031-NAC) de la Globla Biodiversity Information Facility (GBIF) y la European Union.</para>
        </abstract>
        <intellectualRights>
            <para>To the extent possible under law, the publisher has waived all rights to these data and has dedicated them to the <ulink url="http://creativecommons.org/publicdomain/zero/1.0/legalcode"><citetitle>Public Domain (CC0 1.0)</citetitle></ulink>. Users may copy, modify, distribute and use the work, including for commercial purposes, without restriction.</para>
        </intellectualRights>
        <licensed>
            <licenseName>Creative Commons Zero v1.0 Universal</licenseName>
            <url>https://spdx.org/licenses/CC0-1.0.html</url>
            <identifier>CC0-1.0</identifier>
        </licensed>
        <distribution scope="document">
            <online>
                <url function="download">https://ecdysis.org/content/dwca/UASD-IIBZ-ENT-Odonata_DwC-A.zip</url>
            </online>
        </distribution>
        <contact>
            <organizationName>Actual specimens of adult Odonata from the IIBZ Entomology Collection</organizationName>
            <electronicMailAddress>rbastardo40@uasd.edu.do</electronicMailAddress>
        </contact>

            <project id="BID-CA2020-031-NAC">
                <title></title>
                <abstract>
                    <para>https://www.gbif.org/project/BID-CA2020-031-NAC/mobilizing-natural-history-collections-of-the-dominican-republic</para>
                </abstract>
                <funding>
                    <para></para>
                </funding>
            </project>
    </dataset>

    <additionalMetadata>
        <metadata>
            <gbif>
                <dateStamp>2024-12-27T11:32:51Z</dateStamp>
                <citation>Instituto de Investigaciones Botánicas y Zoológicas - Prof. Rafael M. Moscoso, Universidad Autónoma de Santo Domingo (2024). Actual specimens of adult Odonata from the IIBZ Entomology Collection. Occurrence dataset https://doi.org/10.15468/a9p72m accessed via GBIF.org on 2024-12-27.</citation>
            </gbif>
        </metadata>
    </additionalMetadata>
    </eml:eml>
