<?xml version="1.0" encoding="utf-8"?>
<eml:eml xmlns:eml="https://eml.ecoinformatics.org/eml-2.2.0" xmlns:xsi="http://www.w3.org/2001/XMLSchema-instance"
         xsi:schemaLocation="https://eml.ecoinformatics.org/eml-2.2.0 https://rs.gbif.org/schema/eml-gbif-profile/1.3/eml.xsd"
packageId="12704217-bc15-45f9-859f-0bdede407d2b"  system="http://gbif.org" scope="system"
xml:lang="en">
    <dataset>
        <alternateIdentifier>10.15468/5hymfe</alternateIdentifier>
        <alternateIdentifier>12704217-bc15-45f9-859f-0bdede407d2b</alternateIdentifier>
        <alternateIdentifier>http://ipt.gbif.pt/ipt/resource?r=fruits_jbuc_is</alternateIdentifier>
        <title>O armário: Fruiting phenology data for 4,462 plant taxa in Portugal (1926 – 2013)</title>
        <creator>
            <individualName>
                <givenName>Ruben</givenName>
                <surName>Heleno</surName>
            </individualName>
            <organizationName>Centre for Functional Ecology, Associate Laboratory TERRA, Department of Life Sciences, University of Coimbra</organizationName>
            <positionName>Professor</positionName>
            <address>
                <deliveryPoint>Calçada Martins de Freitas</deliveryPoint>
                <city>Coimbra</city>
                <postalCode>3000-456</postalCode>
                <country>PORTUGAL</country>
            </address>
            <electronicMailAddress>rheleno@uc.pt</electronicMailAddress>
            <userId directory="https://orcid.org/">0000-0002-4808-4907</userId>
        </creator>
        <creator>
            <individualName>
                <givenName>José Miguel</givenName>
                <surName>Costa</surName>
            </individualName>
            <organizationName>Centre for Functional Ecology, Associate Laboratory TERRA, Department of Life Sciences, University of Coimbra</organizationName>
            <positionName>Technician</positionName>
            <address>
                <deliveryPoint>Calçada Martins de Freitas</deliveryPoint>
                <city>Coimbra</city>
                <postalCode>3000-456</postalCode>
                <country>PORTUGAL</country>
            </address>
            <electronicMailAddress>jmgncosta@gmail.com</electronicMailAddress>
            <userId directory="https://orcid.org/">0000-0002-4991-7122</userId>
        </creator>
        <creator>
            <individualName>
                <givenName>Filipe</givenName>
                <surName>Covelo</surName>
            </individualName>
            <organizationName>Centre for Functional Ecology, Associate Laboratory TERRA, Department of Life Sciences, University of Coimbra</organizationName>
            <positionName>Collection Manager</positionName>
            <address>
                <deliveryPoint>Calçada Martins de Freitas</deliveryPoint>
                <city>Coimbra</city>
                <postalCode>3000-456</postalCode>
                <country>PORTUGAL</country>
            </address>
            <electronicMailAddress>fcovelo@uc.pt</electronicMailAddress>
            <userId directory="https://orcid.org/">0000-0003-0432-2843</userId>
        </creator>
        <creator>
            <individualName>
                <givenName>Joaquim</givenName>
                <surName>Santos</surName>
            </individualName>
            <organizationName>Centre for Functional Ecology, Associate Laboratory TERRA, Department of Life Sciences, University of Coimbra</organizationName>
            <positionName>Collection Manager</positionName>
            <address>
                <deliveryPoint>Calçada Martins de Freitas</deliveryPoint>
                <city>Coimbra</city>
                <postalCode>3000-456</postalCode>
                <country>PORTUGAL</country>
            </address>
            <electronicMailAddress>joaquimsantos@gmail.com</electronicMailAddress>
            <userId directory="https://orcid.org/">0000-0002-2160-4968</userId>
        </creator>
        <creator>
            <individualName>
                <givenName>Pedro</givenName>
                <surName>Lopes</surName>
            </individualName>
            <organizationName>Centre for Functional Ecology, Associate Laboratory TERRA, Department of Life Sciences, University of Coimbra</organizationName>
            <positionName>Technician</positionName>
            <address>
                <deliveryPoint>Calçada Martins de Freitas</deliveryPoint>
                <city>Coimbra</city>
                <postalCode>3000-456</postalCode>
                <country>PORTUGAL</country>
            </address>
            <electronicMailAddress>pedro.lopes275@gmail.com</electronicMailAddress>
            <userId directory="https://orcid.org/">0000-0002-5078-0602</userId>
        </creator>
        <creator>
            <individualName>
                <givenName>António Carmo</givenName>
                <surName>Gouveia</surName>
            </individualName>
            <organizationName>Centre for Functional Ecology, Associate Laboratory TERRA, Department of Life Sciences, University of Coimbra</organizationName>
            <positionName>Researcher</positionName>
            <address>
                <deliveryPoint>Calçada Martins de Freitas</deliveryPoint>
                <city>Coimbra</city>
                <postalCode>3000-456</postalCode>
                <country>PORTUGAL</country>
            </address>
            <electronicMailAddress>gouveia.ac@uc.pt</electronicMailAddress>
            <userId directory="https://orcid.org/">0000-0002-7175-0365</userId>
        </creator>
        <creator>
            <individualName>
                <givenName>Arménio</givenName>
                <surName>Matos</surName>
            </individualName>
            <organizationName>Botanic Garden of the University of Coimbra, University of Coimbra</organizationName>
            <positionName>Gardener</positionName>
            <address>
                <deliveryPoint>Calçada Martins de Freitas</deliveryPoint>
                <city>Coimbra</city>
                <postalCode>3000-456</postalCode>
                <country>PORTUGAL</country>
            </address>
        </creator>
        <creator>
            <individualName>
                <givenName>Agostinho</givenName>
                <surName>Salgado</surName>
            </individualName>
            <organizationName>Botanic Garden of the University of Coimbra, University of Coimbra</organizationName>
            <positionName>Gardener</positionName>
            <address>
                <deliveryPoint>Calçada Martins de Freitas</deliveryPoint>
                <city>Coimbra</city>
                <postalCode>3000-456</postalCode>
                <country>PORTUGAL</country>
            </address>
        </creator>
        <creator>
            <individualName>
                <givenName>Maria Teresa</givenName>
                <surName>Girão da Cruz</surName>
            </individualName>
            <organizationName>Botanic Garden of the University of Coimbra, University of Coimbra</organizationName>
            <positionName>Director</positionName>
            <address>
                <deliveryPoint>Calçada Martins de Freitas</deliveryPoint>
                <city>Coimbra</city>
                <postalCode>3000-456</postalCode>
                <country>PORTUGAL</country>
            </address>
            <electronicMailAddress>teresa.girao@uc.pt</electronicMailAddress>
            <userId directory="https://orcid.org/">0000-0003-2625-2567</userId>
        </creator>
        <creator>
            <individualName>
                <givenName>João</givenName>
                <surName>Farminhão</surName>
            </individualName>
            <organizationName>Centre for Functional Ecology, Associate Laboratory TERRA, Department of Life Sciences, University of Coimbra</organizationName>
            <positionName>Researcher</positionName>
            <address>
                <deliveryPoint>Calçada Martins de Freitas</deliveryPoint>
                <city>Coimbra</city>
                <postalCode>3000-456</postalCode>
                <country>PORTUGAL</country>
            </address>
            <electronicMailAddress>joao.farminhao@uc.pt</electronicMailAddress>
            <userId directory="https://orcid.org/">0000-0002-8811-9895</userId>
        </creator>
        <creator>
            <individualName>
                <givenName>Marta</givenName>
                <surName>Horta</surName>
            </individualName>
            <organizationName>Centre for Functional Ecology, Associate Laboratory TERRA, Department of Life Sciences, University of Coimbra</organizationName>
            <positionName>BSc Student</positionName>
            <address>
                <deliveryPoint>Calçada Martins de Freitas</deliveryPoint>
                <city>Coimbra</city>
                <postalCode>3000-456</postalCode>
                <country>PORTUGAL</country>
            </address>
            <electronicMailAddress>martahortauc@gmail.com</electronicMailAddress>
        </creator>
        <creator>
            <individualName>
                <givenName>Guilherme</givenName>
                <surName>Barreto</surName>
            </individualName>
            <organizationName>Centre for Functional Ecology, Associate Laboratory TERRA, Department of Life Sciences, University of Coimbra</organizationName>
            <positionName>BSc Student</positionName>
            <address>
                <deliveryPoint>Calçada Martim de Freitas</deliveryPoint>
                <city>Coimbra</city>
                <postalCode>3000-456</postalCode>
            </address>
            <electronicMailAddress>guilherme.barreto@live.com.pt</electronicMailAddress>
            <userId directory="https://orcid.org/">0000-0002-6226-0567</userId>
        </creator>
        <creator>
            <individualName>
                <givenName>Ana V.</givenName>
                <surName>Marques</surName>
            </individualName>
            <organizationName>Centre for Functional Ecology, Associate Laboratory TERRA, Department of Life Sciences, University of Coimbra</organizationName>
            <positionName>BSc Student</positionName>
            <address>
                <deliveryPoint>Calçada Martim de Freitas</deliveryPoint>
                <city>Coimbra</city>
                <postalCode>3000-456</postalCode>
                <country>PORTUGAL</country>
            </address>
            <electronicMailAddress>anamarques110301@gmail.com</electronicMailAddress>
        </creator>
        <creator>
            <individualName>
                <givenName>Leonardo</givenName>
                <surName>Craveiro</surName>
            </individualName>
            <organizationName>Centre for Functional Ecology, Associate Laboratory TERRA, Department of Life Sciences, University of Coimbra</organizationName>
            <positionName>BSc Student</positionName>
            <address>
                <deliveryPoint>Calçada Martim de Freitas</deliveryPoint>
                <city>Coimbra</city>
                <postalCode>3000-456</postalCode>
                <country>PORTUGAL</country>
            </address>
            <electronicMailAddress>leonardocraveiro1@gmail.com</electronicMailAddress>
        </creator>
        <creator>
            <individualName>
                <givenName>Patrícia</givenName>
                <surName>Pinto</surName>
            </individualName>
            <organizationName>Centre for Functional Ecology, Associate Laboratory TERRA, Department of Life Sciences, University of Coimbra</organizationName>
            <positionName>BSc Student</positionName>
            <address>
                <deliveryPoint>Calçada Martim de Freitas</deliveryPoint>
                <city>Coimbra</city>
                <postalCode>3000-456</postalCode>
                <country>PORTUGAL</country>
            </address>
            <electronicMailAddress>pinto.tita@hotmail.com</electronicMailAddress>
        </creator>
        <creator>
            <individualName>
                <givenName>Matilde</givenName>
                <surName>Santos</surName>
            </individualName>
            <organizationName>Centre for Functional Ecology, Associate Laboratory TERRA, Department of Life Sciences, University of Coimbra</organizationName>
            <positionName>BSc Student</positionName>
            <address>
                <deliveryPoint>Calçada Martim de Freitas</deliveryPoint>
                <city>Coimbra</city>
                <postalCode>3000-456</postalCode>
                <country>PORTUGAL</country>
            </address>
            <electronicMailAddress>matildebsantos@outlook.pt</electronicMailAddress>
        </creator>
        <creator>
            <individualName>
                <givenName>Bárbara</givenName>
                <surName>Nunes</surName>
            </individualName>
            <organizationName>Centre for Functional Ecology, Associate Laboratory TERRA, Department of Life Sciences, University of Coimbra</organizationName>
            <positionName>BSc Student</positionName>
            <address>
                <deliveryPoint>Calçada Martim de Freitas</deliveryPoint>
                <city>Coimbra</city>
                <postalCode>3000-456</postalCode>
                <country>PORTUGAL</country>
            </address>
            <electronicMailAddress>bnunes1@outlook.pt</electronicMailAddress>
        </creator>
        <creator>
            <individualName>
                <givenName>Margarida</givenName>
                <surName>Barreiro</surName>
            </individualName>
            <organizationName>Centre for Functional Ecology, Associate Laboratory TERRA, Department of Life Sciences, University of Coimbra</organizationName>
            <positionName>BSc Student</positionName>
            <address>
                <deliveryPoint>Calçada Martim de Freitas</deliveryPoint>
                <city>Coimbra</city>
                <postalCode>3000-456</postalCode>
                <country>PORTUGAL</country>
            </address>
            <electronicMailAddress>margaridaferreirabarreiro@gmail.com</electronicMailAddress>
        </creator>
        <creator>
            <individualName>
                <givenName>André</givenName>
                <surName>Dias</surName>
            </individualName>
            <organizationName>Centre for Functional Ecology, Associate Laboratory TERRA, Department of Life Sciences, University of Coimbra</organizationName>
            <positionName>BSc Student</positionName>
            <address>
                <deliveryPoint>Calçada Martim de Freitas</deliveryPoint>
                <city>Coimbra</city>
                <postalCode>3000-456</postalCode>
                <country>PORTUGAL</country>
            </address>
            <electronicMailAddress>abacalhaudias@gmail.com</electronicMailAddress>
        </creator>
        <creator>
            <individualName>
                <givenName>Gabriel</givenName>
                <surName>Rodrigues</surName>
            </individualName>
            <organizationName>Centre for Functional Ecology, Associate Laboratory TERRA, Department of Life Sciences, University of Coimbra</organizationName>
            <positionName>BSc Student</positionName>
            <address>
                <deliveryPoint>Calçada Martim de Freitas</deliveryPoint>
                <city>Coimbra</city>
                <postalCode>3000-456</postalCode>
                <country>PORTUGAL</country>
            </address>
            <electronicMailAddress>gabrielsamora.rodrigues@gmail.com</electronicMailAddress>
        </creator>
        <creator>
            <individualName>
                <givenName>Leonor</givenName>
                <surName>Esteves</surName>
            </individualName>
            <organizationName>Centre for Functional Ecology, Associate Laboratory TERRA, Department of Life Sciences, University of Coimbra</organizationName>
            <positionName>BSc Student</positionName>
            <address>
                <deliveryPoint>Calçada Martim de Freitas</deliveryPoint>
                <city>Coimbra</city>
                <postalCode>3000-456</postalCode>
                <country>PORTUGAL</country>
            </address>
            <electronicMailAddress>estevesleonor5@gmail.com</electronicMailAddress>
        </creator>
        <creator>
            <individualName>
                <givenName>Marina</givenName>
                <surName>Wanderley</surName>
            </individualName>
            <organizationName>Centre for Functional Ecology, Associate Laboratory TERRA, Department of Life Sciences, University of Coimbra</organizationName>
            <positionName>BSc Student</positionName>
            <address>
                <deliveryPoint>Calçada Martim de Freitas</deliveryPoint>
                <city>Coimbra</city>
                <postalCode>3000-456</postalCode>
                <country>PORTUGAL</country>
            </address>
            <electronicMailAddress>marinawander1@gmail.com</electronicMailAddress>
        </creator>
        <creator>
            <individualName>
                <givenName>Inês</givenName>
                <surName>Santos</surName>
            </individualName>
            <organizationName>Centre for Functional Ecology, Associate Laboratory TERRA, Department of Life Sciences, University of Coimbra</organizationName>
            <positionName>BSc Student</positionName>
            <address>
                <deliveryPoint>Calçada Martim de Freitas</deliveryPoint>
                <city>Coimbra</city>
                <postalCode>3000-456</postalCode>
                <country>PORTUGAL</country>
            </address>
            <electronicMailAddress>ines2705santos@gmail.com</electronicMailAddress>
        </creator>
        <creator>
            <individualName>
                <givenName>José Pedro</givenName>
                <surName>Artiaga</surName>
            </individualName>
            <organizationName>Centre for Functional Ecology, Associate Laboratory TERRA, Department of Life Sciences, University of Coimbra</organizationName>
            <positionName>BSc Student</positionName>
            <address>
                <deliveryPoint>Calçada Martim de Freitas</deliveryPoint>
                <city>Coimbra</city>
                <postalCode>3000-456</postalCode>
                <country>PORTUGAL</country>
            </address>
            <electronicMailAddress>josepedroartiaga@gmail.com</electronicMailAddress>
        </creator>
        <creator>
            <individualName>
                <givenName>João</givenName>
                <surName>Veríssimo</surName>
            </individualName>
            <organizationName>Centre for Functional Ecology, Associate Laboratory TERRA, Department of Life Sciences, University of Coimbra</organizationName>
            <positionName>BSc Student</positionName>
            <address>
                <deliveryPoint>Calçada Martim de Freitas</deliveryPoint>
                <city>Coimbra</city>
                <postalCode>3000-456</postalCode>
                <country>PORTUGAL</country>
            </address>
            <electronicMailAddress>jfm.verissimo02@gmail.com</electronicMailAddress>
        </creator>
        <creator>
            <individualName>
                <givenName>Inês</givenName>
                <surName>Vilhena</surName>
            </individualName>
            <organizationName>Centre for Functional Ecology, Associate Laboratory TERRA, Department of Life Sciences, University of Coimbra</organizationName>
            <positionName>BSc Student</positionName>
            <address>
                <deliveryPoint>Calçada Martim de Freitas</deliveryPoint>
                <city>Coimbra</city>
                <postalCode>3000-456</postalCode>
                <country>PORTUGAL</country>
            </address>
            <electronicMailAddress>inesvilhena2002@gmail.com</electronicMailAddress>
        </creator>
        <creator>
            <individualName>
                <givenName>Lucas</givenName>
                <surName>Moniz</surName>
            </individualName>
            <organizationName>Centre for Functional Ecology, Associate Laboratory TERRA, Department of Life Sciences, University of Coimbra</organizationName>
            <positionName>BSc Student</positionName>
            <address>
                <deliveryPoint>Calçada Martim de Freitas</deliveryPoint>
                <city>Coimbra</city>
                <postalCode>3000-456</postalCode>
                <country>PORTUGAL</country>
            </address>
            <electronicMailAddress>inesvilhena2002@gmail.com</electronicMailAddress>
        </creator>
        <creator>
            <individualName>
                <givenName>Arthur</givenName>
                <surName>Leão</surName>
            </individualName>
            <organizationName>Centre for Functional Ecology, Associate Laboratory TERRA, Department of Life Sciences, University of Coimbra</organizationName>
            <positionName>BSc Student</positionName>
            <address>
                <deliveryPoint>Calçada Martim de Freitas</deliveryPoint>
                <city>Coimbra</city>
                <postalCode>3000-456</postalCode>
                <country>PORTUGAL</country>
            </address>
            <electronicMailAddress>arthurmmarti@gmail.com</electronicMailAddress>
        </creator>
        <creator>
            <individualName>
                <givenName>Marta</givenName>
                <surName>Couras</surName>
            </individualName>
            <organizationName>Centre for Functional Ecology, Associate Laboratory TERRA, Department of Life Sciences, University of Coimbra</organizationName>
            <positionName>BSc Student</positionName>
            <address>
                <deliveryPoint>Calçada Martim de Freitas</deliveryPoint>
                <city>Coimbra</city>
                <postalCode>3000-456</postalCode>
                <country>PORTUGAL</country>
            </address>
            <electronicMailAddress>cunha.alexandra2021@gmail.com</electronicMailAddress>
        </creator>
        <creator>
            <individualName>
                <givenName>Sara Beatriz</givenName>
                <surName>Mendes</surName>
            </individualName>
            <organizationName>Centre for Functional Ecology, Associate Laboratory TERRA, Department of Life Sciences, University of Coimbra</organizationName>
            <positionName>PhD Student</positionName>
            <address>
                <deliveryPoint>Calçada Martim de Freitas</deliveryPoint>
                <city>Coimbra</city>
                <postalCode>3000-456</postalCode>
                <country>PORTUGAL</country>
            </address>
            <electronicMailAddress>sarabmmendes@gmail.com</electronicMailAddress>
            <userId directory="https://orcid.org/">0000-0002-3149-9743</userId>
        </creator>
        <creator>
            <individualName>
                <givenName>Mauro</givenName>
                <surName>Nereu</surName>
            </individualName>
            <organizationName>Centre for Functional Ecology, Associate Laboratory TERRA, Department of Life Sciences, University of Coimbra</organizationName>
            <positionName>PhD Student</positionName>
            <address>
                <deliveryPoint>Calçada Martim de Freitas</deliveryPoint>
                <city>Coimbra</city>
                <postalCode>3000-456</postalCode>
                <country>PORTUGAL</country>
            </address>
            <electronicMailAddress>maurogpn21@gmail.com</electronicMailAddress>
            <userId directory="https://orcid.org/">0000-0001-7484-1177</userId>
        </creator>
        <creator>
            <individualName>
                <givenName>Ana Margarida Dias da</givenName>
                <surName>Silva</surName>
            </individualName>
            <organizationName>Center for the History of Society and Culture (CHSC-UC)</organizationName>
            <positionName>Technician</positionName>
            <address>
                <deliveryPoint>Calçada Martim de Freitas</deliveryPoint>
                <city>Coimbra</city>
                <postalCode>3000-456</postalCode>
                <country>PORTUGAL</country>
            </address>
            <electronicMailAddress>anamargarida.silva@uc.pt</electronicMailAddress>
            <userId directory="https://orcid.org/">0000-0003-1247-8346</userId>
        </creator>
        <creator>
            <individualName>
                <givenName>Fátima</givenName>
                <surName>Sales</surName>
            </individualName>
            <organizationName>Centre for Functional Ecology, Associate Laboratory TERRA, Department of Life Sciences, University of Coimbra</organizationName>
            <positionName>Professor</positionName>
            <address>
                <deliveryPoint>Calçada Martim de Freitas</deliveryPoint>
                <city>Coimbra</city>
                <postalCode>3000-456</postalCode>
                <country>PORTUGAL</country>
            </address>
            <electronicMailAddress>fsales@bot.uc.pt</electronicMailAddress>
            <userId directory="https://orcid.org/">0000-0003-2876-0610</userId>
        </creator>
        <creator>
            <individualName>
                <givenName>Maria Teresa</givenName>
                <surName>Gonçalves</surName>
            </individualName>
            <organizationName>Centre for Functional Ecology, Associate Laboratory TERRA, Department of Life Sciences, University of Coimbra</organizationName>
            <positionName>Professor</positionName>
            <address>
                <deliveryPoint>Calçada Martim de Freitas</deliveryPoint>
                <city>Coimbra</city>
                <postalCode>3000-456</postalCode>
                <country>PORTUGAL</country>
            </address>
            <electronicMailAddress>mtgoncal@bot.uc.pt</electronicMailAddress>
            <userId directory="https://orcid.org/">0000-0002-3277-5615</userId>
        </creator>
        <creator>
            <individualName>
                <givenName>António</givenName>
                <surName>Coutinho</surName>
            </individualName>
            <organizationName>Centre for Functional Ecology, Associate Laboratory TERRA, Department of Life Sciences, University of Coimbra</organizationName>
            <positionName>Professor</positionName>
            <address>
                <deliveryPoint>Calçada Martim de Freitas</deliveryPoint>
                <city>Coimbra</city>
                <postalCode>3000-292</postalCode>
                <country>PORTUGAL</country>
            </address>
            <electronicMailAddress>cafe@bot.uc.pt</electronicMailAddress>
            <userId directory="https://orcid.org/">0000-0002-5371-6411</userId>
        </creator>
        <creator>
            <individualName>
                <givenName>Helena</givenName>
                <surName>Freitas</surName>
            </individualName>
            <organizationName>Centre for Functional Ecology, Associate Laboratory TERRA, Department of Life Sciences, University of Coimbra</organizationName>
            <positionName>Professor</positionName>
            <address>
                <deliveryPoint>Calçada Martim de Freitas</deliveryPoint>
                <city>Coimbra</city>
                <postalCode>3000-292</postalCode>
                <country>PORTUGAL</country>
            </address>
            <electronicMailAddress>hfreitas@ci.uc.pt</electronicMailAddress>
            <userId directory="https://orcid.org/">0000-0002-1907-9615</userId>
        </creator>
        <creator>
            <individualName>
                <givenName>Joaquim S.</givenName>
                <surName>Silva</surName>
            </individualName>
            <organizationName>Escola Superior Agrária, Instituto Politécnico de Coimbra</organizationName>
            <positionName>Professor</positionName>
            <address>
                <deliveryPoint>Bencanta</deliveryPoint>
                <city>Coimbra</city>
                <postalCode>3045-601</postalCode>
                <country>PORTUGAL</country>
            </address>
            <electronicMailAddress>jss@esac.pt</electronicMailAddress>
            <userId directory="https://orcid.org/">0000-0001-6604-6878</userId>
        </creator>
        <creator>
            <individualName>
                <givenName>Jaime</givenName>
                <surName>Ramos</surName>
            </individualName>
            <organizationName>MARE - Marine and Environmental Sciences Centre / ARNET – Aquatic Research Network, Department of Life Sciences, University of Coimbra</organizationName>
            <positionName>Professor</positionName>
            <address>
                <city>Coimbra</city>
                <postalCode>3004-517</postalCode>
                <country>PORTUGAL</country>
            </address>
            <electronicMailAddress>jramos@uc.pt</electronicMailAddress>
            <userId directory="https://orcid.org/">0000-0002-9533-987X</userId>
        </creator>
        <creator>
            <individualName>
                <givenName>Elizabete</givenName>
                <surName>Marchante</surName>
            </individualName>
            <organizationName>Centre for Functional Ecology, Associate Laboratory TERRA, Department of Life Sciences, University of Coimbra</organizationName>
            <positionName>Researcher</positionName>
            <address>
                <deliveryPoint>Calçada Martim de Freitas</deliveryPoint>
                <city>Coimbra</city>
                <postalCode>3000-456</postalCode>
                <country>PORTUGAL</country>
            </address>
            <electronicMailAddress>elizabete.marchante@gmail.com</electronicMailAddress>
            <userId directory="https://orcid.org/">0000-0003-1303-7489</userId>
        </creator>
        <creator>
            <individualName>
                <givenName>Sérgio</givenName>
                <surName>Timóteo</surName>
            </individualName>
            <organizationName>Centre for Functional Ecology, Associate Laboratory TERRA, Department of Life Sciences, University of Coimbra</organizationName>
            <positionName>Researcher</positionName>
            <address>
                <deliveryPoint>Calçada Martim de Freitas, 3000-456 Coimbra</deliveryPoint>
                <city>Coimbra</city>
                <postalCode>3000-456</postalCode>
                <country>PORTUGAL</country>
            </address>
            <electronicMailAddress>sergio.timoteo@uc.pt</electronicMailAddress>
            <userId directory="https://orcid.org/">0000-0003-2417-3259</userId>
        </creator>
        <metadataProvider>
            <individualName>
                <givenName>Ruben</givenName>
                <surName>Heleno</surName>
            </individualName>
            <organizationName>Centre for Functional Ecology, Associate Laboratory TERRA, Department of Life Sciences, University of Coimbra</organizationName>
            <positionName>Professor</positionName>
            <address>
                <deliveryPoint>Calçada Martim de Freitas</deliveryPoint>
                <city>Coimbra</city>
                <postalCode>3000-456</postalCode>
            </address>
            <electronicMailAddress>rheleno@uc.pt</electronicMailAddress>
            <userId directory="https://orcid.org/">0000-0002-4808-4907</userId>
        </metadataProvider>
        <metadataProvider>
            <individualName>
                <givenName>Sérgio</givenName>
                <surName>Timóteo</surName>
            </individualName>
            <organizationName>Centre for Functional Ecology, Associate Laboratory TERRA, Department of Life Sciences, University of Coimbra</organizationName>
            <positionName>Researcher</positionName>
            <address>
                <deliveryPoint>Calçada Martim de Freitas</deliveryPoint>
                <city>Coimbra</city>
                <postalCode>3000-456</postalCode>
                <country>PORTUGAL</country>
            </address>
            <electronicMailAddress>sergio.timoteo@uc.pt</electronicMailAddress>
            <userId directory="https://orcid.org/">0000-0003-2417-3259</userId>
        </metadataProvider>
        <metadataProvider>
            <individualName>
                <givenName>Filipe</givenName>
                <surName>Covelo</surName>
            </individualName>
            <organizationName>Centre for Functional Ecology, Associate Laboratory TERRA, Department of Life Sciences, University of Coimbra</organizationName>
            <positionName>Collection Manager</positionName>
            <address>
                <deliveryPoint>Calçada Martin de Freitas</deliveryPoint>
                <city>Coimbra</city>
                <postalCode>3000-456</postalCode>
                <country>PORTUGAL</country>
            </address>
            <electronicMailAddress>fcovelo@uc.pt</electronicMailAddress>
            <userId directory="https://orcid.org/">0000-0003-0432-2843</userId>
        </metadataProvider>
        <metadataProvider>
            <individualName>
                <givenName>Joaquim</givenName>
                <surName>Santos</surName>
            </individualName>
            <organizationName>Centre for Functional Ecology, Associate Laboratory TERRA, Department of Life Sciences, University of Coimbra</organizationName>
            <positionName>Collection Manager</positionName>
            <address>
                <deliveryPoint>Calçada Martin de Freitas</deliveryPoint>
                <city>Coimbra</city>
                <postalCode>3000-456</postalCode>
                <country>PORTUGAL</country>
            </address>
            <electronicMailAddress>joaquimsantos@gmail.com</electronicMailAddress>
            <userId directory="https://orcid.org/">0000-0002-2160-4968</userId>
        </metadataProvider>
        <pubDate>
                2024-06-21
        </pubDate>
        <language>ENGLISH</language>
        <abstract>
            This dataset provides information on the exact day and site where seeds of 4462 taxa of plants were collected for the Index Seminum (seed exchange catalogue) of the Botanic Garden of the University of Coimbra, between 1926 and 2013. Fruits were collected from spontaneous and cultivated individuals across Portugal, including both native and introduced taxa. The database consists of 127747 curated records with information on the species, or infraspecific taxa (including authority), and the day and site where fruits were collected. All records are georeferenced and provided with a confidence interval for the collection site.
        </abstract>
        <keywordSet>
            <keyword>Index Seminum</keyword>
            <keyword>Seeds</keyword>
            <keyword>Historical data</keyword>
            <keyword>Occurrence</keyword>
            <keyword>Portugal</keyword>
            <keywordThesaurus>GBIF Dataset Type Vocabulary: http://rs.gbif.org/vocabulary/gbif/dataset_type_2015-07-10.xml</keywordThesaurus>
        </keywordSet>
        <intellectualRights>
            <para>This work is licensed under a <ulink url="http://creativecommons.org/licenses/by/4.0/legalcode"><citetitle>Creative Commons Attribution (CC-BY) 4.0 License</citetitle></ulink>.</para>
        </intellectualRights>
        <licensed>
            <licenseName>Creative Commons Attribution 4.0 International</licenseName>
            <url>https://spdx.org/licenses/CC-BY-4.0.html</url>
            <identifier>CC-BY-4.0</identifier>
        </licensed>
        <distribution scope="document">
            <online>
                <url function="download">http://ipt.gbif.pt/ipt/archive.do?r=fruits_jbuc_is</url>
            </online>
        </distribution>
        <coverage>
            <geographicCoverage>
                <geographicDescription>Mainland Portugal</geographicDescription>
                <boundingCoordinates>
                    <westBoundingCoordinate>-9.51</westBoundingCoordinate>
                    <eastBoundingCoordinate>-6.293</eastBoundingCoordinate>
                    <northBoundingCoordinate>42.073</northBoundingCoordinate>
                    <southBoundingCoordinate>36.972</southBoundingCoordinate>
                </boundingCoordinates>
            </geographicCoverage>
            <temporalCoverage>
                <rangeOfDates>
                    <beginDate>
                        <calendarDate>                1926-01-11
</calendarDate>
                    </beginDate>
                    <endDate>
                        <calendarDate>                2013-12-28
</calendarDate>
                    </endDate>
                </rangeOfDates>
            </temporalCoverage>
            <taxonomicCoverage>
                <taxonomicClassification>
                    <taxonRankName>Kingdom</taxonRankName>
                    <taxonRankValue>Plantae</taxonRankValue>
                </taxonomicClassification>
                <taxonomicClassification>
                    <taxonRankName>Class</taxonRankName>
                    <taxonRankValue>Ginkgoopsida</taxonRankValue>
                </taxonomicClassification>
                <taxonomicClassification>
                    <taxonRankName>Class</taxonRankName>
                    <taxonRankValue>Gnetopsida</taxonRankValue>
                </taxonomicClassification>
                <taxonomicClassification>
                    <taxonRankName>Class</taxonRankName>
                    <taxonRankValue>Liliopsida</taxonRankValue>
                </taxonomicClassification>
                <taxonomicClassification>
                    <taxonRankName>Class</taxonRankName>
                    <taxonRankValue>Magnoliopsida</taxonRankValue>
                </taxonomicClassification>
                <taxonomicClassification>
                    <taxonRankName>Class</taxonRankName>
                    <taxonRankValue>Pinopsida</taxonRankValue>
                </taxonomicClassification>
            </taxonomicCoverage>
        </coverage>
        <maintenance>
            <description>
                <para></para>
            </description>
            <maintenanceUpdateFrequency>unkown</maintenanceUpdateFrequency>
        </maintenance>
        <contact>
            <individualName>
                <givenName>Sérgio</givenName>
                <surName>Timóteo</surName>
            </individualName>
            <organizationName>Centre for Functional Ecology, Associate Laboratory TERRA, Department of Life Sciences, University of Coimbra</organizationName>
            <positionName>Researcher</positionName>
            <address>
                <deliveryPoint>Calçada Martim de Freitas, 3000-456 Coimbra</deliveryPoint>
                <city>Coimbra</city>
                <postalCode>3000-456</postalCode>
                <country>PORTUGAL</country>
            </address>
            <electronicMailAddress>sergio.timoteo@uc.pt</electronicMailAddress>
            <userId directory="https://orcid.org/">0000-0003-2417-3259</userId>
        </contact>
        <contact>
            <individualName>
                <givenName>Sérgio</givenName>
                <surName>Timóteo</surName>
            </individualName>
            <organizationName>Centre for Functional Ecology, Associate Laboratory TERRA, Department of Life Sciences, University of Coimbra</organizationName>
            <positionName>Researcher</positionName>
            <address>
                <deliveryPoint>Calçada Martim de Freitas, 3000-456 Coimbra</deliveryPoint>
                <city>Coimbra</city>
                <postalCode>3000-456</postalCode>
                <country>PORTUGAL</country>
            </address>
            <electronicMailAddress>sergio.timoteo@uc.pt</electronicMailAddress>
            <userId directory="https://orcid.org/">0000-0003-2417-3259</userId>
        </contact>
        <contact>
            <individualName>
                <givenName>Ruben</givenName>
                <surName>Heleno</surName>
            </individualName>
            <organizationName>Centre for Functional Ecology, Associate Laboratory TERRA, Department of Life Sciences, University of Coimbra</organizationName>
            <positionName>Professor</positionName>
            <address>
                <deliveryPoint>Calçada Martim de Freitas, 3000-456 Coimbra</deliveryPoint>
                <city>Coimbra</city>
                <postalCode>3000-456</postalCode>
                <country>PORTUGAL</country>
            </address>
            <electronicMailAddress>rheleno@uc.pt</electronicMailAddress>
            <userId directory="https://orcid.org/">0000-0002-4808-4907</userId>
        </contact>
        <methods>
            <methodStep>
                <description>
                    <para>Taxonomic harmonization: 
- initial verification by botanist from the Herbarium of the University of Coimbra, to check small typos and authorities misspellings;
- harmonization through the Global Name Resolver using function gnr_resolve from the R (R Core Team 2023) package taxixe 0.9.9 (Chamberlain &amp; Szöcs 2013, Chamberlain et al. 2020), against the Global Biodiversity Information Facility - GBIF backbone, accessed on 2023-03-23;
- species classification as native or introduced to Portugal based on the World Checklist of Vascular Plants - WCVP (Govaerts et al. 2021), using function wcvp_distribution from the R package rWCVP (Brown et al. 2023),  accessed on 2023-06-28.
The data set includes the original name, and the harmonized taxonomy based on GBIF and WCVP.

Georeferencing protocol: 
- original record of collection localities clustered based on textual description using OpenRefine, followed by manual inspection;
- locations georeferenced with point-radius georeferencing method (Chapman &amp; Wieczorek 2020, Zermoglio et al. 2020), with geographic coordinates, and corresponding confidence intervals, obtained with Maps.ie (Maps.ie 2023), and uncertainty obtained with Georeferencing Calculator (Bloom et al. 2020; Wieczorek et al. 2021);
- administrative levels obatined with Google Geocoding API through the Reverse Geocoding Service (Google 2022);
- elevation retrieved with Google Elevation API.</para>
                </description>
            </methodStep>
            <sampling>
                <studyExtent>
                    <description>
                        <para>Data covers mainland Portugal.</para>
                    </description>
                </studyExtent>
                <samplingDescription>
                    <para>This dataset includes the records of plant fruits collected since 1926 by the staff of the Botanic Garden of the University of Coimbra. It includes the date, location, and species or infraspecific taxa for the plants collected every year to integrate the Botanic Garden of the University of Coimbra Index Seminum.</para>
                </samplingDescription>
            </sampling>
            <qualityControl>
                <description>
                    <para>Intermediate quality checks at data entry, taxonomic harmonization and georeferencing stages to detect and correct errors.</para>
                </description>
            </qualityControl>
        </methods>

            <project >
                <title>HiDaPT: Historical data from the Index Seminum of the Botanic Garden of the University of Coimbra</title>
                <abstract>
                    <para></para>
                </abstract>
                <funding>
                    <para></para>
                </funding>
            </project>
    </dataset>

    <additionalMetadata>
        <metadata>
            <gbif>
                <dateStamp>2025-01-07T08:59:39Z</dateStamp>
                <citation>Heleno R, Costa J M, Covelo F, Santos J, Lopes P, Gouveia A C, Matos A, Salgado A, Girão da Cruz M T, Farminhão J, Horta M, Barreto G, Marques A V, Craveiro L, Pinto P, Santos M, Nunes B, Barreiro M, Dias A, Rodrigues G, Esteves L, Wanderley M, Santos I, Artiaga J P, Veríssimo J, Vilhena I, Moniz L, Leão A, Couras M, Mendes S B, Nereu M, Silva A M D D, Sales F, Gonçalves M T, Coutinho A, Freitas H, Silva J S, Ramos J, Marchante E, Timóteo S (2024). O armário: Fruiting phenology data for 4,462 plant taxa in Portugal (1926 – 2013). Version 1.3. Jardim Botânico da Universidade de Coimbra. Occurrence dataset https://doi.org/10.15468/5hymfe accessed via GBIF.org on 2025-01-07.</citation>
                <bibliography>
                <citation>R Core Team. (2023). R: A language and environment for statistical computing.</citation>
                <citation identifier="10.12688/f1000research.2-191.v2">Chamberlain, S.A. &amp; Szöcs, E. (2013). taxize: taxonomic search and retrieval in R. F1000Research.</citation>
                <citation identifier="10.1038/s41597-021-00997-6">Chamberlain, S., Szoecs, E., Foster, Z., Arendsee, Z., Boettiger, C., Ram, K., Bartomeus, I., Baumgartner, J., O’Donnell, J. &amp; Oksanen, J. (2020). taxize: Taxonomic information from around the web. R package version 0.9, 92.</citation>
                <citation identifier="10.1111/nph.18919">Brown, M.J.M., Walker, B.E., Black, N., Govaerts, R.H.A., Ondo, I., Turner, R. &amp; Nic Lughadha, E. (2023). rWCVP: a companion R package for the World Checklist of Vascular Plants. New Phytologist, 1–10.</citation>
                <citation identifier="10.15468/doc-gg7h-s853">Chapman, A. D. &amp; Wieczorek, J. R. (2020). Georeferencing best practices. Version 1.0.</citation>
                <citation identifier="10.35035/e09p-h128">Zermoglio P.F., Chapman A.D., Wieczorek J.R., Luna M.C. &amp; Bloom D.A. (2020). Georeferencing Quick Reference Guide. Copenhagen: GBIF Secretariat</citation>
                <citation>Maps.ie. (2023). https://www.maps.ie/draw-radius-circle-map. Accessed on 2023-03-20.</citation>
                <citation identifier="10.35035/gdwq-3v93">Bloom, D. A., Wieczorek, J. R. &amp; Zermoglio, P. F. (2020). Georeferencing Calculator Manual. Copenhagen: GBIF Secretariat. Version 1.0.</citation>
                <citation>Wieczorek, C. &amp; Wieczorek, J. (2020). Georeferencing Calculator;  http://georeferencing.org/georefcalculator/gc.html. Accessed on 2022-08-29, 2021.</citation>
                <citation>Google. (2022). Google Geocoding API https://developers.google.com/maps/documentation/geocoding/start. Accessed on 2022-08-29.</citation>
                </bibliography>
                <physical>
                    <objectName>Supporting data for &quot;O armário: Fruiting phenology data for 4,462 plant taxa in Portugal (1926 – 2013)&quot;</objectName>
                    <characterEncoding>UTF-8-BOM</characterEncoding>
                    <dataFormat>
                        <externallyDefinedFormat>
                            <formatName>Comma Separated Values</formatName>
                        </externallyDefinedFormat>
                    </dataFormat>
                    <distribution>
                        <online>
                            <url function="download">https://doi.org/10.6084/m9.figshare.25016432.v7</url>
                        </online>
                    </distribution>
                </physical>
            </gbif>
        </metadata>
    </additionalMetadata>
    </eml:eml>
