<?xml version="1.0" encoding="utf-8"?>
<eml:eml xmlns:eml="https://eml.ecoinformatics.org/eml-2.2.0" xmlns:xsi="http://www.w3.org/2001/XMLSchema-instance"
         xsi:schemaLocation="https://eml.ecoinformatics.org/eml-2.2.0 https://rs.gbif.org/schema/eml-gbif-profile/1.3/eml.xsd"
packageId="16e7e918-38c8-4679-a612-22d933d34946"  system="http://gbif.org" scope="system"
xml:lang="en">
    <dataset>
        <alternateIdentifier>10.15468/zllujp</alternateIdentifier>
        <alternateIdentifier>10.15468/e3g5na</alternateIdentifier>
        <alternateIdentifier>16e7e918-38c8-4679-a612-22d933d34946</alternateIdentifier>
        <alternateIdentifier>https://collections.ala.org.au/public/show/dr672</alternateIdentifier>
        <alternateIdentifier>8cc0ca21-b34a-3555-b1b6-ab76eaf53178</alternateIdentifier>
        <title>Swan Coastal Plain Survey</title>
        <creator>
            <organizationName>NatureMap</organizationName>
        </creator>
        <creator>
            <organizationName>Western Australia, Department of Biodiversity, Conservation and Attractions</organizationName>
        </creator>
        <metadataProvider>
            <organizationName>NatureMap</organizationName>
        </metadataProvider>
        <associatedParty>
            <organizationName>Atlas of Living Australia</organizationName>
            <address>
                <deliveryPoint>CSIRO Ecosystems Services</deliveryPoint>
                <city>Canberra</city>
                <administrativeArea>ACT</administrativeArea>
                <postalCode>2601</postalCode>
                <country>AUSTRALIA</country>
            </address>
            <electronicMailAddress>info@ala.org.au</electronicMailAddress>
            <role>DISTRIBUTOR</role>
        </associatedParty>
        <pubDate>
                2020-08-18
        </pubDate>
        <language>ENGLISH</language>
        <abstract>
            Gibson, N., Keighery, B., Keighery, G., Burbidge, A., and Lyons, M. 1994. A Floristic Survey of the southern Swan Coastal Plain. Unpublished report for the Australian Heritage Commission prepared by the Department of Conservation and Land Management
        </abstract>
        <intellectualRights>
            <para>This work is licensed under a <ulink url="http://creativecommons.org/licenses/by/4.0/legalcode"><citetitle>Creative Commons Attribution (CC-BY) 4.0 License</citetitle></ulink>.</para>
        </intellectualRights>
        <licensed>
            <licenseName>Creative Commons Attribution 4.0 International</licenseName>
            <url>https://spdx.org/licenses/CC-BY-4.0.html</url>
            <identifier>CC-BY-4.0</identifier>
        </licensed>
        <distribution scope="document">
            <online>
                <url function="information">http://naturemap.dec.wa.gov.au/default.aspx</url>
            </online>
        </distribution>
        <distribution scope="document">
            <online>
                <url function="download">https://dwca-exports.ala.org.au/dr672.zip</url>
            </online>
        </distribution>
        <purpose>&lt;para/&gt;</purpose>
        <contact>
            <organizationName>Atlas of Living Australia</organizationName>
            <address>
                <deliveryPoint>CSIRO Ecosystems Services</deliveryPoint>
                <city>Canberra</city>
                <administrativeArea>ACT</administrativeArea>
                <postalCode>2601</postalCode>
                <country>AUSTRALIA</country>
            </address>
            <electronicMailAddress>info@ala.org.au</electronicMailAddress>
        </contact>

    </dataset>

    <additionalMetadata>
        <metadata>
            <gbif>
                <dateStamp>2025-01-07T08:59:29Z</dateStamp>
                <citation>Western Australia, Department of Biodiversity, Conservation and Attractions (2020). Swan Coastal Plain Survey. Occurrence dataset https://doi.org/10.15468/zllujp accessed via GBIF.org on 2025-01-07.</citation>
                <resourceLogoUrl>https://collections.ala.org.au/data/dataProvider/wa-gov.jpg</resourceLogoUrl>
            </gbif>
        </metadata>
    </additionalMetadata>
    </eml:eml>
