<?xml version="1.0" encoding="utf-8"?>
<eml:eml xmlns:eml="https://eml.ecoinformatics.org/eml-2.2.0" xmlns:xsi="http://www.w3.org/2001/XMLSchema-instance"
         xsi:schemaLocation="https://eml.ecoinformatics.org/eml-2.2.0 https://rs.gbif.org/schema/eml-gbif-profile/1.3/eml.xsd"
packageId="188fcdd5-c16d-4f09-9f76-fed7193ce3ab"  system="http://gbif.org" scope="system"
xml:lang="en">
    <dataset>
        <alternateIdentifier>10.15468/ngj75w</alternateIdentifier>
        <title>Wikiplantbase Sicilia</title>
        <associatedParty>
            <individualName>
                <surName>Gianni Bedini</surName>
            </individualName>
            <address>
                <deliveryPoint>Dipartimento di Biologia, Università di Pisa, via Derna 1, I-56126 Pisa, Italy</deliveryPoint>
            </address>
            <phone>+39 050 2211 314</phone>
            <electronicMailAddress>gianni.bedini@unipi.it</electronicMailAddress>
            <role>TECHNICAL_POINT_OF_CONTACT</role>
        </associatedParty>
        <language>en</language>
        <abstract>
            The databases stores historical and current plant occurrence records relative to Sicily administrative region of Italy (NUTS-2 code ITG1). Source of records may be bibliographical references, herbarium specimens, or human observations. The database is associated with the Wikiplantbase project, including sister databases for Sardinia, Liguria and Tuscany
        </abstract>
        <intellectualRights>
            <para>This work is licensed under a <ulink url="http://creativecommons.org/licenses/by-nc/4.0/legalcode"><citetitle>Creative Commons Attribution Non Commercial (CC-BY-NC) 4.0 License</citetitle></ulink>.</para>
        </intellectualRights>
        <licensed>
            <licenseName>Creative Commons Attribution Non Commercial 4.0 International</licenseName>
            <url>https://spdx.org/licenses/CC-BY-NC-4.0.html</url>
            <identifier>CC-BY-NC-4.0</identifier>
        </licensed>
        <contact>
            <individualName>
                <surName>Gianniantonio Domina</surName>
            </individualName>
            <address>
                <deliveryPoint>Department of agricultural, food and forest Sciences, University of Palermo, via Archirafi, 38, I-90123 - Palermo, Italy</deliveryPoint>
            </address>
            <phone>+39 09123891209</phone>
            <electronicMailAddress>gianniantonio.domina@unipa.it</electronicMailAddress>
        </contact>

    </dataset>

    <additionalMetadata>
        <metadata>
            <gbif>
                <dateStamp>2025-01-07T08:59:29Z</dateStamp>
                <citation>Dipartimento di Biologia, Università di Pisa. Wikiplantbase Sicilia. Occurrence dataset https://doi.org/10.15468/ngj75w accessed via GBIF.org on 2025-01-07.</citation>
            </gbif>
        </metadata>
    </additionalMetadata>
    </eml:eml>
