<?xml version="1.0" encoding="utf-8"?>
<eml:eml xmlns:eml="https://eml.ecoinformatics.org/eml-2.2.0" xmlns:xsi="http://www.w3.org/2001/XMLSchema-instance"
         xsi:schemaLocation="https://eml.ecoinformatics.org/eml-2.2.0 https://rs.gbif.org/schema/eml-gbif-profile/1.3/eml.xsd"
packageId="2002f5f5-a2b6-43ee-bcc7-44811ae22acb"  system="http://gbif.org" scope="system"
xml:lang="en">
    <dataset>
        <alternateIdentifier>10.15468/vqth7r</alternateIdentifier>
        <alternateIdentifier>2002f5f5-a2b6-43ee-bcc7-44811ae22acb</alternateIdentifier>
        <alternateIdentifier>https://collections.ala.org.au/public/show/dr15772</alternateIdentifier>
        <alternateIdentifier>0e5f8242-abe7-3401-b4c7-4c622e32caff</alternateIdentifier>
        <title>Janet Cosh Herbarium (WOLL) AVH data</title>
        <creator>
            <organizationName>Australia&apos;s Virtual Herbarium</organizationName>
        </creator>
        <creator>
            <organizationName>The Janet Cosh Herbarium</organizationName>
        </creator>
        <metadataProvider>
            <organizationName>Australia&apos;s Virtual Herbarium</organizationName>
        </metadataProvider>
        <associatedParty>
            <organizationName>Atlas of Living Australia</organizationName>
            <address>
                <deliveryPoint>CSIRO Ecosystems Services</deliveryPoint>
                <city>Canberra</city>
                <administrativeArea>ACT</administrativeArea>
                <postalCode>2601</postalCode>
                <country>AUSTRALIA</country>
            </address>
            <electronicMailAddress>info@ala.org.au</electronicMailAddress>
            <role>DISTRIBUTOR</role>
        </associatedParty>
        <pubDate>
                2022-03-15
        </pubDate>
        <language>ENGLISH</language>
        <abstract>
            Data set of the Janet Cosh Herbarium (WOLL) for the Australasian Virtual Herbarium (AVH)
        </abstract>
        <intellectualRights>
            <para>This work is licensed under a <ulink url="http://creativecommons.org/licenses/by/4.0/legalcode"><citetitle>Creative Commons Attribution (CC-BY) 4.0 License</citetitle></ulink>.</para>
        </intellectualRights>
        <licensed>
            <licenseName>Creative Commons Attribution 4.0 International</licenseName>
            <url>https://spdx.org/licenses/CC-BY-4.0.html</url>
            <identifier>CC-BY-4.0</identifier>
        </licensed>
        <distribution scope="document">
            <online>
                <url function="download">https://dwca-exports.ala.org.au/dr15772.zip</url>
            </online>
        </distribution>
        <purpose>&lt;para/&gt;</purpose>
        <contact>
            <organizationName>Atlas of Living Australia</organizationName>
            <address>
                <deliveryPoint>CSIRO Ecosystems Services</deliveryPoint>
                <city>Canberra</city>
                <administrativeArea>ACT</administrativeArea>
                <postalCode>2601</postalCode>
                <country>AUSTRALIA</country>
            </address>
            <electronicMailAddress>info@ala.org.au</electronicMailAddress>
        </contact>

    </dataset>

    <additionalMetadata>
        <metadata>
            <gbif>
                <dateStamp>2025-01-07T08:59:41Z</dateStamp>
                <citation>University of Wollongong (2022). Janet Cosh Herbarium (WOLL) AVH data. Occurrence dataset https://doi.org/10.15468/vqth7r accessed via GBIF.org on 2025-01-07.</citation>
                <resourceLogoUrl>https://collections.ala.org.au/data/dataProvider/avh_logo_green_transparent.png</resourceLogoUrl>
            </gbif>
        </metadata>
    </additionalMetadata>
    </eml:eml>
