<?xml version="1.0" encoding="utf-8"?>
<eml:eml xmlns:eml="https://eml.ecoinformatics.org/eml-2.2.0" xmlns:xsi="http://www.w3.org/2001/XMLSchema-instance"
         xsi:schemaLocation="https://eml.ecoinformatics.org/eml-2.2.0 https://rs.gbif.org/schema/eml-gbif-profile/1.3/eml.xsd"
packageId="270c3da6-45ad-4272-804b-33ac7ee33421"  system="http://gbif.org" scope="system"
xml:lang="en">
    <dataset>
        <alternateIdentifier>10.15468/e46kae</alternateIdentifier>
        <alternateIdentifier>https://collections.ala.org.au/public/show/dr15866</alternateIdentifier>
        <alternateIdentifier>270c3da6-45ad-4272-804b-33ac7ee33421</alternateIdentifier>
        <alternateIdentifier>f120e3f7-f24f-3ee5-bf74-91ca5af54b65</alternateIdentifier>
        <title>Northern Territory Herbarium (DNA) AVH data</title>
        <creator>
            <organizationName>Australia&apos;s Virtual Herbarium</organizationName>
        </creator>
        <creator>
            <organizationName>Department of Environment and Natural Resources</organizationName>
        </creator>
        <creator>
            <organizationName>Northern Territory Herbarium (Darwin)</organizationName>
        </creator>
        <creator>
            <organizationName>Northern Territory Herbarium (Alice Springs)</organizationName>
        </creator>
        <metadataProvider>
            <organizationName>Australia&apos;s Virtual Herbarium</organizationName>
        </metadataProvider>
        <associatedParty>
            <organizationName>Atlas of Living Australia</organizationName>
            <address>
                <deliveryPoint>CSIRO Ecosystems Services</deliveryPoint>
                <city>Canberra</city>
                <administrativeArea>ACT</administrativeArea>
                <postalCode>2601</postalCode>
                <country>AUSTRALIA</country>
            </address>
            <electronicMailAddress>info@ala.org.au</electronicMailAddress>
            <role>DISTRIBUTOR</role>
        </associatedParty>
        <pubDate>
                2023-09-08
        </pubDate>
        <language>ENGLISH</language>
        <abstract>
            Australasian Virtual Herbarium (AVH) data from the Northern Territory Herbarium (DNA)
        </abstract>
        <intellectualRights>
            <para>This work is licensed under a <ulink url="http://creativecommons.org/licenses/by/4.0/legalcode"><citetitle>Creative Commons Attribution (CC-BY) 4.0 License</citetitle></ulink>.</para>
        </intellectualRights>
        <licensed>
            <licenseName>Creative Commons Attribution 4.0 International</licenseName>
            <url>https://spdx.org/licenses/CC-BY-4.0.html</url>
            <identifier>CC-BY-4.0</identifier>
        </licensed>
        <distribution scope="document">
            <online>
                <url function="information">https://ipt.rbg.vic.gov.au/ipt/resource?r=dna_avh</url>
            </online>
        </distribution>
        <distribution scope="document">
            <online>
                <url function="download">https://dwca-exports.ala.org.au/dr15866.zip</url>
            </online>
        </distribution>
        <purpose>&lt;para/&gt;</purpose>
        <contact>
            <organizationName>Atlas of Living Australia</organizationName>
            <address>
                <deliveryPoint>CSIRO Ecosystems Services</deliveryPoint>
                <city>Canberra</city>
                <administrativeArea>ACT</administrativeArea>
                <postalCode>2601</postalCode>
                <country>AUSTRALIA</country>
            </address>
            <electronicMailAddress>info@ala.org.au</electronicMailAddress>
        </contact>

    </dataset>

    <additionalMetadata>
        <metadata>
            <gbif>
                <dateStamp>2025-01-07T08:59:34Z</dateStamp>
                <citation>Department of Environment and Natural Resources (2023). Northern Territory Herbarium (DNA) AVH data. Occurrence dataset https://doi.org/10.15468/e46kae accessed via GBIF.org on 2025-01-07.</citation>
                <resourceLogoUrl>https://collections.ala.org.au/data/dataProvider/avh_logo_green_transparent.png</resourceLogoUrl>
            </gbif>
        </metadata>
    </additionalMetadata>
    </eml:eml>
