<?xml version="1.0" encoding="utf-8"?>
<eml:eml xmlns:eml="https://eml.ecoinformatics.org/eml-2.2.0" xmlns:xsi="http://www.w3.org/2001/XMLSchema-instance"
         xsi:schemaLocation="https://eml.ecoinformatics.org/eml-2.2.0 https://rs.gbif.org/schema/eml-gbif-profile/1.3/eml.xsd"
packageId="3d802063-9b18-4dc0-b9d3-433783e8d8ce"  system="http://gbif.org" scope="system"
xml:lang="en">
    <dataset>
        <alternateIdentifier>10.15468/j25h8y</alternateIdentifier>
        <alternateIdentifier>3d802063-9b18-4dc0-b9d3-433783e8d8ce</alternateIdentifier>
        <alternateIdentifier>https://ipt.isa.ulisboa.pt/ipt_isa/resource?r=pbta</alternateIdentifier>
        <title>LX Gardens - Tree layer inventory of the Parque Botânico da Tapada da Ajuda</title>
        <creator>
            <individualName>
                <givenName>Ana Luísa</givenName>
                <surName>Soares</surName>
            </individualName>
            <organizationName>Instituto Superior de Agronomia, Universidade de Lisboa</organizationName>
            <positionName>Professor</positionName>
            <address>
                <deliveryPoint>Tapada da Ajuda</deliveryPoint>
                <city>Lisboa</city>
                <administrativeArea>Lisboa</administrativeArea>
                <postalCode>1349-017 Lisboa</postalCode>
                <country>PORTUGAL</country>
            </address>
            <electronicMailAddress>alsoares@isa.ulisboa.pt</electronicMailAddress>
            <userId directory="http://orcid.org/">0000-0003-2108-826X</userId>
        </creator>
        <creator>
            <individualName>
                <givenName>Teresa</givenName>
                <surName>Vasconcelos</surName>
            </individualName>
            <organizationName>Instituto Superior de Agronomia, Universidade de Lisboa</organizationName>
            <positionName>Higher Technician</positionName>
            <address>
                <deliveryPoint>Tapada da Ajuda</deliveryPoint>
                <city>Lisboa</city>
                <administrativeArea>Lisboa</administrativeArea>
                <postalCode>1349-017 Lisboa</postalCode>
                <country>PORTUGAL</country>
            </address>
            <electronicMailAddress>tvasconcelos@isa.ulisboa.pt</electronicMailAddress>
        </creator>
        <creator>
            <individualName>
                <givenName>Paulo</givenName>
                <surName>Forte</surName>
            </individualName>
            <organizationName>Instituto Superior de Agronomia, Universidade de Lisboa</organizationName>
            <positionName>Higher Technician</positionName>
            <address>
                <deliveryPoint>Herbário, Tapada da Ajuda</deliveryPoint>
                <city>Lisboa</city>
                <administrativeArea>Lisboa</administrativeArea>
                <postalCode>1349-017 Lisboa</postalCode>
                <country>PORTUGAL</country>
            </address>
            <electronicMailAddress>pforte@isa.ulisboa.pt</electronicMailAddress>
            <userId directory="https://www.linkedin.com/profile/view?id=">https://www.linkedin.com/in/paulo-forte-16913312?originalSubdomain=pt</userId>
        </creator>
        <creator>
            <individualName>
                <givenName>Pedro</givenName>
                <surName>Arsénio</surName>
            </individualName>
            <organizationName>Instituto Superior de Agronomia, Universidade de Lisboa</organizationName>
            <positionName>Professor</positionName>
            <address>
                <deliveryPoint>1349-017 Lisboa</deliveryPoint>
                <city>Lisboa</city>
                <administrativeArea>Lisboa</administrativeArea>
                <postalCode>1349-017 Lisboa</postalCode>
                <country>PORTUGAL</country>
            </address>
            <electronicMailAddress>arseniop@isa.ulisboa.pt</electronicMailAddress>
            <userId directory="http://orcid.org/">0000-0003-3860-9789</userId>
        </creator>
        <creator>
            <individualName>
                <givenName>Ana Raquel</givenName>
                <surName>Cunha</surName>
            </individualName>
            <organizationName>Instituto Superior de Agronomia, Universidade de Lisboa</organizationName>
            <positionName>PhD Student</positionName>
            <address>
                <deliveryPoint>Tapada da Ajuda</deliveryPoint>
                <city>Lisboa</city>
                <administrativeArea>Lisboa</administrativeArea>
                <postalCode>1349-017 Lisboa</postalCode>
                <country>PORTUGAL</country>
            </address>
            <electronicMailAddress>arcunha@isa.ulisboa.pt</electronicMailAddress>
            <userId directory="http://orcid.org/">0000-0002-0536-1628</userId>
        </creator>
        <metadataProvider>
            <individualName>
                <givenName>Ana Raquel</givenName>
                <surName>Cunha</surName>
            </individualName>
            <organizationName>Instituto Superior de Agronomia, Universidade de Lisboa</organizationName>
            <positionName>PhD Student</positionName>
            <address>
                <deliveryPoint>Tapada da Ajuda</deliveryPoint>
                <city>Lisboa</city>
                <administrativeArea>Lisboa</administrativeArea>
                <postalCode>1349-017 Lisboa</postalCode>
                <country>PORTUGAL</country>
            </address>
            <electronicMailAddress>arcunha@isa.ulisboa.pt</electronicMailAddress>
            <userId directory="http://orcid.org/">0000-0002-0536-1628</userId>
        </metadataProvider>
        <metadataProvider>
            <individualName>
                <givenName>Ana Luísa</givenName>
                <surName>Soares</surName>
            </individualName>
            <organizationName>Instituto Superior de Agronomia, Universidade de Lisboa</organizationName>
            <positionName>Professor</positionName>
            <address>
                <deliveryPoint>Tapada da Ajuda</deliveryPoint>
                <city>Lisboa</city>
                <administrativeArea>Lisboa</administrativeArea>
                <postalCode>1349-017 Lisboa</postalCode>
                <country>PORTUGAL</country>
            </address>
            <electronicMailAddress>alsoares@isa.ulisboa.pt</electronicMailAddress>
            <userId directory="http://orcid.org/">0000-0003-2108-826X</userId>
        </metadataProvider>
        <pubDate>
                2023-01-26
        </pubDate>
        <language>ENGLISH</language>
        <abstract>
            The Parque Botânico da Tapada da Ajuda (PBTA) was established in 1956, with roots in the 17th century Real Tapada, located on the southern slope of the Monsanto mountain range. 
The great diversity of this park is only possible thanks to its dimension (about 80 ha) and the irregularities of the terrain, associated with different climatic conditions; there are taxa of practically all environments, of which 280 are of the arboreal size and about 2500 are shrubs, perennial and perennial herbaceous, some with great interest in the perspective of conservation. This living collection as an integrant part of the Agronomy School of the University of Lisbon (since 1910), and as a specialized Park that is, has been considered since its origin an indispensable base for the teaching of plant species, serving to support many modules or disciplines of different degrees and masters.
Cultivated plant species are the basis of numerous scientific projects, didactic works, final reports, master&amp;#39;s and doctoral theses.
        </abstract>
        <keywordSet>
            <keyword>Occurrence</keyword>
            <keywordThesaurus>GBIF Dataset Type Vocabulary: http://rs.gbif.org/vocabulary/gbif/dataset_type.xml</keywordThesaurus>
        </keywordSet>
        <keywordSet>
            <keyword>Occurrence</keyword>
            <keywordThesaurus>GBIF Dataset Type Vocabulary: http://rs.gbif.org/vocabulary/gbif/dataset_type_2015-07-10.xml</keywordThesaurus>
        </keywordSet>
        <intellectualRights>
            <para>This work is licensed under a <ulink url="http://creativecommons.org/licenses/by/4.0/legalcode"><citetitle>Creative Commons Attribution (CC-BY) 4.0 License</citetitle></ulink>.</para>
        </intellectualRights>
        <licensed>
            <licenseName>Creative Commons Attribution 4.0 International</licenseName>
            <url>https://spdx.org/licenses/CC-BY-4.0.html</url>
            <identifier>CC-BY-4.0</identifier>
        </licensed>
        <distribution scope="document">
            <online>
                <url function="information">https://www.isa.ulisboa.pt/pbta/colecao-botanica</url>
            </online>
        </distribution>
        <distribution scope="document">
            <online>
                <url function="download">https://ipt.isa.ulisboa.pt/ipt_isa/archive.do?r=pbta</url>
            </online>
        </distribution>
        <coverage>
            <geographicCoverage>
                <geographicDescription>Portugal, Lisbon, Tapada da Ajuda, Tapada da Ajuda Botanical Park</geographicDescription>
                <boundingCoordinates>
                    <westBoundingCoordinate>-9.198</westBoundingCoordinate>
                    <eastBoundingCoordinate>-9.177</eastBoundingCoordinate>
                    <northBoundingCoordinate>38.719</northBoundingCoordinate>
                    <southBoundingCoordinate>38.706</southBoundingCoordinate>
                </boundingCoordinates>
            </geographicCoverage>
            <temporalCoverage>
                <rangeOfDates>
                    <beginDate>
                        <calendarDate>                2010-01-01
</calendarDate>
                    </beginDate>
                    <endDate>
                        <calendarDate>                2019-07-01
</calendarDate>
                    </endDate>
                </rangeOfDates>
            </temporalCoverage>
            <taxonomicCoverage>
                <generalTaxonomicCoverage>Vascular plants</generalTaxonomicCoverage>
                <taxonomicClassification>
                    <taxonRankName>Kingdom</taxonRankName>
                    <taxonRankValue>Plantae</taxonRankValue>
                    <commonName>Plants</commonName>
                </taxonomicClassification>
            </taxonomicCoverage>
        </coverage>
        <maintenance>
            <description>
                <para></para>
            </description>
            <maintenanceUpdateFrequency>unkown</maintenanceUpdateFrequency>
        </maintenance>
        <contact>
            <individualName>
                <givenName>Ana Luísa</givenName>
                <surName>Soares</surName>
            </individualName>
            <organizationName>Instituto Superior de Agronomia, Universidade de Lisboa</organizationName>
            <positionName>Professor</positionName>
            <address>
                <deliveryPoint>Tapada da Ajuda</deliveryPoint>
                <city>Lisboa</city>
                <administrativeArea>Lisboa</administrativeArea>
                <postalCode>1349-017 Lisboa</postalCode>
                <country>PORTUGAL</country>
            </address>
            <electronicMailAddress>alsoares@isa.ulisboa.pt</electronicMailAddress>
            <userId directory="http://orcid.org/">0000-0003-2108-826X</userId>
        </contact>
        <methods>
            <methodStep>
                <description>
                    <para>Databasing
The collection database is managed using Specify 6. The following steps were performed until the current situation:
Pre-processing data: data gathered from an excel datasheet and imported to OpenRefine. Extensive data revision was performed in the datatable, for consistency checks, standardisation of names, duplicates, namely on the catalog number, outlier identification and correction. When required, paper files and other documents were used to cross-check corrections. Fields verified include taxonomy fields - reference dictionary was Plants of the World Online (https://powo.science.kew.org/). 
The corrections and updates were performed in a copy of the original table, but no versioning was made of the individual field changes.
Import to Specify: Data was inserted into the Specify database using the import tool Specify Workbench. Data quality checks were performed following this import process.</para>
                </description>
            </methodStep>
            <sampling>
                <studyExtent>
                    <description>
                        <para>The cataloguing project covers the tree collection Parque Botânico da Tapada da Ajuda.</para>
                    </description>
                </studyExtent>
                <samplingDescription>
                    <para>Field work for specimen inventory was performed in 2014, which revision in 2019.</para>
                </samplingDescription>
            </sampling>
            <qualityControl>
                <description>
                    <para>Data Quality Control: This dataset follows the best practices recommended by GBIF for specimen data quality (Chapman 2005a, 2005b). Data on people’s names (collectors, determiners) and taxonomy were reviewed for consistency and standardization.</para>
                </description>
            </qualityControl>
        </methods>

            <project >
                <title>LX Gardens - Tree layer inventory of the Parque Botânico da Tapada da Ajuda</title>
                <personnel>
                    <individualName>
                    <givenName>Ana Luísa</givenName>
                    <surName>Soares</surName>
                    </individualName>
            <userId directory="http://orcid.org/">0000-0003-2108-826X</userId>
                    <role>PRINCIPAL_INVESTIGATOR</role>
                </personnel>
                <personnel>
                    <individualName>
                    <givenName>Teresa</givenName>
                    <surName>Vasconcelos</surName>
                    </individualName>
                    <role>CURATOR</role>
                </personnel>
                <personnel>
                    <individualName>
                    <givenName>Ana</givenName>
                    <surName>Cunha</surName>
                    </individualName>
            <userId directory="http://orcid.org/">0000-0002-0536-1628</userId>
                    <role>AUTHOR</role>
                </personnel>
                <personnel>
                    <individualName>
                    <givenName>Paulo</givenName>
                    <surName>Forte</surName>
                    </individualName>
                    <role>AUTHOR</role>
                </personnel>
                <personnel>
                    <individualName>
                    <givenName>Pedro</givenName>
                    <surName>Arsénio</surName>
                    </individualName>
            <userId directory="http://orcid.org/">0000-0003-3860-9789</userId>
                    <role>AUTHOR</role>
                </personnel>
                <personnel>
                    <individualName>
                    <givenName>Rui</givenName>
                    <surName>Figueira</surName>
                    </individualName>
            <userId directory="http://orcid.org/">0000-0002-8351-4028</userId>
                    <role>AUTHOR</role>
                </personnel>
                <abstract>
                    <para>The Botanical Park of Tapada da Ajuda (hereafter, PBTA) botanical collection data is the result of the exhaustive tree inventory work carried out over several years by Teresa Vasconcelos (PBTA Curator until 2019).
The Project “LX GARDENS - Lisbon’s Historic Gardens and Parks: Study and Landscape Heritage Inventory” (financed by FCT: PTDC/EAT-EAT/110826/2009)” coordinated by Professor Ana Luísa Soares, allowed a new look at the gardens of the city through the botanical and artistic-historical study of the evolution of 64 public historic gardens and parks of the Lisbon city from the 18th century to the 1960s. The PBTA was one of the gardens studied by LX Gardens.
Teresa Vasconcelos, responsible for the botanical component of the LX Gardens project and PBTA curator between the years 2011 to 2014, coordinated the revision of the PBTA&apos;s botanical collection data, with the result of 4356 trees (424 taxa) inventoried and geo-referenced. Between 2016 and 2020, 150 taxa (corresponding to 3023 trees) of the PBTA Collection were again reviewed and updated.
To disseminate the great diversity of species in the PBTA the results were published in the following two ways:
 - &quot;Caracterização das Plantas do Parque Botânico da Tapada da Ajuda, fichas 1 a 150&quot;;
 - a dedicated page to the PBTA&apos;s botanical collection on the ISA website (http://www.isa.ulisboa.pt/pbta/colecao-botanica).</para>
                </abstract>
                <funding>
                    <para>This project was supported by two funding initiatives including:
1.	Project “LX GARDENS - Lisbon’s Historic Gardens and Parks: Study and Landscape Heritage Inventory” (financed by FCT: PTDC/EAT-EAT/110826/2009)”;
2.	Project PORBIOTA – Portuguese E- Infrastructure for Information and Research on Biodiversity – 22127, with reference PINFRA/22127/2016 POCI-01-0145-FEDER-022127, supported by national funds by FCT / MCTES and co-supported by Fundo Europeu de Desenvolvimento Regional (FEDER) throughout COMPETE 2020 – Programa Operacional Competitividade e Internacionalização (POCI-01-0145-FEDER-022127).</para>
                </funding>
                <studyAreaDescription>
                    <descriptor name="generic" citableClassificationSystem="false">
                        <descriptorValue>In this dataset, it is possible to find records of more than 4000 cultivated trees at the park, corresponding to 424 different species. Due to the large dimension of the park (100 ha), the trees survey was mainly carried out only near to the main buildings of the Campus da Tapada da Ajuda, staying out the edge zones (very dense areas and very difficult to georeference the specimens).</descriptorValue>
                    </descriptor>
                </studyAreaDescription>
                <designDescription>
                    <description>
                        <para>The botanical study adopted the following methodology: taking of inventory, placing within the geographic information systems and specimen identification.</para>
                    </description>
                </designDescription>
            </project>
    </dataset>

    <additionalMetadata>
        <metadata>
            <gbif>
                <dateStamp>2025-01-07T08:59:44Z</dateStamp>
                <citation identifier="https://doi.org/10.15468/j25h8y">Soares A L, Vasconcelos T, Forte P, Arsénio P, Cunha A R (2023). LX Gardens - Tree layer inventory of the Parque Botânico da Tapada da Ajuda. Version 1.3. Instituto Superior de Agronomia / Universidade de Lisboa. Occurrence dataset https://doi.org/10.15468/j25h8y accessed via GBIF.org on 2025-01-07.</citation>
                <bibliography>
                <citation>Soares, A. L. (Ed.). (2021). O arvoredo, os jardins e parques públicos de Lisboa (1755 – 1965), três séculos de um património botânico, paisagístico e cultural (1ª). Lisboa: Câmara Municipal de Lisboa. Obtido de https://www.repository.utl.pt/handle/10400.5/23418</citation>
                <citation>Vasconcelos, T., Soares, A.L., Cunha, A.R., Forte, P. &amp; Arsénio, P. (Eds) (2020). Caracterização das Plantas do Parque Botânico da Tapada da Ajuda (Fichas 1 a 150). Série Coleção Botânica. Lisboa: ISAPress. 308 pp.</citation>
                <citation>Vasconcelos, T., Soares, A. L., Cunha, A. R., Forte, P., &amp; Arsénio, P. (2020). Coleção Botânica do Parque Botânico da Tapada da Ajuda. Obtido 30 de janeiro de 2021, de ISA | Instituto Superior de Agronomia website: http://www.isa.ulisboa.pt/pbta/colecao-botanica</citation>
                <citation>Vasconcelos, T., Cunha, A. R., Forte, P., &amp; Soares, A. L. (2017). Levantamento arbóreo dos Jardins e Parques Históricos de Lisboa. Lisboa: ISA Press. Obtido de https://www.repository.utl.pt/handle/10400.5/21597?mode=full</citation>
                </bibliography>
                <resourceLogoUrl>http://www.isa.ulisboa.pt/files/logo_green.png</resourceLogoUrl>
                <collection>
                    
                    
                    <collectionName>Parque Botânico da Tapada da Ajuda Living Collection</collectionName>
                </collection>
                <specimenPreservationMethod>OTHER</specimenPreservationMethod>
                <jgtiCuratorialUnit>
                    <jgtiUnitType>species</jgtiUnitType>
                    <jgtiUnitRange>
                        <beginRange>1</beginRange>
                        <endRange>424</endRange>
                    </jgtiUnitRange>
                </jgtiCuratorialUnit>
            </gbif>
        </metadata>
    </additionalMetadata>
    </eml:eml>
