<?xml version="1.0" encoding="utf-8"?>
<eml:eml xmlns:eml="https://eml.ecoinformatics.org/eml-2.2.0" xmlns:xsi="http://www.w3.org/2001/XMLSchema-instance"
         xsi:schemaLocation="https://eml.ecoinformatics.org/eml-2.2.0 https://rs.gbif.org/schema/eml-gbif-profile/1.3/eml.xsd"
packageId="5445131a-b491-44d8-9974-3ec52bde0c47"  system="http://gbif.org" scope="system"
xml:lang="en">
    <dataset>
        <alternateIdentifier>10.15468/kw8izq</alternateIdentifier>
        <title>Wikiplantbase #Toscana</title>
        <associatedParty>
            <individualName>
                <surName>Gianni  Bedini</surName>
            </individualName>
            <address>
                <deliveryPoint>Dipartimento di Biologia, Università di Pisa, via Derna 1, I-56126 Pisa, Italy</deliveryPoint>
            </address>
            <phone>+39 050 2211 314</phone>
            <electronicMailAddress>gianni.bedini@unipi.it</electronicMailAddress>
            <role>TECHNICAL_POINT_OF_CONTACT</role>
        </associatedParty>
        <pubDate>
                2020-01-01
        </pubDate>
        <language>en</language>
        <abstract>
            The databases stores historical and current plant occurrence records relative to Tuscany administrative region of Italy (NUTS-2 code ITE1). Source of records may be bibliographical references, herbarium specimens, or human observations. The database is associated with the Wikiplantbase project, including sister databases for Sardinia, Liguria and Sicily
        </abstract>
        <intellectualRights>
            <para>This work is licensed under a <ulink url="http://creativecommons.org/licenses/by-nc/4.0/legalcode"><citetitle>Creative Commons Attribution Non Commercial (CC-BY-NC) 4.0 License</citetitle></ulink>.</para>
        </intellectualRights>
        <licensed>
            <licenseName>Creative Commons Attribution Non Commercial 4.0 International</licenseName>
            <url>https://spdx.org/licenses/CC-BY-NC-4.0.html</url>
            <identifier>CC-BY-NC-4.0</identifier>
        </licensed>
        <contact>
            <individualName>
                <surName>Lorenzo Peruzzi</surName>
            </individualName>
            <address>
                <deliveryPoint>Dipartimento di Biologia, Università di Pisa, via Derna 1, I-56126 Pisa, Italy</deliveryPoint>
            </address>
            <phone>+39 050 2211 339</phone>
            <electronicMailAddress>lorenzo.peruzzi@unipi.it</electronicMailAddress>
        </contact>

    </dataset>

    <additionalMetadata>
        <metadata>
            <gbif>
                <dateStamp>2025-01-07T08:59:32Z</dateStamp>
                <citation>Dipartimento di Biologia, Università di Pisa (2020). Wikiplantbase #Toscana. Occurrence dataset https://doi.org/10.15468/kw8izq accessed via GBIF.org on 2025-01-07.</citation>
            </gbif>
        </metadata>
    </additionalMetadata>
    </eml:eml>
