<?xml version="1.0" encoding="utf-8"?>
<eml:eml xmlns:eml="https://eml.ecoinformatics.org/eml-2.2.0" xmlns:xsi="http://www.w3.org/2001/XMLSchema-instance"
         xsi:schemaLocation="https://eml.ecoinformatics.org/eml-2.2.0 https://rs.gbif.org/schema/eml-gbif-profile/1.3/eml.xsd"
packageId="5a3b50fa-c882-4129-9405-38e54c0a73f3"  system="http://gbif.org" scope="system"
xml:lang="en">
    <dataset>
        <alternateIdentifier>10.15468/9rkjjq</alternateIdentifier>
        <alternateIdentifier>https://collections.ala.org.au/public/show/dr15863</alternateIdentifier>
        <alternateIdentifier>5a3b50fa-c882-4129-9405-38e54c0a73f3</alternateIdentifier>
        <alternateIdentifier>58553d00-7bd6-3102-ba1a-e86936b98ca5</alternateIdentifier>
        <title>Western Australian Herbarium (PERTH) AVH data</title>
        <creator>
            <organizationName>Australia&apos;s Virtual Herbarium</organizationName>
        </creator>
        <creator>
            <organizationName>Western Australia, Department of Biodiversity, Conservation and Attractions</organizationName>
        </creator>
        <creator>
            <organizationName>Western Australian Herbarium</organizationName>
        </creator>
        <metadataProvider>
            <organizationName>Australia&apos;s Virtual Herbarium</organizationName>
        </metadataProvider>
        <associatedParty>
            <organizationName>Atlas of Living Australia</organizationName>
            <address>
                <deliveryPoint>CSIRO Ecosystems Services</deliveryPoint>
                <city>Canberra</city>
                <administrativeArea>ACT</administrativeArea>
                <postalCode>2601</postalCode>
                <country>AUSTRALIA</country>
            </address>
            <electronicMailAddress>info@ala.org.au</electronicMailAddress>
            <role>DISTRIBUTOR</role>
        </associatedParty>
        <pubDate>
                2024-10-29
        </pubDate>
        <language>ENGLISH</language>
        <abstract>
            Australasian Virtual Herbarium (AVH) data from the Western Australian Herbarium (PERTH)
        </abstract>
        <intellectualRights>
            <para>This work is licensed under a <ulink url="http://creativecommons.org/licenses/by/4.0/legalcode"><citetitle>Creative Commons Attribution (CC-BY) 4.0 License</citetitle></ulink>.</para>
        </intellectualRights>
        <licensed>
            <licenseName>Creative Commons Attribution 4.0 International</licenseName>
            <url>https://spdx.org/licenses/CC-BY-4.0.html</url>
            <identifier>CC-BY-4.0</identifier>
        </licensed>
        <distribution scope="document">
            <online>
                <url function="information">https://ipt.rbg.vic.gov.au/ipt/resource?r=perth_avh</url>
            </online>
        </distribution>
        <distribution scope="document">
            <online>
                <url function="download">https://dwca-exports.ala.org.au/dr15863.zip</url>
            </online>
        </distribution>
        <purpose>&lt;para/&gt;</purpose>
        <contact>
            <individualName>
                <givenName>Cheryl</givenName>
                <surName>Parker</surName>
            </individualName>
            <positionName>editor</positionName>
            <phone>(08) 9219 9140</phone>
            <electronicMailAddress>cheryl.parker@dbca.wa.gov.au</electronicMailAddress>
        </contact>

    </dataset>

    <additionalMetadata>
        <metadata>
            <gbif>
                <dateStamp>2025-01-07T08:59:36Z</dateStamp>
                <citation>Western Australia, Department of Biodiversity, Conservation and Attractions (2024). Western Australian Herbarium (PERTH) AVH data. Occurrence dataset https://doi.org/10.15468/9rkjjq accessed via GBIF.org on 2025-01-07.</citation>
                <resourceLogoUrl>https://collections.ala.org.au/data/dataProvider/avh_logo_green_transparent.png</resourceLogoUrl>
            </gbif>
        </metadata>
    </additionalMetadata>
    </eml:eml>
