<?xml version="1.0" encoding="utf-8"?>
<eml:eml xmlns:eml="https://eml.ecoinformatics.org/eml-2.2.0" xmlns:xsi="http://www.w3.org/2001/XMLSchema-instance"
         xsi:schemaLocation="https://eml.ecoinformatics.org/eml-2.2.0 https://rs.gbif.org/schema/eml-gbif-profile/1.3/eml.xsd"
packageId="6a7575fa-ae03-4ba3-b322-2da15b5033e2"  system="http://gbif.org" scope="system"
xml:lang="es">
    <dataset>
        <alternateIdentifier>10.15468/pyzji3</alternateIdentifier>
        <alternateIdentifier>https://ipt.gbif.es/resource?r=plantasvascularesgda</alternateIdentifier>
        <alternateIdentifier>http://ipt.gbif.es/resource?r=plantasvascularesgda</alternateIdentifier>
        <alternateIdentifier>http://www.gbif.es/ipt/resource?r=plantasvascularesgda</alternateIdentifier>
        <alternateIdentifier>6a7575fa-ae03-4ba3-b322-2da15b5033e2</alternateIdentifier>
        <alternateIdentifier>9d85686e-bff6-4d29-8811-4b403c0807fa</alternateIdentifier>
        <alternateIdentifier>14701</alternateIdentifier>
        <title>Herbario de la Universidad de Granada: Colección GDA-Fanerogamia</title>
        <creator>
            <individualName>
                <givenName>M. Teresa</givenName>
                <surName>Vizoso Paz</surName>
            </individualName>
            <organizationName>Herbario Universidad de Granada</organizationName>
            <positionName>Técnica de Apoyo a la Docencia e Investigación</positionName>
            <address>
                <deliveryPoint>C/ Rector López Argüeta, 8</deliveryPoint>
                <city>Granada</city>
                <administrativeArea>Granada</administrativeArea>
                <postalCode>18071</postalCode>
                <country>SPAIN</country>
            </address>
            <phone>+34958246329</phone>
            <electronicMailAddress>mariate@ugr.es</electronicMailAddress>
            <onlineUrl>http://herbarium.ugr.es</onlineUrl>
            <userId directory="http://orcid.org/">http://orcid.org/0000-0001-8757-5429</userId>
        </creator>
        <metadataProvider>
            <individualName>
                <givenName>M. Teresa</givenName>
                <surName>Vizoso Paz</surName>
            </individualName>
            <organizationName>Herbario de la Universidad de Granada</organizationName>
            <positionName>Técnica de Apoyo a la Docencia e Investigación</positionName>
            <address>
                <deliveryPoint>C/ Rector López Argüeta, nº 8</deliveryPoint>
                <city>Granada</city>
                <administrativeArea>Granada</administrativeArea>
                <postalCode>18071</postalCode>
                <country>SPAIN</country>
            </address>
            <phone>+34 958246329</phone>
            <electronicMailAddress>mariate@ugr.es</electronicMailAddress>
            <onlineUrl>http://herbarium.ugr.es</onlineUrl>
            <userId directory="http://orcid.org/">0000-0001-8757-5429</userId>
        </metadataProvider>
        <associatedParty>
            <individualName>
                <surName>Herbario Universidad de Granada</surName>
            </individualName>
            <organizationName>Universidad de Granada</organizationName>
            <positionName>Servicio</positionName>
            <address>
                <deliveryPoint>C/ Rector López Argüeta, nº 8</deliveryPoint>
                <city>Granada</city>
                <administrativeArea>Andalucía</administrativeArea>
                <postalCode>18071</postalCode>
                <country>SPAIN</country>
            </address>
            <phone>+34 958 246329</phone>
            <electronicMailAddress>herbario@ugr.es</electronicMailAddress>
            <onlineUrl>http://herbarium.ugr.es</onlineUrl>
            <role>OWNER</role>
        </associatedParty>
        <pubDate>
                2022-07-07
        </pubDate>
        <language>SPANISH</language>
        <abstract>
            Esta colección contiene las plantas fanerógamas o espermatofitas incluidas en la sección GDA del Herbario de la Universidad de Granada. Esta sección acoge la antigua colección procedente de la Facultad de Farmacia y las nuevas inclusiones que se han ido produciendo desde el año 2000, momento en el que se produjo su unificación con la sección procedente del herbario GDAC, originado en la Facultad de Ciencias. A pesar de la unificación de ambas colecciones en un herbario único, Herbario Universidad de Granada (Index Herbariorum: Thiers, 2021), mantienen su individualidad física y su consulta y gestión también se hace separadamente a través de los juegos de datos correspondientes, GDA-Fanerogamia (https://ipt.gbif.es/manage/resource?r&amp;#61;plantasvascularesgda) y GDAC-Fanerogamia (https://ipt.gbif.es/manage/resource?r&amp;#61;gdac-fanero).

Este juego de datos contiene 61364 registros de los que se publica la determinación más actualizada, generada tras la revisión de los ejemplares para los proyectos de «Flora iberica» (Castroviejo, S. coord. gen., 1986-2021) y «Flora vascular de Andalucía oriental» (Blanca G. et al. eds., 2009). El resto de los ejemplares procedentes de otros territorios y no revisados por estos proyectos, se han publicado bajo la determinación de su última revisión o, en el caso de no haber sido revisados, con su primera determinación. Estos ejemplares corresponden a unos 10000 nombres distintos pertenecientes a 188 familias entre las que predominan las familias Compositae, Leguminosae, Labiatae, Gramineae, Cruciferae, Caryophyllaceae,  Scrophulariaceae, Umbelliferae, Ranunculaceae y Cistaceae como principales componentes de la flora de Andalucía oriental. Los  497 registros correspondientes a 429 tipos nomenclaturales y sus imágenes se han excluido de este juego de datos y están publicados, junto con los tipos nomenclaturales de la coleción GDAC-Fanerogamia, en el «Catalogue of type specimens of vascular plants deposited in the Herbarium of the University of Granada (Spain)» (https://ipt.gbif.es/manage/resource?r&amp;#61;gda-vascular-tipos) (Vizoso Paz MT, 2018, 2021). Su publicación se ha hecho separadamente por cuestiones de carácter práctico aunque físicamente estos ejemplares se encuentran incluidos en la colección correspondiente.

El origen de la sección GDA se remonta al inicio de los estudios de Botánica en la Facultad de Farmacia de la Universidad de Granada, en 1850, de la mano de su decano, D. Mariano del Amo y Mora. Sin embargo y pese a que éste cedió su herbario, transmitió a sus sucesores, entre ellos Díez Tortosa, Cortés Latorre, Rivas Goday, Muñoz Medina y Esteve Chueca, su empeño por la formación de un herbario universitario. Desde entonces el herbario se fue enriqueciendo no solo por la labor de investigación y recolección de sus miembros, sino también por los intercambios con otras instituciones españolas y europeas y con la adquisición de importantes exsiccatas de principios del siglo XX, entre ellas «Iter Maroccanum» de Font Quer, «Plantes d&amp;#39;Espagne» de Sennen, «Flora Iberica Selecta», «Flora Hispanica», «Flora Suecica» o «Flora Lusitanica». Además recibió de Laza Palacios el depósito de una colección procedente del herbario de la Academia Malagueña de Ciencias, entre cuyos fondos se encontró una pequeña colección de Simón de Rojas Clemente y Rubio y de otros botánicos coetáneos, siendo los ejemplares más antiguos del herbario, datados a principios del siglo XIX.

A partir de mediados del siglo XX y sobre todo desde principios del XXI acoge las recolecciones procedentes de estudios de flora de Andalucía oriental, ampliando en ocasiones su ámbito geográfico a toda Andalucía y el norte de Marruecos, así como al resto de España y Portugal.
        </abstract>
        <keywordSet>
            <keyword>Occurrence</keyword>
            <keywordThesaurus>GBIF Dataset Type Vocabulary: http://rs.gbif.org/vocabulary/gbif/dataset_type.xml</keywordThesaurus>
        </keywordSet>
        <keywordSet>
            <keyword>Specimen</keyword>
            <keywordThesaurus>GBIF Dataset Subtype Vocabulary: http://rs.gbif.org/vocabulary/gbif/dataset_subtype.xml</keywordThesaurus>
        </keywordSet>
        <keywordSet>
            <keyword>herbarium collection</keyword>
            <keywordThesaurus>n/a</keywordThesaurus>
        </keywordSet>
        <keywordSet>
            <keyword>GDA</keyword>
            <keywordThesaurus>Index Herbariorum: The Herbaria of the World. http://sweetgum.nybg.org/ih/</keywordThesaurus>
        </keywordSet>
        <keywordSet>
            <keyword>Spermatophyta</keyword>
            <keywordThesaurus>http://thesaurus.bhlscielo.org/vocab/index.php?tema=1002&amp;/Spermatophyta</keywordThesaurus>
        </keywordSet>
        <keywordSet>
            <keyword>Spain</keyword>
            <keywordThesaurus>http://vocabularies.unesco.org/thesaurus/concept923</keywordThesaurus>
        </keywordSet>
        <keywordSet>
            <keyword>Morocco</keyword>
            <keywordThesaurus>http://vocabularies.unesco.org/thesaurus/concept724</keywordThesaurus>
        </keywordSet>
        <keywordSet>
            <keyword>Portugal</keyword>
            <keywordThesaurus>http://vocabularies.unesco.org/thesaurus/concept919</keywordThesaurus>
        </keywordSet>
        <keywordSet>
            <keyword>Andalusia oriental</keyword>
            <keywordThesaurus>n/a</keywordThesaurus>
        </keywordSet>
        <keywordSet>
            <keyword>Occurrence</keyword>
            <keywordThesaurus>GBIF Dataset Type Vocabulary: http://rs.gbif.org/vocabulary/gbif/dataset_type_2015-07-10.xml</keywordThesaurus>
        </keywordSet>
        <additionalInfo>
            <para>Esta colección de fanerógamas es la única que se mantiene activa en cuanto a la incorporación de nuevos ejemplares y se complementa y completa con la colección de fanerógamas depositadas en la sección GDAC, cerrada en el año 2000 y publicada en https://www.gbif.org/dataset/7a037b5e-f5e9-400f-b259-b079c9df2925</para>
        </additionalInfo>
        <intellectualRights>
            <para>This work is licensed under a <ulink url="http://creativecommons.org/licenses/by-nc/4.0/legalcode"><citetitle>Creative Commons Attribution Non Commercial (CC-BY-NC) 4.0 License</citetitle></ulink>.</para>
        </intellectualRights>
        <licensed>
            <licenseName>Creative Commons Attribution Non Commercial 4.0 International</licenseName>
            <url>https://spdx.org/licenses/CC-BY-NC-4.0.html</url>
            <identifier>CC-BY-NC-4.0</identifier>
        </licensed>
        <distribution scope="document">
            <online>
                <url function="information">http://herbarium.ugr.es</url>
            </online>
        </distribution>
        <distribution scope="document">
            <online>
                <url function="download">https://ipt.gbif.es/archive.do?r=plantasvascularesgda</url>
            </online>
        </distribution>
        <coverage>
            <geographicCoverage>
                <geographicDescription>Tan solo el 45% de esta colección se encuentra georreferenciada. El 84% de los fondos de la colección Fanerogamia son de procedencia española y ésta se completa con una pequeña representación del 6.7% originarias de Marruecos y un 2.6% de Portugal. Del resto, un 3% de los ejemplares no contiene información geográfica o los topónimos y localidades no se han podido ubicar correctamente. El 3% restante de las muestras corresponden a 37 países, de los cuales 15 países tienen una representación testimonial con menos de 5 ejemplares. Sin embargo, destacan Suecia, gracias a los aportes procedentes de la Academia Malagueña de Ciencias, Costa de Marfil por la donación de una colección de 364 orquídeas («Colección de Orquídeas de Costa de Marfil» cedida por el Dr. Francisco Pérez-Vera en 2005), Alemania, Francia, Italia, Rusia y Estados Unidos todos ellos con más de 100 ejemplares.  

La colección contiene ejemplares de todas las provincias españolas, aunque su análisis corrobora claramente el carácter del herbario como referente de la flora de Andalucía oriental, una de las más ricas y diversas de la Península Ibérica. Más de la mitad de los ejemplares proceden de las provincias orientales entre las que destaca Granada, con casi la mitad de los ejemplares, seguida de Almería, Málaga y Jaén. Andalucía occidental, aunque con menor representación, también cuenta con un 2% de muestras para Cádiz y Huelva y con algo menos para Córdoba y Sevilla. El resto del territorio español también está bien representado y para casi todas las provincias se cuenta con más de 100 ejemplares.</geographicDescription>
                <boundingCoordinates>
                    <westBoundingCoordinate>-8.665</westBoundingCoordinate>
                    <eastBoundingCoordinate>3.18</eastBoundingCoordinate>
                    <northBoundingCoordinate>42.943</northBoundingCoordinate>
                    <southBoundingCoordinate>36.211</southBoundingCoordinate>
                </boundingCoordinates>
            </geographicCoverage>
            <temporalCoverage>
                <rangeOfDates>
                    <beginDate>
                        <calendarDate>                1818-07-30
</calendarDate>
                    </beginDate>
                    <endDate>
                        <calendarDate>                2020-07-24
</calendarDate>
                    </endDate>
                </rangeOfDates>
            </temporalCoverage>
            <taxonomicCoverage>
                <generalTaxonomicCoverage>Los ejemplares que componen esta colección se encuentran repartidos en 188 familias de las que unas 77 están representadas por más de 50 ejemplares. Para facilitar su análisis  se han agrupado en táxones superiores siguiendo la clasificación establecida en Species 2000 &amp;  ITIS Catalogue of Life (Roskov 2017). 

La clase Magnoliopsida es la mejor representada con un 84% de los ejemplares, seguida de la clase Liliopsida con un 15% y la clase Pinopsida con un 1%. Sin embargo, las clases Gnetopsida, Ginkgoopsida y Cycadopsida, tienen una representación testimonial como corresponde a sus pocos representantes y falta de distribución en nuestra flora, salvo la familia Ephedraceae.

Los órdenes con mayor representación son Asterales, Lamiales, Fabales, Poales, Caryophyllales y Brassicales y sus familias correspondientes Compositae (7419 ejemplares), Leguminosae (5988 ejemplares), Gramineae (3892), Lamiaceae (4551 ejemplares), Cruciferae (3530 ejemplares) y Caryophyllaceae (3320 ejemplares). Todas estas familias además de estar ampliamente representadas en nuestra flora, presentan numerosos géneros algunos de los cuales alcanzan una gran diversidad de especies en nuestro territorio. Éste es el caso de Centaurea, que es el representante de las asteráceas con mayor número de especies en la flora ibérica, aunque también los géneros Scorzonera, Senecio y Tragopogon destacan por el número de ejemplares que hay depositados en el herbario. Ononis, Astragalus, Trifolium y  Anthyllis son los géneros de fabáceas más numerosos en ejemplares y éste último en especies. Entre las poáceas destacan Festuca, Bromus, Poa y Agrostis; entre las lamiáceas Teucrium, Sideritis y Thymus son los géneros más diversos en especies y con mayor número de ejemplares, igual que en las crucíferas lo son Alyssum, Erysimun y Biscutella, así como Silene, Arenaria y Cerastium en las cariofiláceas.

Estas seis familias, todas ellas con más de 3000 ejemplares y una representación que va desde el 6 al 13%, componen casi la mitad de la colección. Sin embargo, también hay que destacar las familias Scrophulariaceae, Apiaceae, Ranunculaceae y Liliaceae que tienen una representación entre el 3 y 4%, y otras que también suponen un componente importante en esta colección, entre ellas  Rosaceae, Boraginaceae, Cistaceae, Cyperaceae y Orchidaceae. El 25% de los ejemplares de esta colección pertenecen a otras 175 familias, algunas de ellas con muy pocos ejemplares al no ser de distribución ibérica o ser muy poco numerosas en géneros y especies o incluso ser monotípicas, sin embargo todas ellas contribuyen a ampliar el rango taxonómico de esta colección.</generalTaxonomicCoverage>
                <taxonomicClassification>
                    <taxonRankName>Kingdom</taxonRankName>
                    <taxonRankValue>Plantae</taxonRankValue>
                    <commonName>plantas</commonName>
                </taxonomicClassification>
                <taxonomicClassification>
                    <taxonRankName>Phylum</taxonRankName>
                    <taxonRankValue>Tracheophyta</taxonRankValue>
                </taxonomicClassification>
                <taxonomicClassification>
                    <taxonRankName>Class</taxonRankName>
                    <taxonRankValue>Magnoliopsida</taxonRankValue>
                </taxonomicClassification>
                <taxonomicClassification>
                    <taxonRankName>Class</taxonRankName>
                    <taxonRankValue>Liliopsida</taxonRankValue>
                </taxonomicClassification>
                <taxonomicClassification>
                    <taxonRankName>Class</taxonRankName>
                    <taxonRankValue>Pinopsida</taxonRankValue>
                </taxonomicClassification>
                <taxonomicClassification>
                    <taxonRankName>Class</taxonRankName>
                    <taxonRankValue>Gnetopsida</taxonRankValue>
                </taxonomicClassification>
                <taxonomicClassification>
                    <taxonRankName>Class</taxonRankName>
                    <taxonRankValue>Ginkgoopsida</taxonRankValue>
                </taxonomicClassification>
                <taxonomicClassification>
                    <taxonRankName>Class</taxonRankName>
                    <taxonRankValue>Cycadopsida</taxonRankValue>
                </taxonomicClassification>
                <taxonomicClassification>
                    <taxonRankName>Order</taxonRankName>
                    <taxonRankValue>Asterales</taxonRankValue>
                </taxonomicClassification>
                <taxonomicClassification>
                    <taxonRankName>Order</taxonRankName>
                    <taxonRankValue>Lamiales</taxonRankValue>
                </taxonomicClassification>
                <taxonomicClassification>
                    <taxonRankName>Order</taxonRankName>
                    <taxonRankValue>Fabales</taxonRankValue>
                </taxonomicClassification>
                <taxonomicClassification>
                    <taxonRankName>Order</taxonRankName>
                    <taxonRankValue>Poales</taxonRankValue>
                </taxonomicClassification>
                <taxonomicClassification>
                    <taxonRankName>Order</taxonRankName>
                    <taxonRankValue>Caryophyllales</taxonRankValue>
                </taxonomicClassification>
                <taxonomicClassification>
                    <taxonRankName>Order</taxonRankName>
                    <taxonRankValue>Brassicales</taxonRankValue>
                </taxonomicClassification>
                <taxonomicClassification>
                    <taxonRankName>Family</taxonRankName>
                    <taxonRankValue>Compositae</taxonRankValue>
                </taxonomicClassification>
                <taxonomicClassification>
                    <taxonRankName>Family</taxonRankName>
                    <taxonRankValue>Leguminosae</taxonRankValue>
                </taxonomicClassification>
                <taxonomicClassification>
                    <taxonRankName>Family</taxonRankName>
                    <taxonRankValue>Gramineae</taxonRankValue>
                </taxonomicClassification>
                <taxonomicClassification>
                    <taxonRankName>Family</taxonRankName>
                    <taxonRankValue>Labiatae</taxonRankValue>
                </taxonomicClassification>
                <taxonomicClassification>
                    <taxonRankName>Family</taxonRankName>
                    <taxonRankValue>Cruciferae</taxonRankValue>
                </taxonomicClassification>
                <taxonomicClassification>
                    <taxonRankName>Family</taxonRankName>
                    <taxonRankValue>Caryophyllaceae</taxonRankValue>
                </taxonomicClassification>
                <taxonomicClassification>
                    <taxonRankName>Family</taxonRankName>
                    <taxonRankValue>Umbelliferae</taxonRankValue>
                </taxonomicClassification>
                <taxonomicClassification>
                    <taxonRankName>Family</taxonRankName>
                    <taxonRankValue>Scrophulariaceae</taxonRankValue>
                </taxonomicClassification>
                <taxonomicClassification>
                    <taxonRankName>Family</taxonRankName>
                    <taxonRankValue>Liliaceae</taxonRankValue>
                </taxonomicClassification>
                <taxonomicClassification>
                    <taxonRankName>Family</taxonRankName>
                    <taxonRankValue>Boraginaceae</taxonRankValue>
                </taxonomicClassification>
                <taxonomicClassification>
                    <taxonRankName>Family</taxonRankName>
                    <taxonRankValue>Cistaceae</taxonRankValue>
                </taxonomicClassification>
                <taxonomicClassification>
                    <taxonRankName>Family</taxonRankName>
                    <taxonRankValue>Ranunculaceae</taxonRankValue>
                </taxonomicClassification>
                <taxonomicClassification>
                    <taxonRankName>Family</taxonRankName>
                    <taxonRankValue>Cyperaceae</taxonRankValue>
                </taxonomicClassification>
                <taxonomicClassification>
                    <taxonRankName>Family</taxonRankName>
                    <taxonRankValue>Orchidaceae</taxonRankValue>
                </taxonomicClassification>
                <taxonomicClassification>
                    <taxonRankName>Family</taxonRankName>
                    <taxonRankValue>Rosaceae</taxonRankValue>
                </taxonomicClassification>
                <taxonomicClassification>
                    <taxonRankName>Family</taxonRankName>
                    <taxonRankValue>Papaveraceae</taxonRankValue>
                </taxonomicClassification>
                <taxonomicClassification>
                    <taxonRankName>Family</taxonRankName>
                    <taxonRankValue>Rubiaceae</taxonRankValue>
                </taxonomicClassification>
                <taxonomicClassification>
                    <taxonRankName>Family</taxonRankName>
                    <taxonRankValue>Euphorbiaceae</taxonRankValue>
                </taxonomicClassification>
                <taxonomicClassification>
                    <taxonRankName>Family</taxonRankName>
                    <taxonRankValue>Chenopodiaceae</taxonRankValue>
                </taxonomicClassification>
                <taxonomicClassification>
                    <taxonRankName>Family</taxonRankName>
                    <taxonRankValue>Amaryllidaceae</taxonRankValue>
                </taxonomicClassification>
                <taxonomicClassification>
                    <taxonRankName>Family</taxonRankName>
                    <taxonRankValue>Campanulaceae</taxonRankValue>
                </taxonomicClassification>
                <taxonomicClassification>
                    <taxonRankName>Family</taxonRankName>
                    <taxonRankValue>Geraniaceae</taxonRankValue>
                </taxonomicClassification>
                <taxonomicClassification>
                    <taxonRankName>Family</taxonRankName>
                    <taxonRankValue>Saxifragaceae</taxonRankValue>
                </taxonomicClassification>
                <taxonomicClassification>
                    <taxonRankName>Family</taxonRankName>
                    <taxonRankValue>Plumbaginaceae</taxonRankValue>
                </taxonomicClassification>
                <taxonomicClassification>
                    <taxonRankName>Family</taxonRankName>
                    <taxonRankValue>Juncaceae</taxonRankValue>
                </taxonomicClassification>
                <taxonomicClassification>
                    <taxonRankName>Family</taxonRankName>
                    <taxonRankValue>Solanaceae</taxonRankValue>
                </taxonomicClassification>
                <taxonomicClassification>
                    <taxonRankName>Family</taxonRankName>
                    <taxonRankValue>Iridaceae</taxonRankValue>
                </taxonomicClassification>
                <taxonomicClassification>
                    <taxonRankName>Family</taxonRankName>
                    <taxonRankValue>Plantaginaceae</taxonRankValue>
                </taxonomicClassification>
                <taxonomicClassification>
                    <taxonRankName>Family</taxonRankName>
                    <taxonRankValue>Polygonaceae</taxonRankValue>
                </taxonomicClassification>
                <taxonomicClassification>
                    <taxonRankName>Family</taxonRankName>
                    <taxonRankValue>Crassulaceae</taxonRankValue>
                </taxonomicClassification>
                <taxonomicClassification>
                    <taxonRankName>Family</taxonRankName>
                    <taxonRankValue>Malvaceae</taxonRankValue>
                </taxonomicClassification>
                <taxonomicClassification>
                    <taxonRankName>Family</taxonRankName>
                    <taxonRankValue>Valerianaceae</taxonRankValue>
                </taxonomicClassification>
                <taxonomicClassification>
                    <taxonRankName>Family</taxonRankName>
                    <taxonRankValue>Resedaceae</taxonRankValue>
                </taxonomicClassification>
                <taxonomicClassification>
                    <taxonRankName>Family</taxonRankName>
                    <taxonRankValue>Primulaceae</taxonRankValue>
                </taxonomicClassification>
                <taxonomicClassification>
                    <taxonRankName>Family</taxonRankName>
                    <taxonRankValue>Gentianaceae</taxonRankValue>
                </taxonomicClassification>
                <taxonomicClassification>
                    <taxonRankName>Family</taxonRankName>
                    <taxonRankValue>Salicaceae</taxonRankValue>
                </taxonomicClassification>
                <taxonomicClassification>
                    <taxonRankName>Family</taxonRankName>
                    <taxonRankValue>Dipsacaceae</taxonRankValue>
                </taxonomicClassification>
                <taxonomicClassification>
                    <taxonRankName>Family</taxonRankName>
                    <taxonRankValue>Linaceae</taxonRankValue>
                </taxonomicClassification>
                <taxonomicClassification>
                    <taxonRankName>Family</taxonRankName>
                    <taxonRankValue>Convolvulaceae</taxonRankValue>
                </taxonomicClassification>
                <taxonomicClassification>
                    <taxonRankName>Family</taxonRankName>
                    <taxonRankValue>Ericaceae</taxonRankValue>
                </taxonomicClassification>
                <taxonomicClassification>
                    <taxonRankName>Family</taxonRankName>
                    <taxonRankValue>Caprifoliaceae</taxonRankValue>
                </taxonomicClassification>
                <taxonomicClassification>
                    <taxonRankName>Family</taxonRankName>
                    <taxonRankValue>Thymelaeaceae</taxonRankValue>
                </taxonomicClassification>
                <taxonomicClassification>
                    <taxonRankName>Family</taxonRankName>
                    <taxonRankValue>Violaceae</taxonRankValue>
                </taxonomicClassification>
                <taxonomicClassification>
                    <taxonRankName>Family</taxonRankName>
                    <taxonRankValue>Polygalaceae</taxonRankValue>
                </taxonomicClassification>
                <taxonomicClassification>
                    <taxonRankName>Family</taxonRankName>
                    <taxonRankValue>Urticaceae</taxonRankValue>
                </taxonomicClassification>
                <taxonomicClassification>
                    <taxonRankName>Family</taxonRankName>
                    <taxonRankValue>Rhamnaceae</taxonRankValue>
                </taxonomicClassification>
                <taxonomicClassification>
                    <taxonRankName>Family</taxonRankName>
                    <taxonRankValue>Guttiferae</taxonRankValue>
                </taxonomicClassification>
                <taxonomicClassification>
                    <taxonRankName>Family</taxonRankName>
                    <taxonRankValue>Amaranthaceae</taxonRankValue>
                </taxonomicClassification>
                <taxonomicClassification>
                    <taxonRankName>Family</taxonRankName>
                    <taxonRankValue>Cupressaceae</taxonRankValue>
                </taxonomicClassification>
                <taxonomicClassification>
                    <taxonRankName>Family</taxonRankName>
                    <taxonRankValue>Onagraceae</taxonRankValue>
                </taxonomicClassification>
                <taxonomicClassification>
                    <taxonRankName>Family</taxonRankName>
                    <taxonRankValue>Oleaceae</taxonRankValue>
                </taxonomicClassification>
                <taxonomicClassification>
                    <taxonRankName>Family</taxonRankName>
                    <taxonRankValue>Fagaceae</taxonRankValue>
                </taxonomicClassification>
                <taxonomicClassification>
                    <taxonRankName>Family</taxonRankName>
                    <taxonRankValue>Lythraceae</taxonRankValue>
                </taxonomicClassification>
                <taxonomicClassification>
                    <taxonRankName>Family</taxonRankName>
                    <taxonRankValue>Rutaceae</taxonRankValue>
                </taxonomicClassification>
                <taxonomicClassification>
                    <taxonRankName>Family</taxonRankName>
                    <taxonRankValue>Araceae</taxonRankValue>
                </taxonomicClassification>
                <taxonomicClassification>
                    <taxonRankName>Family</taxonRankName>
                    <taxonRankValue>Aristolochiaceae</taxonRankValue>
                </taxonomicClassification>
                <taxonomicClassification>
                    <taxonRankName>Family</taxonRankName>
                    <taxonRankValue>Zygophyllaceae</taxonRankValue>
                </taxonomicClassification>
                <taxonomicClassification>
                    <taxonRankName>Family</taxonRankName>
                    <taxonRankValue>Aceraceae</taxonRankValue>
                </taxonomicClassification>
                <taxonomicClassification>
                    <taxonRankName>Family</taxonRankName>
                    <taxonRankValue>Anacardiaceae</taxonRankValue>
                </taxonomicClassification>
                <taxonomicClassification>
                    <taxonRankName>Family</taxonRankName>
                    <taxonRankValue>Santalaceae</taxonRankValue>
                </taxonomicClassification>
                <taxonomicClassification>
                    <taxonRankName>Family</taxonRankName>
                    <taxonRankValue>Tamaricaceae</taxonRankValue>
                </taxonomicClassification>
                <taxonomicClassification>
                    <taxonRankName>Family</taxonRankName>
                    <taxonRankValue>Potamogetonaceae</taxonRankValue>
                </taxonomicClassification>
                <taxonomicClassification>
                    <taxonRankName>Family</taxonRankName>
                    <taxonRankValue>Verbenaceae</taxonRankValue>
                </taxonomicClassification>
                <taxonomicClassification>
                    <taxonRankName>Family</taxonRankName>
                    <taxonRankValue>Orobanchaceae</taxonRankValue>
                </taxonomicClassification>
                <taxonomicClassification>
                    <taxonRankName>Family</taxonRankName>
                    <taxonRankValue>Pinaceae</taxonRankValue>
                </taxonomicClassification>
                <taxonomicClassification>
                    <taxonRankName>Family</taxonRankName>
                    <taxonRankValue>Aizoaceae</taxonRankValue>
                </taxonomicClassification>
                <taxonomicClassification>
                    <taxonRankName>Family</taxonRankName>
                    <taxonRankValue>Asclepiadaceae</taxonRankValue>
                </taxonomicClassification>
                <taxonomicClassification>
                    <taxonRankName>Family</taxonRankName>
                    <taxonRankValue>Cucurbitaceae</taxonRankValue>
                </taxonomicClassification>
                <taxonomicClassification>
                    <taxonRankName>Family</taxonRankName>
                    <taxonRankValue>Frankeniaceae</taxonRankValue>
                </taxonomicClassification>
                <taxonomicClassification>
                    <taxonRankName>Family</taxonRankName>
                    <taxonRankValue>Paeoniaceae</taxonRankValue>
                </taxonomicClassification>
                <taxonomicClassification>
                    <taxonRankName>Family</taxonRankName>
                    <taxonRankValue>Ephedraceae</taxonRankValue>
                </taxonomicClassification>
                <taxonomicClassification>
                    <taxonRankName>Family</taxonRankName>
                    <taxonRankValue>Oxalidaceae</taxonRankValue>
                </taxonomicClassification>
                <taxonomicClassification>
                    <taxonRankName>Family</taxonRankName>
                    <taxonRankValue>Globulariaceae</taxonRankValue>
                </taxonomicClassification>
                <taxonomicClassification>
                    <taxonRankName>Family</taxonRankName>
                    <taxonRankValue>Ulmaceae</taxonRankValue>
                </taxonomicClassification>
                <taxonomicClassification>
                    <taxonRankName>Family</taxonRankName>
                    <taxonRankValue>Myrtaceae</taxonRankValue>
                </taxonomicClassification>
                <taxonomicClassification>
                    <taxonRankName>Family</taxonRankName>
                    <taxonRankValue>Apocynaceae</taxonRankValue>
                </taxonomicClassification>
                <taxonomicClassification>
                    <taxonRankName>Family</taxonRankName>
                    <taxonRankValue>Alismataceae</taxonRankValue>
                </taxonomicClassification>
                <taxonomicClassification>
                    <taxonRankName>Family</taxonRankName>
                    <taxonRankValue>Capparaceae</taxonRankValue>
                </taxonomicClassification>
                <taxonomicClassification>
                    <taxonRankName>Family</taxonRankName>
                    <taxonRankValue>Betulaceae</taxonRankValue>
                </taxonomicClassification>
                <taxonomicClassification>
                    <taxonRankName>Family</taxonRankName>
                    <taxonRankValue>Berberidaceae</taxonRankValue>
                </taxonomicClassification>
                <taxonomicClassification>
                    <taxonRankName>Family</taxonRankName>
                    <taxonRankValue>Loranthaceae</taxonRankValue>
                </taxonomicClassification>
                <taxonomicClassification>
                    <taxonRankName>Family</taxonRankName>
                    <taxonRankValue>Dioscoreaceae</taxonRankValue>
                </taxonomicClassification>
                <taxonomicClassification>
                    <taxonRankName>Family</taxonRankName>
                    <taxonRankValue>Moraceae</taxonRankValue>
                </taxonomicClassification>
                <taxonomicClassification>
                    <taxonRankName>Family</taxonRankName>
                    <taxonRankValue>Callitrichaceae</taxonRankValue>
                </taxonomicClassification>
                <taxonomicClassification>
                    <taxonRankName>Family</taxonRankName>
                    <taxonRankValue>Lauraceae</taxonRankValue>
                </taxonomicClassification>
                <taxonomicClassification>
                    <taxonRankName>Family</taxonRankName>
                    <taxonRankValue>Celastraceae</taxonRankValue>
                </taxonomicClassification>
                <taxonomicClassification>
                    <taxonRankName>Family</taxonRankName>
                    <taxonRankValue>Lentibulariaceae</taxonRankValue>
                </taxonomicClassification>
                <taxonomicClassification>
                    <taxonRankName>Family</taxonRankName>
                    <taxonRankValue>Cneoraceae</taxonRankValue>
                </taxonomicClassification>
                <taxonomicClassification>
                    <taxonRankName>Family</taxonRankName>
                    <taxonRankValue>Portulacaceae</taxonRankValue>
                </taxonomicClassification>
                <taxonomicClassification>
                    <taxonRankName>Family</taxonRankName>
                    <taxonRankValue>Araliaceae</taxonRankValue>
                </taxonomicClassification>
                <taxonomicClassification>
                    <taxonRankName>Family</taxonRankName>
                    <taxonRankValue>Buxaceae</taxonRankValue>
                </taxonomicClassification>
                <taxonomicClassification>
                    <taxonRankName>Family</taxonRankName>
                    <taxonRankValue>Zannichelliaceae</taxonRankValue>
                </taxonomicClassification>
                <taxonomicClassification>
                    <taxonRankName>Family</taxonRankName>
                    <taxonRankValue>Acanthaceae</taxonRankValue>
                </taxonomicClassification>
                <taxonomicClassification>
                    <taxonRankName>Family</taxonRankName>
                    <taxonRankValue>Coriariaceae</taxonRankValue>
                </taxonomicClassification>
                <taxonomicClassification>
                    <taxonRankName>Family</taxonRankName>
                    <taxonRankValue>Grossulariaceae</taxonRankValue>
                </taxonomicClassification>
                <taxonomicClassification>
                    <taxonRankName>Family</taxonRankName>
                    <taxonRankValue>Vitaceae</taxonRankValue>
                </taxonomicClassification>
                <taxonomicClassification>
                    <taxonRankName>Family</taxonRankName>
                    <taxonRankValue>Sparganiaceae</taxonRankValue>
                </taxonomicClassification>
                <taxonomicClassification>
                    <taxonRankName>Family</taxonRankName>
                    <taxonRankValue>Taxaceae</taxonRankValue>
                </taxonomicClassification>
                <taxonomicClassification>
                    <taxonRankName>Family</taxonRankName>
                    <taxonRankValue>Simaroubaceae</taxonRankValue>
                </taxonomicClassification>
                <taxonomicClassification>
                    <taxonRankName>Family</taxonRankName>
                    <taxonRankValue>Aquifoliaceae</taxonRankValue>
                </taxonomicClassification>
                <taxonomicClassification>
                    <taxonRankName>Family</taxonRankName>
                    <taxonRankValue>Lemnaceae</taxonRankValue>
                </taxonomicClassification>
                <taxonomicClassification>
                    <taxonRankName>Family</taxonRankName>
                    <taxonRankValue>Tiliaceae</taxonRankValue>
                </taxonomicClassification>
                <taxonomicClassification>
                    <taxonRankName>Family</taxonRankName>
                    <taxonRankValue>Juncaginaceae</taxonRankValue>
                </taxonomicClassification>
                <taxonomicClassification>
                    <taxonRankName>Family</taxonRankName>
                    <taxonRankValue>Punicaceae</taxonRankValue>
                </taxonomicClassification>
                <taxonomicClassification>
                    <taxonRankName>Family</taxonRankName>
                    <taxonRankValue>Ruppiaceae</taxonRankValue>
                </taxonomicClassification>
                <taxonomicClassification>
                    <taxonRankName>Family</taxonRankName>
                    <taxonRankValue>Cornaceae</taxonRankValue>
                </taxonomicClassification>
                <taxonomicClassification>
                    <taxonRankName>Family</taxonRankName>
                    <taxonRankValue>Elaeagnaceae</taxonRankValue>
                </taxonomicClassification>
                <taxonomicClassification>
                    <taxonRankName>Family</taxonRankName>
                    <taxonRankValue>Droseraceae</taxonRankValue>
                </taxonomicClassification>
                <taxonomicClassification>
                    <taxonRankName>Family</taxonRankName>
                    <taxonRankValue>Parnassiaceae</taxonRankValue>
                </taxonomicClassification>
                <taxonomicClassification>
                    <taxonRankName>Family</taxonRankName>
                    <taxonRankValue>Phytolaccaceae</taxonRankValue>
                </taxonomicClassification>
                <taxonomicClassification>
                    <taxonRankName>Family</taxonRankName>
                    <taxonRankValue>Rafflesiaceae</taxonRankValue>
                </taxonomicClassification>
                <taxonomicClassification>
                    <taxonRankName>Family</taxonRankName>
                    <taxonRankValue>Bignoniaceae</taxonRankValue>
                </taxonomicClassification>
                <taxonomicClassification>
                    <taxonRankName>Family</taxonRankName>
                    <taxonRankValue>Corylaceae</taxonRankValue>
                </taxonomicClassification>
                <taxonomicClassification>
                    <taxonRankName>Family</taxonRankName>
                    <taxonRankValue>Haloragaceae</taxonRankValue>
                </taxonomicClassification>
                <taxonomicClassification>
                    <taxonRankName>Family</taxonRankName>
                    <taxonRankValue>Typhaceae</taxonRankValue>
                </taxonomicClassification>
                <taxonomicClassification>
                    <taxonRankName>Family</taxonRankName>
                    <taxonRankValue>Ceratophyllaceae</taxonRankValue>
                </taxonomicClassification>
                <taxonomicClassification>
                    <taxonRankName>Family</taxonRankName>
                    <taxonRankValue>Myricaceae</taxonRankValue>
                </taxonomicClassification>
                <taxonomicClassification>
                    <taxonRankName>Family</taxonRankName>
                    <taxonRankValue>Molluginaceae</taxonRankValue>
                </taxonomicClassification>
                <taxonomicClassification>
                    <taxonRankName>Family</taxonRankName>
                    <taxonRankValue>Juglandaceae</taxonRankValue>
                </taxonomicClassification>
                <taxonomicClassification>
                    <taxonRankName>Family</taxonRankName>
                    <taxonRankValue>Palmae</taxonRankValue>
                </taxonomicClassification>
                <taxonomicClassification>
                    <taxonRankName>Family</taxonRankName>
                    <taxonRankValue>Pyrolaceae</taxonRankValue>
                </taxonomicClassification>
                <taxonomicClassification>
                    <taxonRankName>Family</taxonRankName>
                    <taxonRankValue>Hippocastanaceae</taxonRankValue>
                </taxonomicClassification>
                <taxonomicClassification>
                    <taxonRankName>Family</taxonRankName>
                    <taxonRankValue>Cannabaceae</taxonRankValue>
                </taxonomicClassification>
                <taxonomicClassification>
                    <taxonRankName>Family</taxonRankName>
                    <taxonRankValue>Hydrangeaceae</taxonRankValue>
                </taxonomicClassification>
                <taxonomicClassification>
                    <taxonRankName>Family</taxonRankName>
                    <taxonRankValue>Tropaeolaceae</taxonRankValue>
                </taxonomicClassification>
                <taxonomicClassification>
                    <taxonRankName>Family</taxonRankName>
                    <taxonRankValue>Taxodiaceae</taxonRankValue>
                </taxonomicClassification>
                <taxonomicClassification>
                    <taxonRankName>Family</taxonRankName>
                    <taxonRankValue>Empetraceae</taxonRankValue>
                </taxonomicClassification>
                <taxonomicClassification>
                    <taxonRankName>Family</taxonRankName>
                    <taxonRankValue>Meliaceae</taxonRankValue>
                </taxonomicClassification>
                <taxonomicClassification>
                    <taxonRankName>Family</taxonRankName>
                    <taxonRankValue>Myoporaceae</taxonRankValue>
                </taxonomicClassification>
                <taxonomicClassification>
                    <taxonRankName>Family</taxonRankName>
                    <taxonRankValue>Sterculiaceae</taxonRankValue>
                </taxonomicClassification>
                <taxonomicClassification>
                    <taxonRankName>Family</taxonRankName>
                    <taxonRankValue>Agavaceae</taxonRankValue>
                </taxonomicClassification>
                <taxonomicClassification>
                    <taxonRankName>Family</taxonRankName>
                    <taxonRankValue>Balanophoraceae</taxonRankValue>
                </taxonomicClassification>
                <taxonomicClassification>
                    <taxonRankName>Family</taxonRankName>
                    <taxonRankValue>Theligonaceae</taxonRankValue>
                </taxonomicClassification>
                <taxonomicClassification>
                    <taxonRankName>Family</taxonRankName>
                    <taxonRankValue>Sapindaceae</taxonRankValue>
                </taxonomicClassification>
                <taxonomicClassification>
                    <taxonRankName>Family</taxonRankName>
                    <taxonRankValue>Zosteraceae</taxonRankValue>
                </taxonomicClassification>
                <taxonomicClassification>
                    <taxonRankName>Family</taxonRankName>
                    <taxonRankValue>Platanaceae</taxonRankValue>
                </taxonomicClassification>
                <taxonomicClassification>
                    <taxonRankName>Family</taxonRankName>
                    <taxonRankValue>Casuarinaceae</taxonRankValue>
                </taxonomicClassification>
                <taxonomicClassification>
                    <taxonRankName>Family</taxonRankName>
                    <taxonRankValue>Pittosporaceae</taxonRankValue>
                </taxonomicClassification>
                <taxonomicClassification>
                    <taxonRankName>Family</taxonRankName>
                    <taxonRankValue>Nyctaginaceae</taxonRankValue>
                </taxonomicClassification>
                <taxonomicClassification>
                    <taxonRankName>Family</taxonRankName>
                    <taxonRankValue>Magnoliaceae</taxonRankValue>
                </taxonomicClassification>
                <taxonomicClassification>
                    <taxonRankName>Family</taxonRankName>
                    <taxonRankValue>Najadaceae</taxonRankValue>
                </taxonomicClassification>
                <taxonomicClassification>
                    <taxonRankName>Family</taxonRankName>
                    <taxonRankValue>Posidoniaceae</taxonRankValue>
                </taxonomicClassification>
                <taxonomicClassification>
                    <taxonRankName>Family</taxonRankName>
                    <taxonRankValue>Calycanthaceae</taxonRankValue>
                </taxonomicClassification>
                <taxonomicClassification>
                    <taxonRankName>Family</taxonRankName>
                    <taxonRankValue>Elatinaceae</taxonRankValue>
                </taxonomicClassification>
                <taxonomicClassification>
                    <taxonRankName>Family</taxonRankName>
                    <taxonRankValue>Bassellaceae</taxonRankValue>
                </taxonomicClassification>
                <taxonomicClassification>
                    <taxonRankName>Family</taxonRankName>
                    <taxonRankValue>Hydrophyllaceae</taxonRankValue>
                </taxonomicClassification>
                <taxonomicClassification>
                    <taxonRankName>Family</taxonRankName>
                    <taxonRankValue>Polemoniaceae</taxonRankValue>
                </taxonomicClassification>
                <taxonomicClassification>
                    <taxonRankName>Family</taxonRankName>
                    <taxonRankValue>Balsaminaceae</taxonRankValue>
                </taxonomicClassification>
                <taxonomicClassification>
                    <taxonRankName>Family</taxonRankName>
                    <taxonRankValue>Cactaceae</taxonRankValue>
                </taxonomicClassification>
                <taxonomicClassification>
                    <taxonRankName>Family</taxonRankName>
                    <taxonRankValue>Theaceae</taxonRankValue>
                </taxonomicClassification>
                <taxonomicClassification>
                    <taxonRankName>Family</taxonRankName>
                    <taxonRankValue>Proteaceae</taxonRankValue>
                </taxonomicClassification>
                <taxonomicClassification>
                    <taxonRankName>Family</taxonRankName>
                    <taxonRankValue>Pontederiaceae</taxonRankValue>
                </taxonomicClassification>
                <taxonomicClassification>
                    <taxonRankName>Family</taxonRankName>
                    <taxonRankValue>Ginkgoaceae</taxonRankValue>
                </taxonomicClassification>
                <taxonomicClassification>
                    <taxonRankName>Family</taxonRankName>
                    <taxonRankValue>Passifloraceae</taxonRankValue>
                </taxonomicClassification>
                <taxonomicClassification>
                    <taxonRankName>Family</taxonRankName>
                    <taxonRankValue>Menyanthaceae</taxonRankValue>
                </taxonomicClassification>
                <taxonomicClassification>
                    <taxonRankName>Family</taxonRankName>
                    <taxonRankValue>Hydrocharitaceae</taxonRankValue>
                </taxonomicClassification>
                <taxonomicClassification>
                    <taxonRankName>Family</taxonRankName>
                    <taxonRankValue>Ebenaceae</taxonRankValue>
                </taxonomicClassification>
                <taxonomicClassification>
                    <taxonRankName>Family</taxonRankName>
                    <taxonRankValue>Martyniaceae</taxonRankValue>
                </taxonomicClassification>
                <taxonomicClassification>
                    <taxonRankName>Family</taxonRankName>
                    <taxonRankValue>Hippuridaceae</taxonRankValue>
                </taxonomicClassification>
                <taxonomicClassification>
                    <taxonRankName>Family</taxonRankName>
                    <taxonRankValue>Escalloniaceae</taxonRankValue>
                </taxonomicClassification>
                <taxonomicClassification>
                    <taxonRankName>Family</taxonRankName>
                    <taxonRankValue>Butomaceae</taxonRankValue>
                </taxonomicClassification>
                <taxonomicClassification>
                    <taxonRankName>Family</taxonRankName>
                    <taxonRankValue>Nymphaeaceae</taxonRankValue>
                </taxonomicClassification>
                <taxonomicClassification>
                    <taxonRankName>Family</taxonRankName>
                    <taxonRankValue>Cycadaceae</taxonRankValue>
                </taxonomicClassification>
                <taxonomicClassification>
                    <taxonRankName>Family</taxonRankName>
                    <taxonRankValue>Cannaceae</taxonRankValue>
                </taxonomicClassification>
                <taxonomicClassification>
                    <taxonRankName>Family</taxonRankName>
                    <taxonRankValue>Adoxaceae</taxonRankValue>
                </taxonomicClassification>
                <taxonomicClassification>
                    <taxonRankName>Family</taxonRankName>
                    <taxonRankValue>Buddlejaceae</taxonRankValue>
                </taxonomicClassification>
                <taxonomicClassification>
                    <taxonRankName>Family</taxonRankName>
                    <taxonRankValue>Annonaceae</taxonRankValue>
                </taxonomicClassification>
                <taxonomicClassification>
                    <taxonRankName>Family</taxonRankName>
                    <taxonRankValue>Cephalotaxaceae</taxonRankValue>
                </taxonomicClassification>
                <taxonomicClassification>
                    <taxonRankName>Family</taxonRankName>
                    <taxonRankValue>Loganiaceae</taxonRankValue>
                </taxonomicClassification>
                <taxonomicClassification>
                    <taxonRankName>Family</taxonRankName>
                    <taxonRankValue>Utriculariaceae</taxonRankValue>
                </taxonomicClassification>
                <taxonomicClassification>
                    <taxonRankName>Family</taxonRankName>
                    <taxonRankValue>Eriocaulaceae</taxonRankValue>
                </taxonomicClassification>
                <taxonomicClassification>
                    <taxonRankName>Family</taxonRankName>
                    <taxonRankValue>Bromeliaceae</taxonRankValue>
                </taxonomicClassification>
                <taxonomicClassification>
                    <taxonRankName>Family</taxonRankName>
                    <taxonRankValue>Myrsinaceae</taxonRankValue>
                </taxonomicClassification>
                <taxonomicClassification>
                    <taxonRankName>Family</taxonRankName>
                    <taxonRankValue>Rhizophoraceae</taxonRankValue>
                </taxonomicClassification>
                <taxonomicClassification>
                    <taxonRankName>Family</taxonRankName>
                    <taxonRankValue>Hammamelidaceae</taxonRankValue>
                </taxonomicClassification>
                <taxonomicClassification>
                    <taxonRankName>Family</taxonRankName>
                    <taxonRankValue>Aponogetonaceae</taxonRankValue>
                </taxonomicClassification>
                <taxonomicClassification>
                    <taxonRankName>Family</taxonRankName>
                    <taxonRankValue>Styracaceae</taxonRankValue>
                </taxonomicClassification>
                <taxonomicClassification>
                    <taxonRankName>Family</taxonRankName>
                    <taxonRankValue>Gesneriaceae</taxonRankValue>
                </taxonomicClassification>
                <taxonomicClassification>
                    <taxonRankName>Family</taxonRankName>
                    <taxonRankValue>Staphyleaceae</taxonRankValue>
                </taxonomicClassification>
                <taxonomicClassification>
                    <taxonRankName>Family</taxonRankName>
                    <taxonRankValue>Saururaceae</taxonRankValue>
                </taxonomicClassification>
                <taxonomicClassification>
                    <taxonRankName>Family</taxonRankName>
                    <taxonRankValue>Menispermaceae</taxonRankValue>
                </taxonomicClassification>
                <taxonomicClassification>
                    <taxonRankName>Family</taxonRankName>
                    <taxonRankValue>Commelinaceae</taxonRankValue>
                </taxonomicClassification>
                <taxonomicClassification>
                    <taxonRankName>Family</taxonRankName>
                    <taxonRankValue>Monimiaceae</taxonRankValue>
                </taxonomicClassification>
                <taxonomicClassification>
                    <taxonRankName>Family</taxonRankName>
                    <taxonRankValue>Clethaceae</taxonRankValue>
                </taxonomicClassification>
                <taxonomicClassification>
                    <taxonRankName>Family</taxonRankName>
                    <taxonRankValue>Diapensiaceae</taxonRankValue>
                </taxonomicClassification>
                <taxonomicClassification>
                    <taxonRankName>Family</taxonRankName>
                    <taxonRankValue>Nolanaceae</taxonRankValue>
                </taxonomicClassification>
                <taxonomicClassification>
                    <taxonRankName>Family</taxonRankName>
                    <taxonRankValue>Nymphaceae</taxonRankValue>
                </taxonomicClassification>
                <taxonomicClassification>
                    <taxonRankName>Family</taxonRankName>
                    <taxonRankValue>Cunoniaceae</taxonRankValue>
                </taxonomicClassification>
                <taxonomicClassification>
                    <taxonRankName>Family</taxonRankName>
                    <taxonRankValue>Flacourtiaceae</taxonRankValue>
                </taxonomicClassification>
            </taxonomicCoverage>
        </coverage>
        <purpose><para>El principal objetivo de este recurso es dar a conocer y hacer accesible los datos de las colecciones de espermatofitas depositadas en el Herbario de la Universidad de Granada.</para></purpose>
        <maintenance>
            <description>
                <para>Su mantenimiento estará marcado por el ritmo de crecimiento de nuevos registros, ya sea por la incorporación de nuevos ejemplares, la revisión taxonómica de los ejemplares que la componen, la toma de imágenes o incorporación de nueva información que estableciesen la necesidad de actualizar el recurso.</para>
            </description>
            <maintenanceUpdateFrequency>asNeeded</maintenanceUpdateFrequency>
        </maintenance>
        <contact>
            <individualName>
                <givenName>Carmen</givenName>
                <surName>Quesada Ochoa</surName>
            </individualName>
            <organizationName>Herbario Universidad de Granada</organizationName>
            <positionName>Conservadora</positionName>
            <address>
                <deliveryPoint>C/ Rector López Argüeta, nº 8</deliveryPoint>
                <city>Granada</city>
                <administrativeArea>Granada</administrativeArea>
                <postalCode>18071</postalCode>
                <country>SPAIN</country>
            </address>
            <phone>+34 958241551</phone>
            <electronicMailAddress>cquesada@ugr.es</electronicMailAddress>
            <onlineUrl>http://herbarium.ugr.es</onlineUrl>
            <userId directory="http://orcid.org/">0000-0001-6752-7796</userId>
        </contact>
        <methods>
            <methodStep>
                <description>
                    <para>El Herbario de la Universidad de Granada acoge las colecciones procedentes del departamento de Botánica, de las Facultades de Ciencias y Farmacia de esta universidad, inicialmente surgieron como colecciones separadas con los acrónimos, validados por el Index Herbariorum, de GDAC y GDA, respectivamente. A partir de 2000 se produce la unificación de ambas colecciones en un único herbario que mantiene el acrónimo más antiguo (GDA) y que es la colección que sigue creciendo. La colección GDAC está cerrada pero mantiene su individualidad por lo que su consulta en el portal de datos de GBIF aparece en una URL (https://ipt.gbif.es/manage/metadata-methods.do?r=gdac-fanero) diferente a la de esta colección.</para>
                </description>
            </methodStep>
            <methodStep>
                <description>
                    <para>Informatización de la información de los ejemplares: ésta  se inició en el año 1995 y desde entonces se ha desarrollado con diferentes software. Se inició con HERBARIO (Pando), luego pasó a ser digitalizada con SICIMA (Fajardo &amp; Pérez, 2002), más tarde con HERBAR (Pando et al. 1994-2010) y finalmente fue migrada a ELYSIA (Pando et al. 2019).</para>
                </description>
            </methodStep>
            <methodStep>
                <description>
                    <para>Limpieza de la base de datos en ELYSIA: comprobación y limpieza de los nombres científicos utilizando los repositorios Flora iberica, Species 2000 &amp; ITIS Catalogue of Life, así como de localidades, fechas, etc. Revisión y limpieza de los formatos de los distintos tipos de  coordenadas para asegurar una correcta migración y conversión a coordenadas decimales. Revisión y adecuación del campo Camisa (que hace referencia a si el ejemplar está guardado bajo este nombre o no) para configurar la migración del juego de datos al formato DarwinCore.</para>
                </description>
            </methodStep>
            <methodStep>
                <description>
                    <para>Migración del conjunto de datos al formato DarwinCore: desde el formulario de Exportaciones de Elysia se configuró el archivo .mdb para su exportación al formato DarwinCore y se completó agregando algunos campos requeridos no existentes en la base de datos. Posteriormente, se validó con la herramienta Darwin Test (Ortega-Maqueda y Pando 2008) y se generó el Archivo Darwin Core.</para>
                </description>
            </methodStep>
            <methodStep>
                <description>
                    <para>Publicación del juego de datos en el Integrated Publishing Toolkit (IPT) de GBIF.es. Se incorporó el archivo generado en formato DarwinCore al IPT y se incorporaron directamente en esta herramienta los metadatos que describen el juego de datos.</para>
                </description>
            </methodStep>
            <sampling>
                <studyExtent>
                    <description>
                        <para>La mayoría de los ejemplares de esta colección proceden de las recolecciones llevadas a cabo en Andalucía oriental, principalmente en las provincias de Granada y Almería y en menor medida en Jaén y Málaga, completándose con el resto de Andalucía. También componen dicha colección otras recolecciones del resto de España, Portugal y norte de Marruecos. 
Procedentes de cesiones, intercambios de material con otras instituciones o investigadores o la adquisición de exsiccatas, se tiene representación de algunos países europeos, y del Mediterráneo que amplían la cobertura natural de la colección.</para>
                    </description>
                </studyExtent>
                <samplingDescription>
                    <para>Los ejemplares que componen esta colección proceden, en su gran mayoría, de las recolecciones que tradicionalmente han realizado los investigadores del departamento de Botánica de la Universidad de Granada, empleando técnicas de muestreo adecuadas al grupo, punto de muestreo y a los objetivos perseguidos con la colecta, aunque sí son coincidentes en los métodos empleados para la recolección y secado de ejemplares de plantas vasculares y su posterior tratamiento curatorial. 

Desde principios de este siglo, también se han incorporado materiales procedentes de las campañas de herborización realizadas por el personal del herbario y por los componentes del grupo de investigación en su compromiso de ampliación y mejora de los fondos, de su representación taxonómica y geográfica. Sin embargo, no hay que olvidar que durante la primera mitad del siglo XX se produjo una importante incorporación de exsiccatas y de materiales de intercambios con otras instituciones o investigadores. De igual forma, cabe destacar que una pequeña muestra de sus fondos procede de la cesión del Herbario de la Sociedad Malagueña de Ciencias (H.S.M.S.) a la cátedra de Botánica de la Facultad de Farmacia donde quedó depositada para su estudio por L. Bellón y Laza Palacios, y más tarde fue incluida en la sección GDA. Entre éstos destaca una pequeña colección de Simón de Rojas Clemente y Rubio y otros botánicos del siglo XIX que se corresponden con los ejemplares más antiguos del Herbario GDA.</para>
                </samplingDescription>
            </sampling>
            <qualityControl>
                <description>
                    <para>La calidad de los datos taxonómicos tradicionalmente se ha visto reforzada por las revisiones de los investigadores del departamento de Botánica y, entre finales del siglo XX y la actualidad, por las revisiones realizadas por investigadores de diversas instituciones como base de estudios para la publicación de floras nacionales y regionales tales como «Flora iberica» (Castroviejo S., coord. gen., 1986-2021), recientemente concluida, y «Flora vascular de Andalucía oriental» (Blanca G. et al. eds., 2009).

Para asegurar la calidad de los datos incorporados en el juego de datos se ha llevado a cabo la limpieza previa de las bases de datos, haciendo especial hincapié en la revisión de nombres y autores de los táxones, de localidades y fechas. Se han eliminado los errores tipográficos y de formato que, durante los procesos de informatización y de migración entre los distintos software empleados, se hayan podido producir.

En los últimos años, también se ha realizado la revisión de todas las colecciones del herbario con motivo de la detección y publicación de sus tipos nomenclaturales (Vizoso Paz 2019). En este sentido, se han detectado 571 tipos nomenclaturales, publicados en GBIF (https://doi.org/10.15470/k97bjm), de los cuales se actualizaron los datos referentes a las categorías de tipos y lugar de publicación.</para>
                </description>
            </qualityControl>
        </methods>

    </dataset>

    <additionalMetadata>
        <metadata>
            <gbif>
                <dateStamp>2025-01-07T08:59:30Z</dateStamp>
                <citation>Vizoso Paz M T (2022). Herbario de la Universidad de Granada: Colección GDA-Fanerogamia. Version 1.8. Herbario de la Universidad de Granada. Occurrence dataset https://doi.org/10.15468/pyzji3 accessed via GBIF.org on 2025-01-07.</citation>
                <bibliography>
                <citation>Blanca G., Cabezudo B., Cueto M., Morales Torres C. &amp; C. Salazar (2011). Claves de la flora vascular de Andalucía oriental. Editorial Universidad de Granada.</citation>
                <citation>Blanca G., Cabezudo B., Cueto M., Fernández López C. &amp; Morales Torres C. (2009, eds.). Flora Vascular de Andalucía Oriental, 4 vols. Consejería de Medio Ambiente, Junta de Andalucía, Sevilla. ISBN: 978–84–92807–12–3.</citation>
                <citation>Baena, L., Morales, C., Quesada, C. &amp; M.T. Vizoso (2008). Nueva colección en el Herbario de la Universidad de Granada - GDA. Colección de orquídeas de Costa de Marfil - Dr. F. Pérez-Vera. Boletín de la asociación de Herbarios Iberomacaronésicos (A.H.I.M.).</citation>
                <citation>Baena Cobos, L. (2003). Tratamiento de las bases de datos del Herbario de la Universidad de Granada (GDA) como fuente para estudios de biodiversidad: ensayo en determinadas Angiospermas Dicotiledóneas de la provincia de Granada (Caryophyllaceae, Cistaceae, Cruciferae, Chenopodiaceae, Ericaceae, Leguminosae, Papaveraceae y Ranunculaceae). Tesis Doctoral, Dpto. Biología Vegetal, Facultad de Ciencias, Universidad de Granada, 199 + CDIV pp.</citation>
                <citation identifier="http://www.floraiberica.org/">Castroviejo S. (coord. gen. ). (1986-2021). Flora iberica. (Real Jardín Botánico, CSIC ed.). Madrid.</citation>
                <citation identifier="https://www.catalogueoflife.org/">Catalogue of Life et al. (2021). Species 2000 &amp; ITIS Catalogue of Life, 2021-04-05. Digital resource at www.catalogueoflife.org. Species 2000: Naturalis, Leiden, the Netherlands. ISSN 2405-8858.</citation>
                <citation identifier="http://www.gbif.es/herbar/herbar.php">Pando F. et al. (1994–2010) HERBAR (3.5): A database application for herbarium management. Coordination Unit of GBIF.ES, CSIC. Ministry of Science and Innovation, Madrid, Spain.</citation>
                <citation identifier="https://www.gbif.es/software/elysia/">Pando F., Lujano M., Cezón K. (2019) Elysia (2.0): una aplicación para la gestión completa de colecciones biológicas. GBIF.ES. Real Jardín Botánico (CSIC). Ministerio de Ciencia, Innovación y Universidades.</citation>
                <citation identifier="http://sweetgum.nybg.org/ih/">Thiers B. (continuously updated). Index herbariorum: A global directory of public herbaria and associated staff.</citation>
                <citation identifier="http://hdl.handle.net/10481/55457">Vizoso Paz, MT (2018) Catalogación, análisis y validación de los tipos nomenclaturales del Herbario de la Universidad de Granada. Granada: Tesis Doctoral Universidad de Granada.</citation>
                <citation identifier="https://doi.org/10.15470/k97bjm https://doi.org/10.15470/k97bjm">Vizoso Paz M T (2021): Catalogue of type specimens of vascular plants deposited in the Herbarium of the University of Granada (Spain). v1.5. Herbario de la Universidad de Granada. Dataset/Occurrence.</citation>
                <citation>Vizoso, M.T., Baena, L. &amp; Navarro, F.B. (2002) . Nuevas citas de monocotiledóneas para la provincia de Granada (Sur de España). Acta Botánica Malacitana. 27. 326 - 328.</citation>
                <citation identifier="https://ipt.gbif.es/resource?r=gdac-fanero&amp;amp;v=1.0">Vizoso Paz M T &amp; Quesada Ochoa C (2022): Herbario de la Universidad de Granada: Colección GDAC-Fanerogamia. v1.0. Herbario de la Universidad de Granada. Dataset/Occurrence.</citation>
                </bibliography>
                <physical>
                    <objectName>GBIF</objectName>
                    <characterEncoding>iso-8859-1</characterEncoding>
                    <dataFormat>
                        <externallyDefinedFormat>
                            <formatName>Access</formatName>
                            <formatVersion>1.0</formatVersion>
                        </externallyDefinedFormat>
                    </dataFormat>
                    <distribution>
                        <online>
                            <url function="download">http://data.gbif.org/datasets/resource/1741/</url>
                        </online>
                    </distribution>
                </physical>
                <resourceLogoUrl>https://www.ugr.es/sites/default/files/ugr-marca-horizontal-color%403x.png</resourceLogoUrl>
                <collection>
                    <parentCollectionIdentifier>NA</parentCollectionIdentifier>
                    <collectionIdentifier>6a7575fa-ae03-4ba3-b322-2da15b5033e2</collectionIdentifier>
                    <collectionName>Herbario de la Universidad de Granada: Colección GDA-Fanerogamia</collectionName>
                </collection>
                <formationPeriod>1900-presente</formationPeriod>
                <specimenPreservationMethod>DRIED_AND_PRESSED</specimenPreservationMethod>
                <jgtiCuratorialUnit>
                    <jgtiUnitType>registros</jgtiUnitType>
                    <jgtiUnits>61,364</jgtiUnits>
                </jgtiCuratorialUnit>
                <jgtiCuratorialUnit>
                    <jgtiUnitType>pliegos</jgtiUnitType>
                    <jgtiUnits>60,904</jgtiUnits>
                </jgtiCuratorialUnit>
                <jgtiCuratorialUnit>
                    <jgtiUnitType>especies</jgtiUnitType>
                    <jgtiUnits uncertaintyMeasure="25">4,900</jgtiUnits>
                </jgtiCuratorialUnit>
                <jgtiCuratorialUnit>
                    <jgtiUnitType>subespecies</jgtiUnitType>
                    <jgtiUnits>1,942</jgtiUnits>
                </jgtiCuratorialUnit>
                <jgtiCuratorialUnit>
                    <jgtiUnitType>variedades</jgtiUnitType>
                    <jgtiUnits uncertaintyMeasure="6">1,215</jgtiUnits>
                </jgtiCuratorialUnit>
                <jgtiCuratorialUnit>
                    <jgtiUnitType>formas</jgtiUnitType>
                    <jgtiUnits>230</jgtiUnits>
                </jgtiCuratorialUnit>
            </gbif>
        </metadata>
    </additionalMetadata>
    </eml:eml>
