<?xml version="1.0" encoding="utf-8"?>
<eml:eml xmlns:eml="https://eml.ecoinformatics.org/eml-2.2.0" xmlns:xsi="http://www.w3.org/2001/XMLSchema-instance"
         xsi:schemaLocation="https://eml.ecoinformatics.org/eml-2.2.0 https://rs.gbif.org/schema/eml-gbif-profile/1.3/eml.xsd"
packageId="700f193f-0178-42ba-b178-3932503add0a"  system="http://gbif.org" scope="system"
xml:lang="en">
    <dataset>
        <alternateIdentifier>10.15470/bftzuw</alternateIdentifier>
        <alternateIdentifier>700f193f-0178-42ba-b178-3932503add0a</alternateIdentifier>
        <alternateIdentifier>https://ipt.gbif.es/resource?r=fv_mallorca</alternateIdentifier>
        <alternateIdentifier>10.15470/ylygpp</alternateIdentifier>
        <title>Flora vascular de Mallorca, Illes Balears</title>
        <creator>
            <individualName>
                <givenName>Llorenç</givenName>
                <surName>Gil Vives</surName>
            </individualName>
            <organizationName>Universitat de les Illes Balears</organizationName>
            <positionName>Investigador responsable del proyecto</positionName>
            <address>
                <deliveryPoint>Ctra. de Valldemossa, km 7.5</deliveryPoint>
                <city>Palma</city>
                <administrativeArea>Illes Balears</administrativeArea>
                <postalCode>07122</postalCode>
                <country>SPAIN</country>
            </address>
            <electronicMailAddress>lorenzo.gil@uib.es</electronicMailAddress>
            <userId directory="https://orcid.org/">0000-0003-1973-6897</userId>
        </creator>
        <creator>
            <individualName>
                <givenName>Carles Victorí</givenName>
                <surName>Cardona Ametller</surName>
            </individualName>
            <organizationName>Universitat de les Illes Balears</organizationName>
            <positionName>Investigador responsable del proyecto</positionName>
            <address>
                <deliveryPoint>Ctra. de Valldemossa, km 7.5</deliveryPoint>
                <city>Palma</city>
                <administrativeArea>Illes Balears</administrativeArea>
                <postalCode>07122</postalCode>
                <country>SPAIN</country>
            </address>
            <electronicMailAddress>carles.cardona@uib.eu</electronicMailAddress>
            <userId directory="https://orcid.org/">0000-0002-2799-4960</userId>
        </creator>
        <creator>
            <individualName>
                <givenName>Arnau</givenName>
                <surName>Ribas-Serra</surName>
            </individualName>
            <organizationName>Universitat de les Illes Balears</organizationName>
            <positionName>Estudiante de doctorado</positionName>
            <address>
                <deliveryPoint>Ctra. de Valldemossa, km 7.5</deliveryPoint>
                <city>Palma</city>
                <administrativeArea>Illes Balears</administrativeArea>
                <postalCode>07122</postalCode>
            </address>
            <electronicMailAddress>arnau.ribas@uib.cat</electronicMailAddress>
        </creator>
        <metadataProvider>
            <individualName>
                <givenName>Llorenç</givenName>
                <surName>Gil Vives</surName>
            </individualName>
            <organizationName>Universitat de les Illes Balears</organizationName>
            <positionName>Investigador responsable del proyecto</positionName>
            <address>
                <deliveryPoint>Ctra. de Valldemossa, km 7.5</deliveryPoint>
                <city>Palma</city>
                <administrativeArea>Illes Balears</administrativeArea>
                <postalCode>07122</postalCode>
                <country>SPAIN</country>
            </address>
            <userId directory="https://orcid.org/">0000-0003-1973-6897</userId>
        </metadataProvider>
        <associatedParty>
            <individualName>
                <givenName>Llorenç</givenName>
                <surName>Gil Vives</surName>
            </individualName>
            <organizationName>Universitat de les Illes Balears</organizationName>
            <positionName>Investigador responsable del proyecto</positionName>
            <address>
                <deliveryPoint>Cra. de Valldemossa, km 7.5</deliveryPoint>
                <city>Palma</city>
                <administrativeArea>Illes Balears</administrativeArea>
                <postalCode>07122</postalCode>
                <country>SPAIN</country>
            </address>
            <electronicMailAddress>lorenzo.gil@uib.es</electronicMailAddress>
            <userId directory="http://orcid.org/">0000-0003-1973-6897</userId>
            <role>CONTENT_PROVIDER</role>
        </associatedParty>
        <pubDate>
                2024-12-20
        </pubDate>
        <language>ENGLISH</language>
        <abstract>
            <para>Los datos incluidos en este recurso corresponden a las observaciones recogidas en trabajos de campo llevados a cabo en el marco de estudios para el conocimiento de la flora vascular de la isla de Mallorca y su corología.</para>
        </abstract>
        <keywordSet>
            <keyword>Occurrence</keyword>
            <keywordThesaurus>GBIF Dataset Type Vocabulary: http://rs.gbif.org/vocabulary/gbif/dataset_type_2015-07-10.xml</keywordThesaurus>
        </keywordSet>
        <keywordSet>
            <keyword>Observation</keyword>
            <keywordThesaurus>GBIF Dataset Subtype Vocabulary: http://rs.gbif.org/vocabulary/gbif/dataset_subtype.xml</keywordThesaurus>
        </keywordSet>
        <keywordSet>
            <keyword>Tracheophyta</keyword>
            <keyword>Mallorca</keyword>
            <keywordThesaurus>n/a</keywordThesaurus>
        </keywordSet>
        <intellectualRights>
            <para>This work is licensed under a <ulink url="http://creativecommons.org/licenses/by/4.0/legalcode"><citetitle>Creative Commons Attribution (CC-BY) 4.0 License</citetitle></ulink>.</para>
        </intellectualRights>
        <licensed>
            <licenseName>Creative Commons Attribution 4.0 International</licenseName>
            <url>https://spdx.org/licenses/CC-BY-4.0.html</url>
            <identifier>CC-BY-4.0</identifier>
        </licensed>
        <distribution scope="document">
            <online>
                <url function="download">https://ipt.gbif.es/archive.do?r=fv_mallorca</url>
            </online>
        </distribution>
        <coverage>
            <geographicCoverage>
                <geographicDescription>Mallorca</geographicDescription>
                <boundingCoordinates>
                    <westBoundingCoordinate>2.302</westBoundingCoordinate>
                    <eastBoundingCoordinate>3.538</eastBoundingCoordinate>
                    <northBoundingCoordinate>40.032</northBoundingCoordinate>
                    <southBoundingCoordinate>39.237</southBoundingCoordinate>
                </boundingCoordinates>
            </geographicCoverage>
            <temporalCoverage>
                <rangeOfDates>
                    <beginDate>
                        <calendarDate>                2000-01-01
</calendarDate>
                    </beginDate>
                    <endDate>
                        <calendarDate>                2022-04-22
</calendarDate>
                    </endDate>
                </rangeOfDates>
            </temporalCoverage>
            <taxonomicCoverage>
                <generalTaxonomicCoverage>Flora vascular</generalTaxonomicCoverage>
                <taxonomicClassification>
                    <taxonRankValue>Tracheophyta</taxonRankValue>
                </taxonomicClassification>
            </taxonomicCoverage>
        </coverage>
        <maintenance>
            <description>
                <para></para>
            </description>
            <maintenanceUpdateFrequency>asNeeded</maintenanceUpdateFrequency>
        </maintenance>
        <contact>
            <individualName>
                <givenName>Llorenç</givenName>
                <surName>Gil Vives</surName>
            </individualName>
            <organizationName>Universitat de les Illes Balears</organizationName>
            <positionName>Investigador responsable del proyecto</positionName>
            <address>
                <deliveryPoint>Ctra. de Valldemossa, km 7.5</deliveryPoint>
                <city>Palma</city>
                <administrativeArea>Illes Balears</administrativeArea>
                <postalCode>07122</postalCode>
                <country>SPAIN</country>
            </address>
            <userId directory="https://orcid.org/">0000-0003-1973-6897</userId>
        </contact>
        <methods>
            <methodStep>
                <description>
                    <para>Se incluyen datos desde el año 2000. Los trabajos de digitalización y adaptación al estándar requerido para su publicación se han iniciado en el año 2022, de manera que el recurso se irá actualizando a medida que se avance en ellos.</para>
                </description>
            </methodStep>
            <sampling>
                <studyExtent>
                    <description>
                        <para>Las áreas estudiadas se dividen según la delimitación UTM (Universal Transverse Mercator), de manera que el trabajo de campo se realiza fundamentalmente en cuadrículas de 1x1 km, aunque en algunos casos puede haber una mayor aproximación.</para>
                    </description>
                </studyExtent>
                <samplingDescription>
                    <para>No se incluyen las especies cultivadas, pero si aquellas que se encuentran naturalizadas fuera de las áreas de cultivo, condición que se indica en el recurso.</para>
                </samplingDescription>
            </sampling>
        </methods>

            <project id="FV-MALLORCA">
                <title>Flora vascular de Mallorca</title>
                <personnel>
                    <individualName>
                    <givenName>Llorenç</givenName>
                    <surName>Gil Vives</surName>
                    </individualName>
            <userId directory="http://orcid.org/">0000-0003-1973-6897</userId>
                    <role>CONTENT_PROVIDER</role>
                </personnel>
                <personnel>
                    <individualName>
                    <givenName>Carles Victorí</givenName>
                    <surName>Cardona Ametller</surName>
                    </individualName>
            <userId directory="http://orcid.org/">0000-0002-2799-4960</userId>
                    <role>CONTENT_PROVIDER</role>
                </personnel>
                <abstract>
                    <para>Los datos incluidos en este recurso corresponden a las observaciones recogidas en trabajos de campo llevados a cabo en el marco de estudios para el conocimiento de la flora vascular de la isla de Mallorca y su corología.</para>
                </abstract>
                <funding>
                    <para></para>
                </funding>
            </project>
    </dataset>

    <additionalMetadata>
        <metadata>
            <gbif>
                <dateStamp>2025-01-07T08:59:38Z</dateStamp>
                <citation identifier="https://doi.org/10.15470/bftzuw">Gil Vives L, Cardona Ametller C V, Ribas-Serra A (2024). Flora vascular de Mallorca, Illes Balears. Version 1.5. Universitat de les Illes Balears. Occurrence dataset https://doi.org/10.15470/bftzuw accessed via GBIF.org on 2025-01-07.</citation>
                <resourceLogoUrl>https://ipt.gbif.es/logo.do?r=fv_mallorca</resourceLogoUrl>
            </gbif>
        </metadata>
    </additionalMetadata>
    </eml:eml>
