<?xml version="1.0" encoding="utf-8"?>
<eml:eml xmlns:eml="https://eml.ecoinformatics.org/eml-2.2.0" xmlns:xsi="http://www.w3.org/2001/XMLSchema-instance"
         xsi:schemaLocation="https://eml.ecoinformatics.org/eml-2.2.0 https://rs.gbif.org/schema/eml-gbif-profile/1.3/eml.xsd"
packageId="73873fcc-2bea-49a0-b38e-96797faf74c0"  system="http://gbif.org" scope="system"
xml:lang="en">
    <dataset>
        <alternateIdentifier>10.15468/hv3p8a</alternateIdentifier>
        <alternateIdentifier>73873fcc-2bea-49a0-b38e-96797faf74c0</alternateIdentifier>
        <alternateIdentifier>https://ipt.inbo.be/resource?r=bioblitz-occurrences</alternateIdentifier>
        <title>Occurrences from the Alien CSI Bioblitz: citizen science to engage society in invasive species monitoring</title>
        <creator>
            <individualName>
                <givenName>Tim</givenName>
                <surName>Adriaens</surName>
            </individualName>
            <organizationName>Research Institute for Nature and Forest (INBO)</organizationName>
            <address>
                <country>BELGIUM</country>
            </address>
            <electronicMailAddress>tim.adriaens@inbo.be</electronicMailAddress>
            <userId directory="https://orcid.org/">0000-0001-7268-4200</userId>
        </creator>
        <creator>
            <individualName>
                <givenName>Bernat</givenName>
                <surName>Claramunt</surName>
            </individualName>
            <organizationName>Ecological and Forestry Applications Research Centre (CREAF)</organizationName>
            <address>
                <country>SPAIN</country>
            </address>
            <electronicMailAddress>bernat@creaf.uab.cat</electronicMailAddress>
            <userId directory="https://orcid.org/">0000-0001-9328-8645</userId>
        </creator>
        <creator>
            <individualName>
                <givenName>Debby</givenName>
                <surName>Dekoninck</surName>
            </individualName>
            <organizationName>Agency for Nature and Forest (ANB), LIFE DUNIAS</organizationName>
            <address>
                <country>BELGIUM</country>
            </address>
            <electronicMailAddress>debby.deconinck@vlaanderen.be</electronicMailAddress>
        </creator>
        <creator>
            <individualName>
                <givenName>Reinhardt</givenName>
                <surName>Strubbe</surName>
            </individualName>
            <organizationName>Agency for Nature and Forest (ANB), LIFE DUNIAS</organizationName>
            <address>
                <country>BELGIUM</country>
            </address>
            <electronicMailAddress>reinhardt.strubbe@vlaanderen.be</electronicMailAddress>
        </creator>
        <creator>
            <individualName>
                <givenName>Dido</givenName>
                <surName>Gosse</surName>
            </individualName>
            <organizationName>Contrat de Rivière Senne, LIFE RIPARIAS</organizationName>
            <address>
                <country>BELGIUM</country>
            </address>
            <electronicMailAddress>liferiparias@crsenne.be</electronicMailAddress>
            <userId directory="https://orcid.org/">0000-0001-7268-4200</userId>
        </creator>
        <creator>
            <individualName>
                <givenName>Anna</givenName>
                <surName>Gazda</surName>
            </individualName>
            <organizationName>University of Agriculture in Krakow</organizationName>
            <address>
                <country>POLAND</country>
            </address>
            <electronicMailAddress>rlgazda@cyf-kr.edu.pl</electronicMailAddress>
            <userId directory="https://orcid.org/">0000-0001-9806-1159</userId>
        </creator>
        <creator>
            <individualName>
                <givenName>Jiříslav</givenName>
                <surName>Skuhrovec</surName>
            </individualName>
            <organizationName>Crop Research Institute</organizationName>
            <address>
                <country>CZECH_REPUBLIC</country>
            </address>
            <electronicMailAddress>jirislavskuhrovec@gmail.com</electronicMailAddress>
            <userId directory="https://orcid.org/">0000-0002-7691-5990</userId>
        </creator>
        <creator>
            <individualName>
                <givenName>Marta</givenName>
                <surName>López Darias</surName>
            </individualName>
            <organizationName>IPNA-CSIC (Spanish National Research Council)</organizationName>
            <address>
                <country>SPAIN</country>
            </address>
            <electronicMailAddress>mdarias@ipna.csic.es</electronicMailAddress>
            <userId directory="https://orcid.org/">0000-0002-7611-1298</userId>
        </creator>
        <creator>
            <individualName>
                <givenName>Kelly</givenName>
                <surName>Martinou</surName>
            </individualName>
            <organizationName>The Cyprus Institute</organizationName>
            <address>
                <country>CYPRUS</country>
            </address>
            <userId directory="https://orcid.org/">0000-0003-2892-8583</userId>
        </creator>
        <creator>
            <individualName>
                <givenName>Bozena</givenName>
                <surName>Mitic</surName>
            </individualName>
            <organizationName>University of Zagreb</organizationName>
            <address>
                <country>CROATIA</country>
            </address>
            <electronicMailAddress>bozena.mitic@biol.pmf.hr</electronicMailAddress>
            <userId directory="https://orcid.org/">0000-0002-0589-4248</userId>
        </creator>
        <creator>
            <individualName>
                <givenName>Ioannis</givenName>
                <surName>Bazos</surName>
            </individualName>
            <organizationName>National and Kapodistrian University of Athens</organizationName>
            <address>
                <country>GREECE</country>
            </address>
            <userId directory="https://orcid.org/">0000-0002-8498-7505</userId>
        </creator>
        <creator>
            <individualName>
                <givenName>Vanessa</givenName>
                <surName>Lozano</surName>
            </individualName>
            <organizationName>Universita degli Studi di Sassari</organizationName>
            <address>
                <country>ITALY</country>
            </address>
            <electronicMailAddress>vlozano@uniss.it</electronicMailAddress>
            <userId directory="https://orcid.org/">0000-0001-5910-0995</userId>
        </creator>
        <creator>
            <individualName>
                <givenName>Roser</givenName>
                <surName>Rotchés Ribalta</surName>
            </individualName>
            <organizationName>Ecological and Forestry Applications Research Centre (CREAF)</organizationName>
            <electronicMailAddress>r.rotches@creaf.uab.ca</electronicMailAddress>
            <userId directory="https://orcid.org/">0000-0003-4311-5863</userId>
        </creator>
        <creator>
            <individualName>
                <givenName>Heliana</givenName>
                <surName>Teixeira</surName>
            </individualName>
            <organizationName>University of Aveiro</organizationName>
            <electronicMailAddress>heliana.teixeira@ua.pt</electronicMailAddress>
            <userId directory="https://orcid.org/">0000-0001-8525-9967</userId>
        </creator>
        <creator>
            <individualName>
                <givenName>Attila</givenName>
                <surName>Lengyel</surName>
            </individualName>
            <organizationName>Centre for Ecological Research</organizationName>
            <address>
                <country>HUNGARY</country>
            </address>
        </creator>
        <creator>
            <individualName>
                <givenName>Esra</givenName>
                <surName>Per</surName>
            </individualName>
            <organizationName>Gazi University</organizationName>
            <address>
                <country>TURKEY</country>
            </address>
            <electronicMailAddress>esraper@yahoo.com</electronicMailAddress>
        </creator>
        <creator>
            <individualName>
                <givenName>Teodora</givenName>
                <surName>Trichkova</surName>
            </individualName>
            <organizationName>Bulgarian Academy of Sciences</organizationName>
            <address>
                <country>BULGARIA</country>
            </address>
            <electronicMailAddress>trichkova@gmail.com</electronicMailAddress>
        </creator>
        <metadataProvider>
            <individualName>
                <givenName>Tim</givenName>
                <surName>Adriaens</surName>
            </individualName>
            <organizationName>Research Institute for Nature and Forest (INBO)</organizationName>
            <address>
                <country>BELGIUM</country>
            </address>
            <electronicMailAddress>tim.adriaens@inbo.be</electronicMailAddress>
            <userId directory="https://orcid.org/">0000-0001-7268-4200</userId>
        </metadataProvider>
        <metadataProvider>
            <individualName>
                <givenName>Niki</givenName>
                <surName>Chartosia</surName>
            </individualName>
            <organizationName>University of Cyprus</organizationName>
            <address>
                <country>CYPRUS</country>
            </address>
            <electronicMailAddress>nchartos@ucy.ac.cy</electronicMailAddress>
            <userId directory="https://orcid.org/">0000-0002-3825-4722</userId>
        </metadataProvider>
        <associatedParty>
            <individualName>
                <givenName>Lien</givenName>
                <surName>Reyserhove</surName>
            </individualName>
            <electronicMailAddress>lien.reyserhove@inbo.be</electronicMailAddress>
            <role>USER</role>
        </associatedParty>
        <pubDate>
                2023-07-07
        </pubDate>
        <language>ENGLISH</language>
        <abstract>
            <para>The “Occurrences from the Alien CSI Bioblitz: citizen science to engage society in invasive species monitoring” dataset is an occurrence dataset published by the Research Institute for Nature and Forest (INBO) in collaboration with the <ulink url="https://alien-csi.eu/"><citetitle>AlienCSI</citetitle></ulink> COST (European Cooperation in Science and Technology, CA17122) research network (Roy et al. 2018). The dataset contains all the alien species data collected during the <ulink url="https://iasbioblitz.creaf.cat/"><citetitle>Alien CSI Bioblitz</citetitle></ulink>. This bioblitz was organized for the first time in May 2022 as a three day event and is planned to be repeated yearly. This bioblitz activity aims to engage society in invasive species monitoring. The first edition included guided bioblitzes in thirteen different protected areas across twelve European countries. The data are published as a standardized Darwin Core Archive. Issues with the dataset can be reported at https://github.com/alien-csi/bioblitz-occurrences/issues</para>
<para>We have released this dataset to the public domain under a Creative Commons Public Domain Dedication. We would appreciate it if you follow the INBO norms for data use (https://www.inbo.be/en/norms-data-use) when using the data. If you have any questions regarding this dataset, don&amp;#39;t hesitate to contact us via the contact information provided in the metadata.</para>
        </abstract>
        <keywordSet>
            <keyword>Occurrence</keyword>
            <keywordThesaurus>GBIF Dataset Type Vocabulary: http://rs.gbif.org/vocabulary/gbif/dataset_type_2015-07-10.xml</keywordThesaurus>
        </keywordSet>
        <keywordSet>
            <keyword>Observation</keyword>
            <keywordThesaurus>GBIF Dataset Subtype Vocabulary: http://rs.gbif.org/vocabulary/gbif/dataset_subtype.xml</keywordThesaurus>
        </keywordSet>
        <keywordSet>
            <keyword>invasive alien species</keyword>
            <keyword>COST action</keyword>
            <keyword>citizen science</keyword>
            <keyword>bioblitz</keyword>
            <keywordThesaurus>N/A</keywordThesaurus>
        </keywordSet>
        <intellectualRights>
            <para>To the extent possible under law, the publisher has waived all rights to these data and has dedicated them to the <ulink url="http://creativecommons.org/publicdomain/zero/1.0/legalcode"><citetitle>Public Domain (CC0 1.0)</citetitle></ulink>. Users may copy, modify, distribute and use the work, including for commercial purposes, without restriction.</para>
        </intellectualRights>
        <licensed>
            <licenseName>Creative Commons Zero v1.0 Universal</licenseName>
            <url>https://spdx.org/licenses/CC0-1.0.html</url>
            <identifier>CC0-1.0</identifier>
        </licensed>
        <distribution scope="document">
            <online>
                <url function="information">https://alien-csi.eu/</url>
            </online>
        </distribution>
        <distribution scope="document">
            <online>
                <url function="download">https://ipt.inbo.be/archive.do?r=bioblitz-occurrences</url>
            </online>
        </distribution>
        <coverage>
            <geographicCoverage>
                <geographicDescription>Europe (Austria, Belgium, Bulgaria, Catalonia, Croatia, Cyprus, Czech Republic, Greece, Italy, Poland, Portugal, Slovenia, Turkey), including the Canary Islands.</geographicDescription>
                <boundingCoordinates>
                    <westBoundingCoordinate>-13.711</westBoundingCoordinate>
                    <eastBoundingCoordinate>53.262</eastBoundingCoordinate>
                    <northBoundingCoordinate>70.902</northBoundingCoordinate>
                    <southBoundingCoordinate>34.597</southBoundingCoordinate>
                </boundingCoordinates>
            </geographicCoverage>
            <temporalCoverage>
            </temporalCoverage>
        </coverage>
        <maintenance>
            <description>
                <para></para>
            </description>
            <maintenanceUpdateFrequency>annually</maintenanceUpdateFrequency>
        </maintenance>
        <contact>
            <individualName>
                <givenName>Pavel</givenName>
                <surName>Pipek</surName>
            </individualName>
            <organizationName>Institute of Botany, Czech Academy of Sciences</organizationName>
            <address>
                <country>CZECH_REPUBLIC</country>
            </address>
            <electronicMailAddress>ppipek@gmail.com</electronicMailAddress>
            <userId directory="https://orcid.org/">0000-0003-1116-1013</userId>
        </contact>
        <contact>
            <individualName>
                <givenName>Lien</givenName>
                <surName>Reyserhove</surName>
            </individualName>
            <organizationName>Research Institute for Nature and Forest (INBO)</organizationName>
            <address>
                <country>BELGIUM</country>
            </address>
            <electronicMailAddress>lien.reyserhove@inbo.be</electronicMailAddress>
            <userId directory="https://orcid.org/">0000-0001-7484-9267</userId>
        </contact>
        <methods>
            <methodStep>
                <description>
                    <para>The source data for this standardized occurrence dataset is a Google spreadsheet, maintained by the Research Institute of Nature and Forest (INBO) and updated yearly.</para>
                </description>
            </methodStep>
            <methodStep>
                <description>
                    <para>The data was downloaded as a csv file and uploaded to the Github repository (https://github.com/alien-csi/bioblitz-occurrences/tree/main/data/raw).</para>
                </description>
            </methodStep>
            <methodStep>
                <description>
                    <para>We developed a RMarkdown script to document and perform the transformation of the data to Darwin Core.</para>
                </description>
            </methodStep>
            <sampling>
                <studyExtent>
                    <description>
                        <para>The Bioblitz has a focus on alien species in protected areas across Europe and the Canary Islands.</para>
                    </description>
                </studyExtent>
                <samplingDescription>
                    <para>The AlienCSI bioblitz represents a place-based bioblitz of varying duration (but within one weekend) and with a varying number of participants. Target groups include experts as well as the general public, naturalists etc. The activity aims to yield data on target species in the areas and to increase awareness with participants on the alien species and their impacts on nature. It is a targeted event that considers alien species, although native species are also recorded. Observers typically use different smartphone apps for recording, including iNaturalist, Obsmapp, RedEXOS or the Invasive Alien Species Europe app (Joint Research Centre).</para>
                </samplingDescription>
            </sampling>
            <qualityControl>
                <description>
                    <para>The different organizers had varied quality control systems, see Adriaens et al. 2021 for an overview.</para>
                </description>
            </qualityControl>
        </methods>

    </dataset>

    <additionalMetadata>
        <metadata>
            <gbif>
                <dateStamp>2025-01-07T08:59:39Z</dateStamp>
                <citation>Adriaens T, Claramunt B, Dekoninck D, Strubbe R, Gosse D, Gazda A, Skuhrovec J, López Darias M, Martinou K, Mitic B, Bazos I, Lozano V, Rotchés Ribalta R, Teixeira H, Lengyel A, Per E, Trichkova T, Chartosia N (2023). Occurrences from the Alien CSI Bioblitz: citizen science to engage society in invasive species monitoring. Version 1.1. Research Institute for Nature and Forest (INBO). Occurrence dataset https://doi.org/10.15468/hv3p8a accessed via GBIF.org on 2025-01-07.</citation>
                <bibliography>
                <citation identifier="https://doi.org/10.2760/694386">Adriaens, T., Tricarico, E., Reyserhove, L., De Jesus Cardoso, A-C., Gervasini, E., Lopez Canizares, C., Mitton, I., Schade, S., Spinelli, F-A., &amp; Tsiamis, K. (2021). Data-validation solutions for citizen science data on invasive alien species. (JRC126140 ed.) Publications Office of the European Union.</citation>
                <citation identifier="https://doi.org/10.3897/rio.4.e31412">Roy H, Groom Q, Adriaens T, Agnello G, Antic M, Archambeau A, Bacher S, Bonn A, Brown P, Brundu G, López B, Cleary M, Cogălniceanu D, de Groot M, De Sousa T, Deidun A, Essl F, Fišer Pečnikar Ž, Gazda A, Gervasini E, Glavendekic M, Gigot G, Jelaska S, Jeschke J, Kaminski D, Karachle P, Komives T, Lapin K, Lucy F, Marchante E, Marisavljevic D, Marja R, Martín Torrijos L, Martinou A, Matosevic D, Mifsud C, Motiejūnaitė J, Ojaveer H, Pasalic N, Pekárik L, Per E, Pergl J, Pesic V, Pocock M, Reino L, Ries C, Rozylowicz L, Schade S, Sigurdsson S, Steinitz O, Stern N, Teofilovski A, Thorsson J, Tomov R, Tricarico E, Trichkova T, Tsiamis K, van Valkenburg J, Vella N, Verbrugge L, Vétek G, Villaverde C, Witzell J, Zenetos A, Cardoso A (2018) Increasing understanding of alien species through citizen science (Alien-CSI). Research Ideas and Outcomes 4: e31412.</citation>
                </bibliography>
                <resourceLogoUrl>https://ipt.inbo.be/logo.do?r=bioblitz-occurrences</resourceLogoUrl>
            </gbif>
        </metadata>
    </additionalMetadata>
    </eml:eml>
