<?xml version="1.0" encoding="utf-8"?>
<eml:eml xmlns:eml="https://eml.ecoinformatics.org/eml-2.2.0" xmlns:xsi="http://www.w3.org/2001/XMLSchema-instance"
         xsi:schemaLocation="https://eml.ecoinformatics.org/eml-2.2.0 https://rs.gbif.org/schema/eml-gbif-profile/1.3/eml.xsd"
packageId="79b52ea9-6834-4822-90f8-b4497c259783"  system="http://gbif.org" scope="system"
xml:lang="en">
    <dataset>
        <alternateIdentifier>10.15468/mbh3np</alternateIdentifier>
        <alternateIdentifier>79b52ea9-6834-4822-90f8-b4497c259783</alternateIdentifier>
        <alternateIdentifier>https://collections.ala.org.au/public/show/dr1857</alternateIdentifier>
        <alternateIdentifier>a02d715c-0ce2-361c-8c7a-ca054261f132</alternateIdentifier>
        <title>Greenstone Ranges Survey</title>
        <creator>
            <organizationName>NatureMap</organizationName>
        </creator>
        <metadataProvider>
            <organizationName>NatureMap</organizationName>
        </metadataProvider>
        <associatedParty>
            <organizationName>Atlas of Living Australia</organizationName>
            <address>
                <deliveryPoint>CSIRO Ecosystems Services</deliveryPoint>
                <city>Canberra</city>
                <administrativeArea>ACT</administrativeArea>
                <postalCode>2601</postalCode>
                <country>AUSTRALIA</country>
            </address>
            <electronicMailAddress>info@ala.org.au</electronicMailAddress>
            <role>DISTRIBUTOR</role>
        </associatedParty>
        <pubDate>
                2019-09-26
        </pubDate>
        <language>ENGLISH</language>
        <abstract>
            This data sourced from flora and vegetation surveys carried out between 2009 and 2012 by DEC staff on six greenstone ranges in the eastern goldfields. Approximately 50 quadrats per range were established using standard methodologies.
        </abstract>
        <intellectualRights>
            <para>This work is licensed under a <ulink url="http://creativecommons.org/licenses/by/4.0/legalcode"><citetitle>Creative Commons Attribution (CC-BY) 4.0 License</citetitle></ulink>.</para>
        </intellectualRights>
        <licensed>
            <licenseName>Creative Commons Attribution 4.0 International</licenseName>
            <url>https://spdx.org/licenses/CC-BY-4.0.html</url>
            <identifier>CC-BY-4.0</identifier>
        </licensed>
        <distribution scope="document">
            <online>
                <url function="information">http://naturemap.dpaw.wa.gov.au/default.aspx</url>
            </online>
        </distribution>
        <distribution scope="document">
            <online>
                <url function="download">https://dwca-exports.ala.org.au/dr1857.zip</url>
            </online>
        </distribution>
        <purpose>&lt;para/&gt;</purpose>
        <contact>
            <individualName>
                <givenName>Paul</givenName>
                <surName>Gioia</surName>
            </individualName>
            <positionName>custodian</positionName>
            <phone>(08) 9219 9067</phone>
            <electronicMailAddress>Paul.Gioia@DPaW.wa.gov.au</electronicMailAddress>
        </contact>

    </dataset>

    <additionalMetadata>
        <metadata>
            <gbif>
                <dateStamp>2025-01-07T08:59:29Z</dateStamp>
                <citation>Western Australia, Department of Biodiversity, Conservation and Attractions (2019). Greenstone Ranges Survey. Occurrence dataset https://doi.org/10.15468/mbh3np accessed via GBIF.org on 2025-01-07.</citation>
                <resourceLogoUrl>https://collections.ala.org.au/data/dataProvider/wa-gov.jpg</resourceLogoUrl>
            </gbif>
        </metadata>
    </additionalMetadata>
    </eml:eml>
