<?xml version="1.0" encoding="utf-8"?>
<eml:eml xmlns:eml="https://eml.ecoinformatics.org/eml-2.2.0" xmlns:xsi="http://www.w3.org/2001/XMLSchema-instance"
         xsi:schemaLocation="https://eml.ecoinformatics.org/eml-2.2.0 https://rs.gbif.org/schema/eml-gbif-profile/1.3/eml.xsd"
packageId="7b74be32-f762-11e1-a439-00145eb45e9a"  system="http://gbif.org" scope="system"
xml:lang="es">
    <dataset>
        <alternateIdentifier>10.15470/j3rugb</alternateIdentifier>
        <alternateIdentifier>https://ipt.gbif.es/resource?r=leb</alternateIdentifier>
        <alternateIdentifier>10.15468/mckfpp</alternateIdentifier>
        <alternateIdentifier>10.15468/mckfpp</alternateIdentifier>
        <alternateIdentifier>http://ipt.gbif.es/resource?r=leb</alternateIdentifier>
        <alternateIdentifier>7b74be32-f762-11e1-a439-00145eb45e9a</alternateIdentifier>
        <alternateIdentifier>11686</alternateIdentifier>
        <title>Colección de plantas vasculares del Herbario &quot;Jaime Andrés Rodríguez&quot;. LEB</title>
        <creator>
            <individualName>
                <givenName>Elena</givenName>
                <surName>de Paz Canuria</surName>
            </individualName>
            <organizationName>Herbarium LEB Jaime Andrés Rodríguez. Facultad de Ciencias Biológicas y Ambientales. Universidad de León</organizationName>
            <positionName>Conservadora</positionName>
            <address>
                <deliveryPoint>Campus de Vegazana</deliveryPoint>
                <city>León</city>
                <administrativeArea>León</administrativeArea>
                <postalCode>24071</postalCode>
                <country>SPAIN</country>
            </address>
            <phone>34-987291494</phone>
            <electronicMailAddress>uleher@unileon.es</electronicMailAddress>
            <onlineUrl>http://herbarioleb.unileon.es</onlineUrl>
        </creator>
        <creator>
            <individualName>
                <givenName>Estrella</givenName>
                <surName>Alfaro-Saiz</surName>
            </individualName>
            <organizationName>Herbarium LEB Jaime Andrés Rodríguez. Facultad de Ciencias Biológicas y Ambientales. Universidad de León</organizationName>
            <positionName>Conservadora</positionName>
            <address>
                <deliveryPoint>Universidad de León. Campus de Vegazana. Facultad de Ciencias Biológicas y Ambientales.</deliveryPoint>
                <city>León</city>
                <administrativeArea>León</administrativeArea>
                <postalCode>24071</postalCode>
                <country>SPAIN</country>
            </address>
            <electronicMailAddress>estrella.alfaro@unileon.es</electronicMailAddress>
            <onlineUrl>http://herbarioleb.unileon.es</onlineUrl>
            <userId directory="http://orcid.org/">0000-0001-9452-1357</userId>
        </creator>
        <metadataProvider>
            <individualName>
                <givenName>Estrella</givenName>
                <surName>Alfaro-Saiz</surName>
            </individualName>
            <organizationName>Herbarium LEB Jaime Andrés Rodríguez. Facultad de Ciencias Biológicas y Ambientales. Universidad de León</organizationName>
            <positionName>Conservadora</positionName>
            <address>
                <deliveryPoint>Universidad de León. Campus de Vegazana. Facultad de Ciencias Biológicas y Ambientales.</deliveryPoint>
                <city>León</city>
                <administrativeArea>León</administrativeArea>
                <postalCode>24071</postalCode>
                <country>SPAIN</country>
            </address>
            <phone>+34987291494</phone>
            <electronicMailAddress>estrella.alfaro@unileon.es</electronicMailAddress>
            <onlineUrl>http://herbarioleb.unileon.es</onlineUrl>
            <userId directory="http://orcid.org/">0000-0001-9452-1357</userId>
        </metadataProvider>
        <associatedParty>
            <individualName>
                <givenName>Marta Eva</givenName>
                <surName>García González</surName>
            </individualName>
            <organizationName>Departamento de Biodiversidad y Gestión Ambiental. Facultad de Ciencias Biológicas y Ambientales. Universidad de León</organizationName>
            <positionName>Directora</positionName>
            <address>
                <deliveryPoint>Campus de Vegazana</deliveryPoint>
                <city>León</city>
                <administrativeArea>León</administrativeArea>
                <postalCode>24071</postalCode>
                <country>SPAIN</country>
            </address>
            <phone>34 987293193</phone>
            <electronicMailAddress>megarg@unileon.es</electronicMailAddress>
            <onlineUrl>http://herbarioleb.unileon.es</onlineUrl>
            <role>PRINCIPAL_INVESTIGATOR</role>
        </associatedParty>
        <associatedParty>
            <individualName>
                <givenName>Estrella</givenName>
                <surName>Alfaro Saiz</surName>
            </individualName>
            <organizationName>Herbario LEB. Universidad de León</organizationName>
            <positionName>Curator</positionName>
            <address>
                <deliveryPoint>Campus de Vegazana</deliveryPoint>
                <city>León</city>
                <administrativeArea>León</administrativeArea>
                <postalCode>24071</postalCode>
                <country>SPAIN</country>
            </address>
            <phone>987291494</phone>
            <electronicMailAddress>estrella.alfaro@unileon.es</electronicMailAddress>
            <onlineUrl>http://herbarioleb.unileon.es</onlineUrl>
            <userId directory="http://orcid.org/">0000-0001-9452-1357</userId>
            <role>CURATOR</role>
        </associatedParty>
        <pubDate>
                2022-04-29
        </pubDate>
        <language>SPANISH</language>
        <abstract>
            En la década de los años setenta se inicia la colección de plantas que actualmente constituye el Herbario LEB “Jaime Andrés Rodríguez” de la Universidad de León. 
LEB fue en su origen una colección de referencia sobre la flora vascular de la provincia de León, nutriéndose inicialmente de las jornadas de campo realizadas por el profesor Jaime Andrés y sus colaboradores. La mayoría de los especímenes han sido colectados por los investigadores del área de Botánica en el norte y noroeste de la Península Ibérica, principalmente, aunque también hay una importante representación de otros lugares, peninsulares e insulares, que responden en parte a los intercambios que se mantienen con otros herbarios. 
Tras más de cuatro décadas de funcionamiento, este herbario ha ido creciendo, tanto en el número de ejemplares depositados, como en el número de colecciones que custodia. En la actualidad, además de la colección principal, constituida por plantas vasculares, LEB custodia una colección de plantas procedentes de Brasil, además de diferentes colecciones dedicadas a hongos, líquenes, musgos, hepáticas, semillas y diatomeas.
        </abstract>
        <keywordSet>
            <keyword>Iberian Peninsula</keyword>
            <keyword>Herbarium LEB</keyword>
            <keyword>Tipos</keyword>
            <keyword>Cantabrian Mountains</keyword>
            <keyword>Spain</keyword>
            <keywordThesaurus>n/a</keywordThesaurus>
        </keywordSet>
        <keywordSet>
            <keyword>Occurrence</keyword>
            <keywordThesaurus>GBIF Dataset Type Vocabulary: http://rs.gbif.org/vocabulary/gbif/dataset_type.xml</keywordThesaurus>
        </keywordSet>
        <keywordSet>
            <keyword>Specimen</keyword>
            <keywordThesaurus>GBIF Dataset Subtype Vocabulary: http://rs.gbif.org/vocabulary/gbif/dataset_subtype.xml</keywordThesaurus>
        </keywordSet>
        <keywordSet>
            <keyword>Occurrence</keyword>
            <keywordThesaurus>GBIF Dataset Type Vocabulary: http://rs.gbif.org/vocabulary/gbif/dataset_type_2015-07-10.xml</keywordThesaurus>
        </keywordSet>
        <intellectualRights>
            <para>This work is licensed under a <ulink url="http://creativecommons.org/licenses/by-nc/4.0/legalcode"><citetitle>Creative Commons Attribution Non Commercial (CC-BY-NC) 4.0 License</citetitle></ulink>.</para>
        </intellectualRights>
        <licensed>
            <licenseName>Creative Commons Attribution Non Commercial 4.0 International</licenseName>
            <url>https://spdx.org/licenses/CC-BY-NC-4.0.html</url>
            <identifier>CC-BY-NC-4.0</identifier>
        </licensed>
        <distribution scope="document">
            <online>
                <url function="download">https://ipt.gbif.es/archive.do?r=leb</url>
            </online>
        </distribution>
        <coverage>
            <geographicCoverage>
                <geographicDescription>La mayoría de los especímenes corresponden a la Península Ibérica; sobre 114.000 registros a España y de ellos, 75.000, aproximadamente, a la provincia de León.</geographicDescription>
                <boundingCoordinates>
                    <westBoundingCoordinate>-180</westBoundingCoordinate>
                    <eastBoundingCoordinate>180</eastBoundingCoordinate>
                    <northBoundingCoordinate>90</northBoundingCoordinate>
                    <southBoundingCoordinate>-90</southBoundingCoordinate>
                </boundingCoordinates>
            </geographicCoverage>
            <taxonomicCoverage>
                <generalTaxonomicCoverage>Las familias botánicas con mayor número de ejemplares depósitados en el herbario son las siguientes: Asteraceae, Poaceae, Fabaceae, Caryophyllaceae, Lamiaceae, Scrophulariaceae, Brassicaceae y Cyperaceae</generalTaxonomicCoverage>
                <taxonomicClassification>
                    <taxonRankName>Kingdom</taxonRankName>
                    <taxonRankValue>Plantae</taxonRankValue>
                </taxonomicClassification>
                <taxonomicClassification>
                    <taxonRankName>Phylum</taxonRankName>
                    <taxonRankValue>Pteridophyta</taxonRankValue>
                </taxonomicClassification>
                <taxonomicClassification>
                    <taxonRankName>Phylum</taxonRankName>
                    <taxonRankValue>Spermatophyta</taxonRankValue>
                </taxonomicClassification>
                <taxonomicClassification>
                    <taxonRankName>Class</taxonRankName>
                    <taxonRankValue>Filicopsida</taxonRankValue>
                </taxonomicClassification>
                <taxonomicClassification>
                    <taxonRankName>Class</taxonRankName>
                    <taxonRankValue>Magnoliopsida</taxonRankValue>
                </taxonomicClassification>
                <taxonomicClassification>
                    <taxonRankName>Class</taxonRankName>
                    <taxonRankValue>Liliopsida</taxonRankValue>
                </taxonomicClassification>
                <taxonomicClassification>
                    <taxonRankName>Family</taxonRankName>
                    <taxonRankValue>Amaryllidaceae</taxonRankValue>
                </taxonomicClassification>
                <taxonomicClassification>
                    <taxonRankName>Family</taxonRankName>
                    <taxonRankValue>Aspleniaceae</taxonRankValue>
                </taxonomicClassification>
                <taxonomicClassification>
                    <taxonRankName>Family</taxonRankName>
                    <taxonRankValue>Asteraceae</taxonRankValue>
                </taxonomicClassification>
                <taxonomicClassification>
                    <taxonRankName>Family</taxonRankName>
                    <taxonRankValue>Berberidaceae</taxonRankValue>
                </taxonomicClassification>
                <taxonomicClassification>
                    <taxonRankName>Family</taxonRankName>
                    <taxonRankValue>Boraginaceae</taxonRankValue>
                </taxonomicClassification>
                <taxonomicClassification>
                    <taxonRankName>Family</taxonRankName>
                    <taxonRankValue>Brassicaceae</taxonRankValue>
                </taxonomicClassification>
                <taxonomicClassification>
                    <taxonRankName>Family</taxonRankName>
                    <taxonRankValue>Cyperaceae</taxonRankValue>
                </taxonomicClassification>
                <taxonomicClassification>
                    <taxonRankName>Family</taxonRankName>
                    <taxonRankValue>Fabaceae</taxonRankValue>
                </taxonomicClassification>
                <taxonomicClassification>
                    <taxonRankName>Family</taxonRankName>
                    <taxonRankValue>Lamiaceae</taxonRankValue>
                </taxonomicClassification>
                <taxonomicClassification>
                    <taxonRankName>Family</taxonRankName>
                    <taxonRankValue>Liliaceae</taxonRankValue>
                </taxonomicClassification>
                <taxonomicClassification>
                    <taxonRankName>Family</taxonRankName>
                    <taxonRankValue>Plumbaginaceae</taxonRankValue>
                </taxonomicClassification>
                <taxonomicClassification>
                    <taxonRankName>Family</taxonRankName>
                    <taxonRankValue>Poaceae</taxonRankValue>
                </taxonomicClassification>
                <taxonomicClassification>
                    <taxonRankName>Family</taxonRankName>
                    <taxonRankValue>Salicaceae</taxonRankValue>
                </taxonomicClassification>
                <taxonomicClassification>
                    <taxonRankName>Family</taxonRankName>
                    <taxonRankValue>Saxifragaceae</taxonRankValue>
                </taxonomicClassification>
                <taxonomicClassification>
                    <taxonRankName>Family</taxonRankName>
                    <taxonRankValue>Scrophulariaceae</taxonRankValue>
                </taxonomicClassification>
                <taxonomicClassification>
                    <taxonRankName>Family</taxonRankName>
                    <taxonRankValue>Violaceae</taxonRankValue>
                </taxonomicClassification>
            </taxonomicCoverage>
        </coverage>
        <maintenance>
            <description>
                <para></para>
            </description>
            <maintenanceUpdateFrequency>unkown</maintenanceUpdateFrequency>
        </maintenance>
        <contact>
            <individualName>
                <givenName>Marta Eva</givenName>
                <surName>García González</surName>
            </individualName>
            <organizationName>Herbarium LEB Jaime Andrés Rodríguez. Facultad de Ciencias Biológicas y Ambientales. Universidad de León</organizationName>
            <positionName>Directora</positionName>
            <address>
                <deliveryPoint>Campus de Vegazana</deliveryPoint>
                <city>León</city>
                <administrativeArea>León</administrativeArea>
                <postalCode>24071</postalCode>
                <country>SPAIN</country>
            </address>
            <phone>34-987291561</phone>
            <electronicMailAddress>megarg@unileon.es</electronicMailAddress>
            <onlineUrl>http://herbarioleb.unileon.es</onlineUrl>
        </contact>
        <contact>
            <individualName>
                <givenName>Estrella</givenName>
                <surName>Alfaro-Saiz</surName>
            </individualName>
            <organizationName>Herbarium LEB Jaime Andrés Rodríguez. Facultad de Ciencias Biológicas y Ambientales. Universidad de León</organizationName>
            <positionName>Conservadora</positionName>
            <address>
                <deliveryPoint>Universidad de León. Campus de Vegazana. Facultad de Ciencias Biológicas y Ambientales.</deliveryPoint>
                <city>León</city>
                <administrativeArea>León</administrativeArea>
                <postalCode>24071</postalCode>
                <country>SPAIN</country>
            </address>
            <phone>+34987291494</phone>
            <electronicMailAddress>estrella.alfaro@unileon.es</electronicMailAddress>
            <onlineUrl>http://herbarioleb.unileon.es</onlineUrl>
            <userId directory="http://orcid.org/">0000-0001-9452-1357</userId>
        </contact>
        <methods>
            <methodStep>
                <description>
                    <para>Las muestras colectadas se han prensado y secado en prensa de calor o a temperatura ambiental. Para su determinación se ha utilizado lupa binocular y microscopio óptico, cuando ha sido necesario. La bibliografía empleada ha sido diversa. Además de numerosas monografías se han consultado, fundamentalmente, los siguientes manuales de identificación: Flora Europaea (TUTIN &amp; cols., 1964-1980), Flora Iberica. Plantas Vasculares de la Península Ibérica e Islas Baleares (CASTROVIEJO,  1986-2018), Flora Vascular de Andalucía Occidental (VALDÉS TALAVERA &amp;  FERNÁNDEZ-GALIANO, 1987), Claves ilustradas de la flora del País Vasco y territorios limítrofes (AIZPURU &amp; al., 1999), Vegetación y Flora de Extremadura (DEVESA, 1995), etc.
Los ejemplares se colocan con cinta adhesiva sobre cartulinas  y se protegen con camisas de papel. Se les asigna el número correspondiente que tienen en la colección y se etiquetan indicando nombre del taxon, localidad, coordenadas, altitud y fecha de recolección, hábitat en el que se desarrollaba, nombre del recolector y nombre de la persona que ha identificado la muestra.
Los materiales así montados se depositan en la colección del Herbario LEB agrupados por orden alfabético de familias, géneros, especies y subespecies. Se mantienen en cámara fría a temperatura y humedad idóneas para su correcta protección y conservación.</para>
                </description>
            </methodStep>
            <sampling>
                <studyExtent>
                    <description>
                        <para>La mayoría de los ejemplares han sido colectados en el noroeste de la Península Ibérica, fundamentalmente en la provincia de León.</para>
                    </description>
                </studyExtent>
                <samplingDescription>
                    <para>Se ha consultado la bibliografía correspondiente a la zona estudio. Se han utilizado mapas topográficos y el sistema GPS que han permitido la georreferenciación de las muestras colectadas. Siempre que ha sido posible, los ejemplares se han recogido en distintos nichos ecológicos y se han anotado todos los detalles que pudieran ser interesantes para su identificación. Se han guardado en bolsas de plástico junto con la etiqueta que recoge toda la información de campo.</para>
                </samplingDescription>
            </sampling>
        </methods>

            <project >
                <title>Herbario LEB Jaime Andrés Rodríguez</title>
                <personnel>
                    <individualName>
                    <givenName>Estrella</givenName>
                    <surName>Alfaro Saiz</surName>
                    </individualName>
            <userId directory="http://orcid.org/">0000-0001-9452-1357</userId>
                    <role>CURATOR</role>
                </personnel>
                <abstract>
                    <para></para>
                </abstract>
                <funding>
                    <para>Universidad de León</para>
                </funding>
            </project>
    </dataset>

    <additionalMetadata>
        <metadata>
            <gbif>
                <dateStamp>2025-01-07T08:59:41Z</dateStamp>
                <citation identifier="https://doi.org/10.15470/j3rugb">de Paz Canuria E, Alfaro-Saiz E (2022). Colección de plantas vasculares del Herbario &quot;Jaime Andrés Rodríguez&quot;. LEB. Herbarium LEB Jaime Andrés Rodríguez. Facultad de Ciencias Biológicas y Ambientales. Universidad de León.. Occurrence dataset https://doi.org/10.15470/j3rugb accessed via GBIF.org on 2025-01-07.</citation>
                <resourceLogoUrl>https://ipt.gbif.es/logo.do?r=leb</resourceLogoUrl>
                <collection>
                    <parentCollectionIdentifier>NA</parentCollectionIdentifier>
                    <collectionIdentifier>http://www.gbif.org/dataset/7b74be32-f762-11e1-a439-00145eb45e9a</collectionIdentifier>
                    <collectionName>LEB-Cormo</collectionName>
                </collection>
                <formationPeriod>1911-06-30-actualidad</formationPeriod>
                <formationPeriod>1911-presente</formationPeriod>
                <specimenPreservationMethod>DRIED_AND_PRESSED</specimenPreservationMethod>
            </gbif>
        </metadata>
    </additionalMetadata>
    </eml:eml>
