<?xml version="1.0" encoding="utf-8"?>
<eml:eml xmlns:eml="https://eml.ecoinformatics.org/eml-2.2.0" xmlns:xsi="http://www.w3.org/2001/XMLSchema-instance"
         xsi:schemaLocation="https://eml.ecoinformatics.org/eml-2.2.0 https://rs.gbif.org/schema/eml-gbif-profile/1.3/eml.xsd"
packageId="8353c5bc-f762-11e1-a439-00145eb45e9a"  system="http://gbif.org" scope="system"
xml:lang="en">
    <dataset>
        <alternateIdentifier>10.15468/vjuvw1</alternateIdentifier>
        <alternateIdentifier>https://ipt.gbif.es/resource?r=coa</alternateIdentifier>
        <alternateIdentifier>8353c5bc-f762-11e1-a439-00145eb45e9a</alternateIdentifier>
        <alternateIdentifier>247</alternateIdentifier>
        <title>Jardín Botánico de Córdoba: Herbarium COA</title>
        <creator>
            <individualName>
                <givenName>Mónica</givenName>
                <surName>López Martínez</surName>
            </individualName>
            <organizationName>Real Jardín Botánico de Córdoba</organizationName>
            <address>
                <deliveryPoint>Avda. de Linneo s/n</deliveryPoint>
                <city>Córdoba</city>
                <postalCode>14005</postalCode>
                <country>SPAIN</country>
            </address>
            <phone>957200355</phone>
            <electronicMailAddress>herb.mlopez@jardinbotanicodecordoba.com</electronicMailAddress>
            <onlineUrl>http://www.realjardinbotanicodecordoba.es</onlineUrl>
        </creator>
        <metadataProvider>
            <individualName>
                <givenName>Enriqueta</givenName>
                <surName>Martín-Consuegra</surName>
            </individualName>
            <organizationName>Real Jardín Botánico de Córdoba</organizationName>
            <address>
                <deliveryPoint>Avda. de Linneo s/n</deliveryPoint>
                <city>Córdoba</city>
                <postalCode>14005</postalCode>
                <country>SPAIN</country>
            </address>
            <phone>957200355</phone>
            <electronicMailAddress>herb.mlopez@jardinbotanicodecordoba.com</electronicMailAddress>
            <onlineUrl>http://www.realjardinbotanicodecordoba.es</onlineUrl>
        </metadataProvider>
        <associatedParty>
            <individualName>
                <surName>Mónica Espadafor Fernández-Amigo</surName>
            </individualName>
            <phone>34 957 200077</phone>
            <electronicMailAddress>herbariocoa@telefonica.net</electronicMailAddress>
            <role>TECHNICAL_POINT_OF_CONTACT</role>
        </associatedParty>
        <pubDate>
                2021-06-22
        </pubDate>
        <language>ENGLISH</language>
        <abstract>
            <para>Botanical Garden - University of Córdoba. Herbarium</para>
<para>Note: this dataset was previously orphaned. It has been rescued by ① extracting it from the GBIF.org index (see GBIF Download in External Data) and ② republishing it on this IPT data hosting centre as version 1.0.</para>
        </abstract>
        <keywordSet>
            <keyword>Occurrence</keyword>
            <keywordThesaurus>GBIF Dataset Type Vocabulary: http://rs.gbif.org/vocabulary/gbif/dataset_type.xml</keywordThesaurus>
        </keywordSet>
        <keywordSet>
            <keyword>Occurrence</keyword>
            <keywordThesaurus>GBIF Dataset Type Vocabulary: http://rs.gbif.org/vocabulary/gbif/dataset_type_2015-07-10.xml</keywordThesaurus>
        </keywordSet>
        <intellectualRights>
            <para>This work is licensed under a <ulink url="http://creativecommons.org/licenses/by/4.0/legalcode"><citetitle>Creative Commons Attribution (CC-BY) 4.0 License</citetitle></ulink>.</para>
        </intellectualRights>
        <licensed>
            <licenseName>Creative Commons Attribution 4.0 International</licenseName>
            <url>https://spdx.org/licenses/CC-BY-4.0.html</url>
            <identifier>CC-BY-4.0</identifier>
        </licensed>
        <distribution scope="document">
            <online>
                <url function="information">http://www.jardinbotanicodecordoba.com</url>
            </online>
        </distribution>
        <distribution scope="document">
            <online>
                <url function="download">https://ipt.gbif.es/archive.do?r=coa</url>
            </online>
        </distribution>
        <maintenance>
            <description>
                <para></para>
            </description>
            <maintenanceUpdateFrequency>unkown</maintenanceUpdateFrequency>
        </maintenance>
        <contact>
            <individualName>
                <givenName>Mónica</givenName>
                <surName>López Martínez</surName>
            </individualName>
            <organizationName>Real Jardín Botánico de Córdoba</organizationName>
            <address>
                <deliveryPoint>Avda. de Linneo s/n</deliveryPoint>
                <city>Córdoba</city>
                <postalCode>14005</postalCode>
                <country>SPAIN</country>
            </address>
            <phone>957200355</phone>
            <electronicMailAddress>herb.mlopez@jardinbotanicodecordoba.com</electronicMailAddress>
            <onlineUrl>http://www.realjardinbotanicodecordoba.es</onlineUrl>
        </contact>

    </dataset>

    <additionalMetadata>
        <metadata>
            <gbif>
                <dateStamp>2025-01-07T08:59:36Z</dateStamp>
                <citation>López Martínez M, Martín-Consuegra E (2021). Jardín Botánico de Córdoba: Herbarium COA. Botanical Garden of Córdoba. Occurrence dataset https://doi.org/10.15468/vjuvw1 accessed via GBIF.org on 2025-01-07.</citation>
                <physical>
                    <objectName>GBIF Occurrence Download</objectName>
                    <characterEncoding>UTF-8</characterEncoding>
                    <dataFormat>
                        <externallyDefinedFormat>
                            <formatName>Darwin Core Archive</formatName>
                        </externallyDefinedFormat>
                    </dataFormat>
                    <distribution>
                        <online>
                            <url function="download">http://api.gbif.org/v1/occurrence/download/request/0002109-180131172636756.zip</url>
                        </online>
                    </distribution>
                </physical>
            </gbif>
        </metadata>
    </additionalMetadata>
    </eml:eml>
