<?xml version="1.0" encoding="utf-8"?>
<eml:eml xmlns:eml="https://eml.ecoinformatics.org/eml-2.2.0" xmlns:xsi="http://www.w3.org/2001/XMLSchema-instance"
         xsi:schemaLocation="https://eml.ecoinformatics.org/eml-2.2.0 https://rs.gbif.org/schema/eml-gbif-profile/1.3/eml.xsd"
packageId="857bce66-f762-11e1-a439-00145eb45e9a"  system="http://gbif.org" scope="system"
xml:lang="en">
    <dataset>
        <alternateIdentifier>10.15468/ynjblx</alternateIdentifier>
        <alternateIdentifier>1104</alternateIdentifier>
        <title>ZOBODAT (Zoological Botanical Database)</title>
        <creator>
            <organizationName>Oberösterreichische Landeskultur GmbH/Biologiezentrum</organizationName>
        </creator>
        <metadataProvider>
            <organizationName>Michael Malicky</organizationName>
            <electronicMailAddress>michael.malicky@ooelkg.at</electronicMailAddress>
        </metadataProvider>
        <pubDate>
                2024-01-01
        </pubDate>
        <language>en</language>
        <abstract>
            <para>ZOBODAT (Zooligical-Botanical Database, formerly ZOODAT) is a digital, biogeographical database including analysis, documentation and communication facilities. Founded in 1972 by Univ.-Prof. Dr. Ernst Rudolf Reichl</para><para>ZOBODAT is available online at:</para><para>www.zobodat.at</para>
        </abstract>
        <intellectualRights>
            <para>To the extent possible under law, the publisher has waived all rights to these data and has dedicated them to the <ulink url="http://creativecommons.org/publicdomain/zero/1.0/legalcode"><citetitle>Public Domain (CC0 1.0)</citetitle></ulink>. Users may copy, modify, distribute and use the work, including for commercial purposes, without restriction.</para>
        </intellectualRights>
        <licensed>
            <licenseName>Creative Commons Zero v1.0 Universal</licenseName>
            <url>https://spdx.org/licenses/CC0-1.0.html</url>
            <identifier>CC0-1.0</identifier>
        </licensed>
        <distribution scope="document">
            <online>
                <url function="download">https://www.zobodat.at/gbif/zobodat/DwCA.zip</url>
            </online>
        </distribution>
        <contact>
            <individualName>
                <surName>Michael Malicky</surName>
            </individualName>
            <electronicMailAddress>michael.malicky@ooelkg.at</electronicMailAddress>
        </contact>

    </dataset>

    <additionalMetadata>
        <metadata>
            <gbif>
                <dateStamp>2025-01-07T08:59:39Z</dateStamp>
                <citation>Biologiezentrum Linz Oberoesterreich (2024). ZOBODAT (Zoological Botanical Database). Occurrence dataset https://doi.org/10.15468/ynjblx accessed via GBIF.org on 2025-01-07.</citation>
            </gbif>
        </metadata>
    </additionalMetadata>
    </eml:eml>
