<?xml version="1.0" encoding="utf-8"?>
<eml:eml xmlns:eml="https://eml.ecoinformatics.org/eml-2.2.0" xmlns:xsi="http://www.w3.org/2001/XMLSchema-instance"
         xsi:schemaLocation="https://eml.ecoinformatics.org/eml-2.2.0 https://rs.gbif.org/schema/eml-gbif-profile/1.3/eml.xsd"
packageId="85818aea-f762-11e1-a439-00145eb45e9a"  system="http://gbif.org" scope="system"
xml:lang="en">
    <dataset>
        <alternateIdentifier>10.15468/uw1buh</alternateIdentifier>
        <alternateIdentifier>1430</alternateIdentifier>
        <title>The System-wide Information Network for Genetic Resources (SINGER)</title>
        <associatedParty>
            <individualName>
                <surName>Elizabeth Arnaud, SINGER Coordinator</surName>
            </individualName>
            <electronicMailAddress>E.ARNAUD@CGIAR.ORG</electronicMailAddress>
            <role>POINT_OF_CONTACT</role>
        </associatedParty>
        <language>ENGLISH</language>
        <abstract>
            The System-wide Information Network for Genetic Resources (SINGER) is an information exchange network of the Future Harvest Centres of the Consultative Group on International Agricultural Research (CGIAR) and associated partners.
        </abstract>
        <intellectualRights>
            <para>This work is licensed under a <ulink url="http://creativecommons.org/licenses/by/4.0/legalcode"><citetitle>Creative Commons Attribution (CC-BY) 4.0 License</citetitle></ulink>.</para>
        </intellectualRights>
        <licensed>
            <licenseName>Creative Commons Attribution 4.0 International</licenseName>
            <url>https://spdx.org/licenses/CC-BY-4.0.html</url>
            <identifier>CC-BY-4.0</identifier>
        </licensed>
        <distribution scope="document">
            <online>
                <url function="download">https://orphans.gbif.org/b8a5be24-9225-4ba5-b664-159308a4b537/85818aea-f762-11e1-a439-00145eb45e9a.zip</url>
            </online>
        </distribution>
        <maintenance>
            <description>
                <para></para>
            </description>
            <maintenanceUpdateFrequency>unkown</maintenanceUpdateFrequency>
        </maintenance>

    </dataset>

    <additionalMetadata>
        <metadata>
            <gbif>
                <dateStamp>2025-01-07T08:59:43Z</dateStamp>
                <citation>Bioversity International. The System-wide Information Network for Genetic Resources (SINGER). Occurrence dataset https://doi.org/10.15468/uw1buh accessed via GBIF.org on 2025-01-07.</citation>
                <physical>
                    <objectName>GBIF Occurrence Download</objectName>
                    <characterEncoding>UTF-8</characterEncoding>
                    <dataFormat>
                        <externallyDefinedFormat>
                            <formatName>Darwin Core Archive</formatName>
                        </externallyDefinedFormat>
                    </dataFormat>
                    <distribution>
                        <online>
                            <url function="download">http://api.gbif.org/v1/occurrence/download/request/0018120-180131172636756.zip</url>
                        </online>
                    </distribution>
                </physical>
            </gbif>
        </metadata>
    </additionalMetadata>
    </eml:eml>
