<?xml version="1.0" encoding="utf-8"?>
<eml:eml xmlns:eml="https://eml.ecoinformatics.org/eml-2.2.0" xmlns:xsi="http://www.w3.org/2001/XMLSchema-instance"
         xsi:schemaLocation="https://eml.ecoinformatics.org/eml-2.2.0 https://rs.gbif.org/schema/eml-gbif-profile/1.3/eml.xsd"
packageId="8bc47548-aaed-4ad6-96d0-85c97955a81e"  system="http://gbif.org" scope="system"
xml:lang="en">
    <dataset>
        <alternateIdentifier>10.15468/7t5ghf</alternateIdentifier>
        <alternateIdentifier>https://collections.ala.org.au/public/show/dr15870</alternateIdentifier>
        <alternateIdentifier>8bc47548-aaed-4ad6-96d0-85c97955a81e</alternateIdentifier>
        <alternateIdentifier>c715a613-595a-365d-abe8-fa0ef06f2791</alternateIdentifier>
        <title>N.C.W. Beadle Herbarium (NE) AVH data</title>
        <creator>
            <organizationName>Australia&apos;s Virtual Herbarium</organizationName>
        </creator>
        <creator>
            <organizationName>University of New England</organizationName>
        </creator>
        <creator>
            <organizationName>N.C.W. Beadle Herbarium</organizationName>
        </creator>
        <metadataProvider>
            <organizationName>Australia&apos;s Virtual Herbarium</organizationName>
        </metadataProvider>
        <associatedParty>
            <organizationName>Atlas of Living Australia</organizationName>
            <address>
                <deliveryPoint>CSIRO Ecosystems Services</deliveryPoint>
                <city>Canberra</city>
                <administrativeArea>ACT</administrativeArea>
                <postalCode>2601</postalCode>
                <country>AUSTRALIA</country>
            </address>
            <electronicMailAddress>info@ala.org.au</electronicMailAddress>
            <role>DISTRIBUTOR</role>
        </associatedParty>
        <pubDate>
                2023-06-30
        </pubDate>
        <language>ENGLISH</language>
        <abstract>
            Australasian Virtual Herbarium (AVH) data from the N.C.W. Beadle Herbarium (NE), University of New England
        </abstract>
        <intellectualRights>
            <para>This work is licensed under a <ulink url="http://creativecommons.org/licenses/by/4.0/legalcode"><citetitle>Creative Commons Attribution (CC-BY) 4.0 License</citetitle></ulink>.</para>
        </intellectualRights>
        <licensed>
            <licenseName>Creative Commons Attribution 4.0 International</licenseName>
            <url>https://spdx.org/licenses/CC-BY-4.0.html</url>
            <identifier>CC-BY-4.0</identifier>
        </licensed>
        <distribution scope="document">
            <online>
                <url function="information">https://ipt.rbg.vic.gov.au/ipt/resource?r=ne_avh</url>
            </online>
        </distribution>
        <distribution scope="document">
            <online>
                <url function="download">https://dwca-exports.ala.org.au/dr15870.zip</url>
            </online>
        </distribution>
        <purpose>&lt;para/&gt;</purpose>
        <contact>
            <individualName>
                <givenName>Jeremy J.</givenName>
                <surName>Bruhl</surName>
            </individualName>
            <positionName>editor</positionName>
            <phone>(02) 6773 2875</phone>
            <electronicMailAddress>jbruhl@metz.une.edu.au</electronicMailAddress>
        </contact>

    </dataset>

    <additionalMetadata>
        <metadata>
            <gbif>
                <dateStamp>2025-01-07T08:59:43Z</dateStamp>
                <citation>University of New England (2023). N.C.W. Beadle Herbarium (NE) AVH data. Occurrence dataset https://doi.org/10.15468/7t5ghf accessed via GBIF.org on 2025-01-07.</citation>
                <resourceLogoUrl>https://collections.ala.org.au/data/dataProvider/avh_logo_green_transparent.png</resourceLogoUrl>
            </gbif>
        </metadata>
    </additionalMetadata>
    </eml:eml>
