<?xml version="1.0" encoding="utf-8"?>
<eml:eml xmlns:eml="https://eml.ecoinformatics.org/eml-2.2.0" xmlns:xsi="http://www.w3.org/2001/XMLSchema-instance"
         xsi:schemaLocation="https://eml.ecoinformatics.org/eml-2.2.0 https://rs.gbif.org/schema/eml-gbif-profile/1.3/eml.xsd"
packageId="95e635d4-f762-11e1-a439-00145eb45e9a"  system="http://gbif.org" scope="system"
xml:lang="es">
    <dataset>
        <alternateIdentifier>10.15468/b4yqdy</alternateIdentifier>
        <alternateIdentifier>https://ipt.gbif.es/resource?r=bdbcv-general</alternateIdentifier>
        <alternateIdentifier>http://www.gbif.es/ipt/resource?r=bdbcv-general</alternateIdentifier>
        <alternateIdentifier>http://www.gbif.es/ipt/resource.do?r=bdbcv-general</alternateIdentifier>
        <alternateIdentifier>95e635d4-f762-11e1-a439-00145eb45e9a</alternateIdentifier>
        <alternateIdentifier>8004</alternateIdentifier>
        <title>Banco de Datos de la Biodiversidad de la Comunitat Valenciana</title>
        <creator>
            <individualName>
                <surName>Conselleria de Medio Ambiente, Agua, Infraestructuras y Territorio. Generalitat Valenciana</surName>
            </individualName>
            <organizationName>Conselleria de Medio Ambiente, Agua, Infraestructuras y Territorio. Generalitat Valenciana</organizationName>
            <address>
                <city>Valencia</city>
                <country>SPAIN</country>
            </address>
            <electronicMailAddress>biodiversidad_bd@gva.es</electronicMailAddress>
            <onlineUrl>http://www.bdb.gva.es/</onlineUrl>
        </creator>
        <metadataProvider>
            <individualName>
                <surName>Conselleria de Medio Ambiente, Agua, Infraestructuras y Territorio. Generalitat Valenciana</surName>
            </individualName>
            <organizationName>Conselleria de Medio Ambiente, Agua, Infraestructuras y Territorio. Generalitat Valenciana</organizationName>
            <address>
                <city>Valencia</city>
                <country>SPAIN</country>
            </address>
            <electronicMailAddress>biodiversidad_bd@gva.es</electronicMailAddress>
            <onlineUrl>http://www.bdb.gva.es/</onlineUrl>
        </metadataProvider>
        <pubDate>
                2024-12-05
        </pubDate>
        <language>SPANISH</language>
        <abstract>
            <para>El Banco de Datos de Biodiversidad de la Comunidad Valenciana, es la mayor plataforma virtual de recopilación de datos actuales sobre la distribución geográfica de las especies silvestres de la Comunidad Valenciana, que valida, por expertos en cada uno de los grupos taxonómicos y hace publicas todas las citas que son recogidas por la ciudadanía, investigadores e investigadoras, universidades, administraciones públicas y otros organismos de interés, para poder completar el conocimiento del estado de conservación de las especies silvestres que habitan la Comunidad Valenciana. 

El Banco de Datos de Biodiversidad de la Comunidad Valenciana es una base de datos gratuita y de libre acceso. 

El presente recurso publicado desde GBIF corresponde a una versión estática de lo publicado en el recurso digital www.bdb.gva.es, que se actualiza en GBIF España cada trimestre. 

 The Biodiversity Data Bank of the Valencian Community is the largest virtual platform for collecting current data on the geographical distribution of wild species in the Valencian Community, which validates, by experts in each of the taxonomic groups and makes public all the citations that are collected by citizens, researchers, universities, public administrations and other organizations of interest, in order to complete the knowledge of the conservation status of wild species that inhabit the Valencian Community. 

The Biodiversity Data Bank of the Valencian Community is a free and open access database. 

This resource published from GBIF corresponds to a static version of what is published in the digital resource www.bdb.gva.es, which is updated in GBIF Spain every 3 months.</para>
        </abstract>
        <keywordSet>
            <keyword>plantae</keyword>
            <keyword>Banco de datos de biodiversidad</keyword>
            <keyword>hongos</keyword>
            <keyword>información sobre biodiversidad</keyword>
            <keyword>distribución geográfica</keyword>
            <keyword>fauna</keyword>
            <keyword>comunidad valenciana</keyword>
            <keyword>flora</keyword>
            <keyword>taxon</keyword>
            <keyword>taxonomia</keyword>
            <keyword>animalia</keyword>
            <keywordThesaurus>n/a</keywordThesaurus>
        </keywordSet>
        <keywordSet>
            <keyword>Occurrence</keyword>
            <keywordThesaurus>GBIF Dataset Type Vocabulary: http://rs.gbif.org/vocabulary/gbif/dataset_type.xml</keywordThesaurus>
        </keywordSet>
        <keywordSet>
            <keyword>Occurrence</keyword>
            <keywordThesaurus>GBIF Dataset Type Vocabulary: http://rs.gbif.org/vocabulary/gbif/dataset_type_2015-07-10.xml</keywordThesaurus>
        </keywordSet>
        <intellectualRights>
            <para>This work is licensed under a <ulink url="http://creativecommons.org/licenses/by-nc/4.0/legalcode"><citetitle>Creative Commons Attribution Non Commercial (CC-BY-NC) 4.0 License</citetitle></ulink>.</para>
        </intellectualRights>
        <licensed>
            <licenseName>Creative Commons Attribution Non Commercial 4.0 International</licenseName>
            <url>https://spdx.org/licenses/CC-BY-NC-4.0.html</url>
            <identifier>CC-BY-NC-4.0</identifier>
        </licensed>
        <distribution scope="document">
            <online>
                <url function="information">https://bdb.gva.es/</url>
            </online>
        </distribution>
        <distribution scope="document">
            <online>
                <url function="download">https://ipt.gbif.es/archive.do?r=bdbcv-general</url>
            </online>
        </distribution>
        <coverage>
            <geographicCoverage>
                <geographicDescription>Datos exclusivamente de la Comunidad Valenciana (España)</geographicDescription>
                <boundingCoordinates>
                    <westBoundingCoordinate>-1.53</westBoundingCoordinate>
                    <eastBoundingCoordinate>1.47</eastBoundingCoordinate>
                    <northBoundingCoordinate>40.79</northBoundingCoordinate>
                    <southBoundingCoordinate>37.03</southBoundingCoordinate>
                </boundingCoordinates>
            </geographicCoverage>
            <temporalCoverage>
                <rangeOfDates>
                    <beginDate>
                        <calendarDate>                1950-01-01
</calendarDate>
                    </beginDate>
                    <endDate>
                        <calendarDate>                2013-06-25
</calendarDate>
                    </endDate>
                </rangeOfDates>
            </temporalCoverage>
            <taxonomicCoverage>
                <taxonomicClassification>
                    <taxonRankName>Phylum</taxonRankName>
                    <taxonRankValue>Marchantiophyta</taxonRankValue>
                </taxonomicClassification>
                <taxonomicClassification>
                    <taxonRankName>Kingdom</taxonRankName>
                    <taxonRankValue>Sin Reino</taxonRankValue>
                </taxonomicClassification>
                <taxonomicClassification>
                    <taxonRankName>Phylum</taxonRankName>
                    <taxonRankValue>Arthropoda</taxonRankValue>
                </taxonomicClassification>
                <taxonomicClassification>
                    <taxonRankName>Kingdom</taxonRankName>
                    <taxonRankValue>Chromista</taxonRankValue>
                </taxonomicClassification>
                <taxonomicClassification>
                    <taxonRankName>Phylum</taxonRankName>
                    <taxonRankValue>Nemertea</taxonRankValue>
                </taxonomicClassification>
                <taxonomicClassification>
                    <taxonRankName>Phylum</taxonRankName>
                    <taxonRankValue>Haptophyta</taxonRankValue>
                </taxonomicClassification>
                <taxonomicClassification>
                    <taxonRankName>Kingdom</taxonRankName>
                    <taxonRankValue>Fungi</taxonRankValue>
                </taxonomicClassification>
                <taxonomicClassification>
                    <taxonRankName>Phylum</taxonRankName>
                    <taxonRankValue>Mucoromycota</taxonRankValue>
                </taxonomicClassification>
                <taxonomicClassification>
                    <taxonRankName>Phylum</taxonRankName>
                    <taxonRankValue>Myxomycota</taxonRankValue>
                </taxonomicClassification>
                <taxonomicClassification>
                    <taxonRankName>Kingdom</taxonRankName>
                    <taxonRankValue>1780</taxonRankValue>
                </taxonomicClassification>
                <taxonomicClassification>
                    <taxonRankName>Phylum</taxonRankName>
                    <taxonRankValue>Myzozoa</taxonRankValue>
                </taxonomicClassification>
                <taxonomicClassification>
                    <taxonRankName>Phylum</taxonRankName>
                    <taxonRankValue>Ctenophora</taxonRankValue>
                </taxonomicClassification>
                <taxonomicClassification>
                    <taxonRankName>Phylum</taxonRankName>
                    <taxonRankValue>Pteridophyta</taxonRankValue>
                </taxonomicClassification>
                <taxonomicClassification>
                    <taxonRankName>Phylum</taxonRankName>
                    <taxonRankValue>Magnoliophyta</taxonRankValue>
                </taxonomicClassification>
                <taxonomicClassification>
                    <taxonRankName>Phylum</taxonRankName>
                    <taxonRankValue>Heterokontophyta</taxonRankValue>
                </taxonomicClassification>
                <taxonomicClassification>
                    <taxonRankName>Phylum</taxonRankName>
                    <taxonRankValue>Echinodermata</taxonRankValue>
                </taxonomicClassification>
                <taxonomicClassification>
                    <taxonRankName>Phylum</taxonRankName>
                    <taxonRankValue>Mollusca</taxonRankValue>
                </taxonomicClassification>
                <taxonomicClassification>
                    <taxonRankName>Phylum</taxonRankName>
                    <taxonRankValue>Tracheophyta</taxonRankValue>
                </taxonomicClassification>
                <taxonomicClassification>
                    <taxonRankName>Kingdom</taxonRankName>
                    <taxonRankValue>Animalia</taxonRankValue>
                </taxonomicClassification>
                <taxonomicClassification>
                    <taxonRankName>Phylum</taxonRankName>
                    <taxonRankValue>Sin Phylum</taxonRankValue>
                </taxonomicClassification>
                <taxonomicClassification>
                    <taxonRankName>Kingdom</taxonRankName>
                    <taxonRankValue>Protozoa</taxonRankValue>
                </taxonomicClassification>
                <taxonomicClassification>
                    <taxonRankName>Phylum</taxonRankName>
                    <taxonRankValue>Ascomycota</taxonRankValue>
                </taxonomicClassification>
                <taxonomicClassification>
                    <taxonRankName>Phylum</taxonRankName>
                    <taxonRankValue>Platyhelminthes</taxonRankValue>
                </taxonomicClassification>
                <taxonomicClassification>
                    <taxonRankName>Phylum</taxonRankName>
                    <taxonRankValue>Bacillariophyta</taxonRankValue>
                </taxonomicClassification>
                <taxonomicClassification>
                    <taxonRankName>Phylum</taxonRankName>
                    <taxonRankValue>Chromophyta</taxonRankValue>
                </taxonomicClassification>
                <taxonomicClassification>
                    <taxonRankName>Phylum</taxonRankName>
                    <taxonRankValue>Pinophyta</taxonRankValue>
                </taxonomicClassification>
                <taxonomicClassification>
                    <taxonRankName>Kingdom</taxonRankName>
                    <taxonRankValue>Bacteria</taxonRankValue>
                </taxonomicClassification>
                <taxonomicClassification>
                    <taxonRankName>Phylum</taxonRankName>
                    <taxonRankValue>Ciliophora</taxonRankValue>
                </taxonomicClassification>
                <taxonomicClassification>
                    <taxonRankName>Phylum</taxonRankName>
                    <taxonRankValue>Bryozoa</taxonRankValue>
                </taxonomicClassification>
                <taxonomicClassification>
                    <taxonRankName>Phylum</taxonRankName>
                    <taxonRankValue>Bryophyta</taxonRankValue>
                </taxonomicClassification>
                <taxonomicClassification>
                    <taxonRankName>Phylum</taxonRankName>
                    <taxonRankValue>Rotifera</taxonRankValue>
                </taxonomicClassification>
                <taxonomicClassification>
                    <taxonRankName>Phylum</taxonRankName>
                    <taxonRankValue>Basiodiomycota</taxonRankValue>
                </taxonomicClassification>
                <taxonomicClassification>
                    <taxonRankName>Phylum</taxonRankName>
                    <taxonRankValue>Cyanobacteria</taxonRankValue>
                </taxonomicClassification>
                <taxonomicClassification>
                    <taxonRankName>Phylum</taxonRankName>
                    <taxonRankValue>Annelida</taxonRankValue>
                </taxonomicClassification>
                <taxonomicClassification>
                    <taxonRankName>Phylum</taxonRankName>
                    <taxonRankValue>Brachiopoda</taxonRankValue>
                </taxonomicClassification>
                <taxonomicClassification>
                    <taxonRankName>Phylum</taxonRankName>
                    <taxonRankValue>Animalia</taxonRankValue>
                </taxonomicClassification>
                <taxonomicClassification>
                    <taxonRankName>Phylum</taxonRankName>
                    <taxonRankValue>Chordata</taxonRankValue>
                </taxonomicClassification>
                <taxonomicClassification>
                    <taxonRankName>Phylum</taxonRankName>
                    <taxonRankValue>Rhodophyta</taxonRankValue>
                </taxonomicClassification>
                <taxonomicClassification>
                    <taxonRankName>Phylum</taxonRankName>
                    <taxonRankValue>Amoebozoa</taxonRankValue>
                </taxonomicClassification>
                <taxonomicClassification>
                    <taxonRankName>Phylum</taxonRankName>
                    <taxonRankValue>Charophyta</taxonRankValue>
                </taxonomicClassification>
                <taxonomicClassification>
                    <taxonRankName>Phylum</taxonRankName>
                    <taxonRankValue>Chlorophyta</taxonRankValue>
                </taxonomicClassification>
                <taxonomicClassification>
                    <taxonRankName>Phylum</taxonRankName>
                    <taxonRankValue>Protozoa incertae sedis</taxonRankValue>
                </taxonomicClassification>
                <taxonomicClassification>
                    <taxonRankName>Phylum</taxonRankName>
                    <taxonRankValue>Porifera</taxonRankValue>
                </taxonomicClassification>
                <taxonomicClassification>
                    <taxonRankName>Kingdom</taxonRankName>
                    <taxonRankValue>Plantae</taxonRankValue>
                </taxonomicClassification>
                <taxonomicClassification>
                    <taxonRankName>Phylum</taxonRankName>
                    <taxonRankValue>Nematoda</taxonRankValue>
                </taxonomicClassification>
                <taxonomicClassification>
                    <taxonRankName>Phylum</taxonRankName>
                    <taxonRankValue>Sipuncula</taxonRankValue>
                </taxonomicClassification>
                <taxonomicClassification>
                    <taxonRankName>Phylum</taxonRankName>
                    <taxonRankValue>Foraminifera</taxonRankValue>
                </taxonomicClassification>
                <taxonomicClassification>
                    <taxonRankName>Phylum</taxonRankName>
                    <taxonRankValue>Ochrophyta</taxonRankValue>
                </taxonomicClassification>
                <taxonomicClassification>
                    <taxonRankName>Phylum</taxonRankName>
                    <taxonRankValue>Gnetophyta</taxonRankValue>
                </taxonomicClassification>
                <taxonomicClassification>
                    <taxonRankName>Phylum</taxonRankName>
                    <taxonRankValue>Cnidaria</taxonRankValue>
                </taxonomicClassification>
            </taxonomicCoverage>
        </coverage>
        <maintenance>
            <description>
                <para></para>
            </description>
            <maintenanceUpdateFrequency>notPlanned</maintenanceUpdateFrequency>
        </maintenance>
        <contact>
            <individualName>
                <surName>Conselleria de Medio Ambiente, Agua, Infraestructuras y Territorio. Generalitat Valenciana</surName>
            </individualName>
            <organizationName>Conselleria de Medio Ambiente, Agua, Infraestructuras y Territorio. Generalitat Valenciana</organizationName>
            <positionName>Organización</positionName>
            <address>
                <city>Valencia</city>
                <country>SPAIN</country>
            </address>
            <electronicMailAddress>biodiversidad_bd@gva.es</electronicMailAddress>
            <onlineUrl>http://www.bdb.gva.es/</onlineUrl>
        </contact>
        <methods>
            <methodStep>
                <description>
                    <para>Revisión de la cita por expertos para su validación y publicación en internet</para>
                </description>
            </methodStep>
            <qualityControl>
                <description>
                    <para>Gran sistema de validación de todas las citas ofrecidas en internet, expertos en todos los grupos taxonómicos presentes en la Comunidad Valenciana, cada dato es revisado con exhaustividad para darle una fiabilidad al recurso que se consulta</para>
                </description>
            </qualityControl>
        </methods>

            <project id="BDBCV">
                <title>Banco de Datos de Biodiversidad de la Comunidad Valenciana</title>
                <personnel>
                    <individualName>
                    <givenName>Generalitat</givenName>
                    <surName>Valenciana</surName>
                    </individualName>
                    <role>CUSTODIAN_STEWARD</role>
                </personnel>
                <abstract>
                    <para>El Banco de Datos de Biodiversidad de la Comunidad Valenciana, es la mayor plataforma virtual de recopilación de datos actuales sobre la distribución geográfica de las especies silvestres de la Comunidad Valenciana, que valida, por expertos en cada uno de los grupos taxonómicos y hace publicas todas las citas que son recogidas por la ciudadanía, investigadores e investigadoras, universidades, administraciones públicas y otros organismos de interés, para poder completar el conocimiento del estado de conservación de las especies silvestres que habitan la Comunidad Valenciana.</para>
                </abstract>
                <funding>
                    <para></para>
                </funding>
            </project>
    </dataset>

    <additionalMetadata>
        <metadata>
            <gbif>
                <dateStamp>2025-01-07T08:59:40Z</dateStamp>
                <citation>Conselleria de Medio Ambiente, Agua, Infraestructuras y Territorio. Generalitat Valenciana (2024). Banco de Datos de la Biodiversidad de la Comunitat Valenciana. Biodiversity data bank of Generalitat Valenciana. Occurrence dataset https://doi.org/10.15468/b4yqdy accessed via GBIF.org on 2025-01-07.</citation>
                <resourceLogoUrl>https://ipt.gbif.es/logo.do?r=bdbcv-general</resourceLogoUrl>
            </gbif>
        </metadata>
    </additionalMetadata>
    </eml:eml>
