<?xml version="1.0" encoding="utf-8"?>
<eml:eml xmlns:eml="https://eml.ecoinformatics.org/eml-2.2.0" xmlns:xsi="http://www.w3.org/2001/XMLSchema-instance"
         xsi:schemaLocation="https://eml.ecoinformatics.org/eml-2.2.0 https://rs.gbif.org/schema/eml-gbif-profile/1.3/eml.xsd"
packageId="96b9eec4-f762-11e1-a439-00145eb45e9a"  system="http://gbif.org" scope="system"
xml:lang="en">
    <dataset>
        <alternateIdentifier>10.15468/qnv1aq</alternateIdentifier>
        <alternateIdentifier>https://ipt.gbif.es/resource?r=sureste</alternateIdentifier>
        <alternateIdentifier>96b9eec4-f762-11e1-a439-00145eb45e9a</alternateIdentifier>
        <alternateIdentifier>8406</alternateIdentifier>
        <title>Herbario de Universidad de Murcia: MUB</title>
        <creator>
            <organizationName>Department of Plant Biology. Faculty of Biological Sciences. Univ. Murcia</organizationName>
        </creator>
        <creator>
            <individualName>
                <givenName>Pedro</givenName>
                <surName>Sánchez Gómez</surName>
            </individualName>
            <organizationName>Department of Plant Biology. Faculty of Biological Sciences. Univ. Murcia</organizationName>
            <address>
                <country>SPAIN</country>
            </address>
            <electronicMailAddress>psgomez@um.es</electronicMailAddress>
        </creator>
        <metadataProvider>
            <individualName>
                <givenName>Pedro</givenName>
                <surName>Sánchez Gómez</surName>
            </individualName>
            <organizationName>Department of Plant Biology. Faculty of Biological Sciences. Univ. Murcia</organizationName>
            <address>
                <country>SPAIN</country>
            </address>
            <electronicMailAddress>psgomez@um.es</electronicMailAddress>
        </metadataProvider>
        <pubDate>
                2020-06-17
        </pubDate>
        <language>ENGLISH</language>
        <abstract>
            <para>Colección de cormófitos depositada en MUB, con ejemplares procedentes en su mayorí­a del Sureste Ibérico (colección SURESTE). Contiene numerosas especies endémicas de la Península Ibérica e iberoafricanismos.</para>
<para>Note: this dataset was previously orphaned. It has been rescued by ① extracting it from the GBIF.org index (see GBIF Download in External Data) and ② republishing it on this IPT data hosting centre as version 1.0.</para>
        </abstract>
        <keywordSet>
            <keyword>Occurrence</keyword>
            <keywordThesaurus>GBIF Dataset Type Vocabulary: http://rs.gbif.org/vocabulary/gbif/dataset_type.xml</keywordThesaurus>
        </keywordSet>
        <intellectualRights>
            <para>This work is licensed under a <ulink url="http://creativecommons.org/licenses/by-nc/4.0/legalcode"><citetitle>Creative Commons Attribution Non Commercial (CC-BY-NC) 4.0 License</citetitle></ulink>.</para>
        </intellectualRights>
        <licensed>
            <licenseName>Creative Commons Attribution Non Commercial 4.0 International</licenseName>
            <url>https://spdx.org/licenses/CC-BY-NC-4.0.html</url>
            <identifier>CC-BY-NC-4.0</identifier>
        </licensed>
        <distribution scope="document">
            <online>
                <url function="information">http://www.um.es/herbariosureste/principal.htm</url>
            </online>
        </distribution>
        <distribution scope="document">
            <online>
                <url function="download">https://ipt.gbif.es/archive.do?r=sureste</url>
            </online>
        </distribution>
        <maintenance>
            <description>
                <para></para>
            </description>
            <maintenanceUpdateFrequency>unkown</maintenanceUpdateFrequency>
        </maintenance>
        <contact>
            <individualName>
                <givenName>Pedro</givenName>
                <surName>Sánchez Gómez</surName>
            </individualName>
            <organizationName>Department of Plant Biology. Faculty of Biological Sciences. Univ. Murcia</organizationName>
            <address>
                <country>SPAIN</country>
            </address>
            <electronicMailAddress>psgomez@um.es</electronicMailAddress>
        </contact>

    </dataset>

    <additionalMetadata>
        <metadata>
            <gbif>
                <dateStamp>2025-01-07T08:59:45Z</dateStamp>
                <citation>Sánchez Gómez P (2020). Herbario de Universidad de Murcia: MUB. Department of Plant Biology. Faculty of Biological Sciences. Univ. Murcia. Occurrence dataset https://doi.org/10.15468/qnv1aq accessed via GBIF.org on 2025-01-07.</citation>
                <physical>
                    <objectName>GBIF Occurrence Download</objectName>
                    <characterEncoding>UTF-8</characterEncoding>
                    <dataFormat>
                        <externallyDefinedFormat>
                            <formatName>Darwin Core Archive</formatName>
                        </externallyDefinedFormat>
                    </dataFormat>
                    <distribution>
                        <online>
                            <url function="download">http://api.gbif.org/v1/occurrence/download/request/0002053-180131172636756.zip</url>
                        </online>
                    </distribution>
                </physical>
            </gbif>
        </metadata>
    </additionalMetadata>
    </eml:eml>
