<?xml version="1.0" encoding="utf-8"?>
<eml:eml xmlns:eml="https://eml.ecoinformatics.org/eml-2.2.0" xmlns:xsi="http://www.w3.org/2001/XMLSchema-instance"
         xsi:schemaLocation="https://eml.ecoinformatics.org/eml-2.2.0 https://rs.gbif.org/schema/eml-gbif-profile/1.3/eml.xsd"
packageId="9f6f3c1c-b8b2-4d1d-be3e-36217e1cb9b8"  system="http://gbif.org" scope="system"
xml:lang="en">
    <dataset>
        <alternateIdentifier>10.15468/tqcbr0</alternateIdentifier>
        <alternateIdentifier>https://ipt.gbif.es/resource?r=vit-vasculares</alternateIdentifier>
        <alternateIdentifier>http://ipt.gbif.es/resource?r=vit-vasculares</alternateIdentifier>
        <alternateIdentifier>9f6f3c1c-b8b2-4d1d-be3e-36217e1cb9b8</alternateIdentifier>
        <alternateIdentifier>http://www.gbif.es/ipt/resource?r=vit-vasculares</alternateIdentifier>
        <title>VIT Herbarium - Vascular Plants (The Natural History Museum of Alava)</title>
        <creator>
            <individualName>
                <givenName>Marta</givenName>
                <surName>Infante Sánchez</surName>
            </individualName>
            <organizationName>Museo de Ciencias Naturales de Álava/Arabako Natur Zientzien Museoa</organizationName>
            <positionName>associate curator</positionName>
            <address>
                <deliveryPoint>Siervas de Jesús 24</deliveryPoint>
                <city>Vitoria-Gasteiz</city>
                <administrativeArea>Álava</administrativeArea>
                <postalCode>E-01001</postalCode>
                <country>SPAIN</country>
            </address>
            <phone>+ 34 945 181924</phone>
            <electronicMailAddress>bazzania.vit@gmail.com</electronicMailAddress>
            <onlineUrl>https://naturazientzienmuseoa.eus/es/</onlineUrl>
        </creator>
        <creator>
            <individualName>
                <givenName>Patxi</givenName>
                <surName>Heras Pérez</surName>
            </individualName>
            <organizationName>Museo de Ciencias Naturales de Álava/Arabako Natur Zientzien Museoa</organizationName>
            <positionName>Curator</positionName>
            <address>
                <deliveryPoint>Siervas de Jesús 24</deliveryPoint>
                <city>Vitoria-Gasteiz</city>
                <administrativeArea>Álava</administrativeArea>
                <postalCode>E-01001</postalCode>
                <country>SPAIN</country>
            </address>
            <phone>+34945181924</phone>
            <electronicMailAddress>bazzania.vit@gmail.com</electronicMailAddress>
            <onlineUrl>https://naturazientzienmuseoa.eus/es/</onlineUrl>
        </creator>
        <metadataProvider>
            <individualName>
                <givenName>Patxi</givenName>
                <surName>Heras Pérez</surName>
            </individualName>
            <organizationName>Museo de Ciencias Naturales de Álava/Arabako Natur Zientzien Museoa</organizationName>
            <positionName>Curator</positionName>
            <address>
                <deliveryPoint>Siervas de Jesús 24</deliveryPoint>
                <city>Vitoria-Gasteiz</city>
                <administrativeArea>Álava</administrativeArea>
                <postalCode>E-01001</postalCode>
                <country>SPAIN</country>
            </address>
            <phone>+ 34 945 181924</phone>
            <electronicMailAddress>bazzania.vit@gmail.com</electronicMailAddress>
            <onlineUrl>https://naturazientzienmuseoa.eus/es/</onlineUrl>
        </metadataProvider>
        <associatedParty>
            <individualName>
                <givenName>Jesús</givenName>
                <surName>Alonso Ramírez</surName>
            </individualName>
            <organizationName>Museo de Ciencias Naturales de Álava/Arabako Natur Zientzien Museoa</organizationName>
            <positionName>Director</positionName>
            <address>
                <deliveryPoint>Siervas de Jesús 24</deliveryPoint>
                <city>Vitoria-Gasteiz</city>
                <administrativeArea>Álava</administrativeArea>
                <postalCode>E-01001</postalCode>
                <country>SPAIN</country>
            </address>
            <phone>+ 34 945 181924</phone>
            <electronicMailAddress>jalonso@araba.eus</electronicMailAddress>
            <onlineUrl>https://naturazientzienmuseoa.eus/es/</onlineUrl>
            <role>CUSTODIAN_STEWARD</role>
        </associatedParty>
        <pubDate>
                2023-05-12
        </pubDate>
        <language>SPANISH</language>
        <abstract>
            VIT herbarium-Vasculars (Ferns and Phanerogams) contains ca. 139.000 sheets belonging to ca. 9.650 taxones. It contains 119 types. 70% of this collection is computerized. It was founded in 1975 by Pedro Uribe-Echebarría and Luis Antonio Pérez de Heredia, most of its specimens have been collected since then, but it also holds two historical herbaria, one dating from the XVIIIth century (Lorenzo Prestamero&amp;#39;s herbarium) and the other from the XIXth century (José María de Lacoizqueta&amp;#39;s herbarium).
        </abstract>
        <keywordSet>
            <keyword>Occurrence</keyword>
            <keywordThesaurus>GBIF Dataset Type Vocabulary: http://rs.gbif.org/vocabulary/gbif/dataset_type.xml</keywordThesaurus>
        </keywordSet>
        <keywordSet>
            <keyword>Specimen</keyword>
            <keywordThesaurus>GBIF Dataset Subtype Vocabulary: http://rs.gbif.org/vocabulary/gbif/dataset_subtype.xml</keywordThesaurus>
        </keywordSet>
        <keywordSet>
            <keyword>Occurrence</keyword>
            <keywordThesaurus>GBIF Dataset Type Vocabulary: http://rs.gbif.org/vocabulary/gbif/dataset_type_2015-07-10.xml</keywordThesaurus>
        </keywordSet>
        <intellectualRights>
            <para>This work is licensed under a <ulink url="http://creativecommons.org/licenses/by-nc/4.0/legalcode"><citetitle>Creative Commons Attribution Non Commercial (CC-BY-NC) 4.0 License</citetitle></ulink>.</para>
        </intellectualRights>
        <licensed>
            <licenseName>Creative Commons Attribution Non Commercial 4.0 International</licenseName>
            <url>https://spdx.org/licenses/CC-BY-NC-4.0.html</url>
            <identifier>CC-BY-NC-4.0</identifier>
        </licensed>
        <distribution scope="document">
            <online>
                <url function="download">https://ipt.gbif.es/archive.do?r=vit-vasculares</url>
            </online>
        </distribution>
        <coverage>
            <geographicCoverage>
                <geographicDescription>Best represented geographic areas: Spain (Basque region, Ebro valley, Aragón, Iberian Range, Cantabrian Range, Pyrenees). Others: Europe (France, Great Britain), Africa (Morocco), South America (Brazil, Peru).</geographicDescription>
                <boundingCoordinates>
                    <westBoundingCoordinate>-180</westBoundingCoordinate>
                    <eastBoundingCoordinate>180</eastBoundingCoordinate>
                    <northBoundingCoordinate>90</northBoundingCoordinate>
                    <southBoundingCoordinate>-90</southBoundingCoordinate>
                </boundingCoordinates>
            </geographicCoverage>
            <taxonomicCoverage>
                <taxonomicClassification>
                    <taxonRankName>Kingdom</taxonRankName>
                    <taxonRankValue>Plantae</taxonRankValue>
                    <commonName>Plants</commonName>
                </taxonomicClassification>
                <taxonomicClassification>
                    <taxonRankName>Phylum</taxonRankName>
                    <taxonRankValue>Tracheophyta</taxonRankValue>
                    <commonName>Vascular plants</commonName>
                </taxonomicClassification>
            </taxonomicCoverage>
        </coverage>
        <maintenance>
            <description>
                <para></para>
            </description>
            <maintenanceUpdateFrequency>irregular</maintenanceUpdateFrequency>
        </maintenance>
        <contact>
            <individualName>
                <givenName>Patxi</givenName>
                <surName>Heras Pérez</surName>
            </individualName>
            <organizationName>Museo de Ciencias Naturales de Álava/Arabako Natur Zientzien Museoa</organizationName>
            <positionName>Curator</positionName>
            <address>
                <deliveryPoint>Siervas de Jesús 24</deliveryPoint>
                <city>Vitoria-Gasteiz</city>
                <administrativeArea>Álava</administrativeArea>
                <postalCode>E-01001</postalCode>
                <country>SPAIN</country>
            </address>
            <phone>+ 34 945 181924</phone>
            <electronicMailAddress>bazzania.vit@gmail.com</electronicMailAddress>
            <onlineUrl>https://naturazientzienmuseoa.eus/es/</onlineUrl>
        </contact>
        <contact>
            <individualName>
                <givenName>Jesús</givenName>
                <surName>Alonso Ramírez</surName>
            </individualName>
            <organizationName>Museo de Ciencias Naturales de Álava/Arabako Natur Zientzien Museoa</organizationName>
            <positionName>Custodian - director</positionName>
            <address>
                <deliveryPoint>Siervas de Jesús 24</deliveryPoint>
                <city>Vitoria-Gasteiz</city>
                <administrativeArea>Álava</administrativeArea>
                <postalCode>E-01001</postalCode>
                <country>SPAIN</country>
            </address>
            <phone>+ 34 945 181924</phone>
            <electronicMailAddress>jalonso@araba.eus</electronicMailAddress>
            <onlineUrl>https://naturazientzienmuseoa.eus/es/</onlineUrl>
        </contact>

    </dataset>

    <additionalMetadata>
        <metadata>
            <gbif>
                <dateStamp>2025-01-07T08:59:35Z</dateStamp>
                <citation>Infante Sánchez M, Heras Pérez P (2023). VIT Herbarium - Vascular Plants (The Natural History Museum of Alava). Version 1.13. Natural History Museum of Alava (Museo de Ciencias Naturales de Álava / Arabako Natura Zientzien Museoa). Occurrence dataset https://doi.org/10.15468/tqcbr0 accessed via GBIF.org on 2025-01-07.</citation>
                <resourceLogoUrl>https://ipt.gbif.es/logo.do?r=vit-vasculares</resourceLogoUrl>
                <collection>
                    <parentCollectionIdentifier>VIT Herbarium</parentCollectionIdentifier>
                    <collectionIdentifier>VIT-Vasculares</collectionIdentifier>
                    <collectionName>VIT -Vasculares</collectionName>
                </collection>
                <formationPeriod>1975-current</formationPeriod>
                <specimenPreservationMethod>DRIED_AND_PRESSED</specimenPreservationMethod>
                <jgtiCuratorialUnit>
                    <jgtiUnitType>sheets</jgtiUnitType>
                    <jgtiUnits uncertaintyMeasure="200">139,000</jgtiUnits>
                </jgtiCuratorialUnit>
            </gbif>
        </metadata>
    </additionalMetadata>
    </eml:eml>
