<?xml version="1.0" encoding="utf-8"?>
<eml:eml xmlns:eml="https://eml.ecoinformatics.org/eml-2.2.0" xmlns:xsi="http://www.w3.org/2001/XMLSchema-instance"
         xsi:schemaLocation="https://eml.ecoinformatics.org/eml-2.2.0 https://rs.gbif.org/schema/eml-gbif-profile/1.3/eml.xsd"
packageId="af194990-12ae-4403-a66b-c1499d2f756b"  system="http://gbif.org" scope="system"
xml:lang="en">
    <dataset>
        <alternateIdentifier>10.15468/sqn34j</alternateIdentifier>
        <alternateIdentifier>af194990-12ae-4403-a66b-c1499d2f756b</alternateIdentifier>
        <alternateIdentifier>https://collections.ala.org.au/public/show/dr7729</alternateIdentifier>
        <alternateIdentifier>d80ce72f-18bd-373c-8cda-6b6897f389c3</alternateIdentifier>
        <title>Banksia Woodlands Restoration Project Survey</title>
        <creator>
            <organizationName>NatureMap</organizationName>
        </creator>
        <metadataProvider>
            <organizationName>NatureMap</organizationName>
        </metadataProvider>
        <associatedParty>
            <organizationName>Atlas of Living Australia</organizationName>
            <address>
                <deliveryPoint>CSIRO Ecosystems Services</deliveryPoint>
                <city>Canberra</city>
                <administrativeArea>ACT</administrativeArea>
                <postalCode>2601</postalCode>
                <country>AUSTRALIA</country>
            </address>
            <electronicMailAddress>info@ala.org.au</electronicMailAddress>
            <role>DISTRIBUTOR</role>
        </associatedParty>
        <pubDate>
                2019-09-26
        </pubDate>
        <language>ENGLISH</language>
        <abstract>
            Flora survey quadrat data compiled as part of the Banksia Woodland Restoration Project.
        </abstract>
        <intellectualRights>
            <para>This work is licensed under a <ulink url="http://creativecommons.org/licenses/by/4.0/legalcode"><citetitle>Creative Commons Attribution (CC-BY) 4.0 License</citetitle></ulink>.</para>
        </intellectualRights>
        <licensed>
            <licenseName>Creative Commons Attribution 4.0 International</licenseName>
            <url>https://spdx.org/licenses/CC-BY-4.0.html</url>
            <identifier>CC-BY-4.0</identifier>
        </licensed>
        <distribution scope="document">
            <online>
                <url function="information">https://naturemap.dpaw.wa.gov.au/</url>
            </online>
        </distribution>
        <distribution scope="document">
            <online>
                <url function="download">https://dwca-exports.ala.org.au/dr7729.zip</url>
            </online>
        </distribution>
        <purpose>&lt;para/&gt;</purpose>
        <contact>
            <individualName>
                <givenName>Vanda</givenName>
                <surName>Longman</surName>
            </individualName>
            <positionName>editor</positionName>
        </contact>

    </dataset>

    <additionalMetadata>
        <metadata>
            <gbif>
                <dateStamp>2025-01-07T08:59:32Z</dateStamp>
                <citation>NatureMap (2019). Banksia Woodlands Restoration Project Survey. Occurrence dataset https://doi.org/10.15468/sqn34j accessed via GBIF.org on 2025-01-07.</citation>
                <resourceLogoUrl>https://collections.ala.org.au/data/dataProvider/wa-gov.jpg</resourceLogoUrl>
            </gbif>
        </metadata>
    </additionalMetadata>
    </eml:eml>
