<?xml version="1.0" encoding="utf-8"?>
<eml:eml xmlns:eml="https://eml.ecoinformatics.org/eml-2.2.0" xmlns:xsi="http://www.w3.org/2001/XMLSchema-instance"
         xsi:schemaLocation="https://eml.ecoinformatics.org/eml-2.2.0 https://rs.gbif.org/schema/eml-gbif-profile/1.3/eml.xsd"
packageId="c525b217-2f59-4b71-a173-68d13da5e8a7"  system="http://gbif.org" scope="system"
xml:lang="pt">
    <dataset>
        <alternateIdentifier>10.15468/3f1k1r</alternateIdentifier>
        <alternateIdentifier>c525b217-2f59-4b71-a173-68d13da5e8a7</alternateIdentifier>
        <alternateIdentifier>http://ipt1.cria.org.br/ipt/resource?r=has</alternateIdentifier>
        <title>HAS - Herbário Alarich Rudolf Holger Schultz</title>
        <creator>
            <individualName>
                <givenName>Rosana</givenName>
                <surName>Moreno Senna</surName>
            </individualName>
            <organizationName>Museu de Ciências Naturais - Fundação Zoobotânica do Rio Grande do Sul (MCN-FZBRS)</organizationName>
            <positionName>Curadora</positionName>
            <address>
                <deliveryPoint>Rua Dr. Salvador França, 1427 - Bairro Jardim Botânico</deliveryPoint>
                <city>Porto Alegre</city>
                <administrativeArea>Rio Grande do Sul</administrativeArea>
                <postalCode>90690-000</postalCode>
                <country>BRAZIL</country>
            </address>
            <electronicMailAddress>rosana-senna@sema.rs.gov.br</electronicMailAddress>
            <onlineUrl>http://www.fzb.rs.gov.br</onlineUrl>
        </creator>
        <metadataProvider>
            <individualName>
                <givenName>Rosana</givenName>
                <surName>Moreno Senna</surName>
            </individualName>
            <organizationName>Museu de Ciências Naturais - Fundação Zoobotânica do Rio Grande do Sul (MCN-FZBRS)</organizationName>
            <positionName>Curadora</positionName>
            <address>
                <deliveryPoint>Rua Dr. Salvador França, 1427 - Bairro Jardim Botânico</deliveryPoint>
                <city>Porto Alegre</city>
                <administrativeArea>Rio Grande do Sul</administrativeArea>
                <postalCode>90690-000</postalCode>
                <country>BRAZIL</country>
            </address>
            <electronicMailAddress>rosana-senna@sema.rs.gov.br</electronicMailAddress>
            <onlineUrl>http://www.fzb.rs.gov.br</onlineUrl>
        </metadataProvider>
        <associatedParty>
            <individualName>
                <surName>speciesLink Network</surName>
            </individualName>
            <organizationName>Centro de Referência em Informação Ambiental, CRIA</organizationName>
            <positionName>Network</positionName>
            <address>
                <deliveryPoint>Rua João Carlos do Amaral, 500, casa 01</deliveryPoint>
                <city>Campinas</city>
                <administrativeArea>São Paulo</administrativeArea>
                <postalCode>13070-111</postalCode>
                <country>BRAZIL</country>
            </address>
            <electronicMailAddress>helpdesk@cria.org.br</electronicMailAddress>
            <onlineUrl>https://specieslink.net</onlineUrl>
            <role>CUSTODIAN_STEWARD</role>
        </associatedParty>
        <pubDate>
                2025-01-05
        </pubDate>
        <language>PORTUGUESE</language>
        <abstract>
            <para>O herbário HAS faz parte do rol de acervos científicos do Museu de Ciências Naturais, Secretaria Estadual do Meio Ambiente e infraestrutura do Rio Grande do Sul, SEMA RS. Em 1970 já estava sendo organizado como coleção e somente em 1975 foi efetivamente oficializado, e seu nome é uma homenagem ao botânico e professor da Universidade Federal do RS, Dr. Alarich R.H. Schultz que tanto contribuiu para o conhecimento da botânica regional. O acervo é formado, em grande parte, por espécimes coletadas no Rio Grande do Sul, oriundas de ecossistemas florestais, campestres e aquáticos, e também de espécimes congregadas via intercâmbio com herbários nacionais e internacionais. Em 1989, o HAS recebeu aproximadamente 50.000 exemplares de plantas vasculares do extinto herbário IPRNR, da Secretaria da Agricultura do RS. Atualmente, o acervo total tem 150.000 registros estimados, inclui angiospermas, gimnospermas, pteridófitas, briófitas, algas, fungos e liquens. Para efeitos de acondicionamento e curadoria, devido às peculiaridades de cada tipo de coleção, o Herbário foi organizado em dois setores. Um de plantas, fungos e liquens (127.300 registros estimados) e outro só de algas (22.700 registros). Esta separação também foi adotada no speciesLink (HAS e HAS-algae).</para>
        </abstract>
        <keywordSet>
            <keyword>Occurrence</keyword>
            <keywordThesaurus>GBIF Dataset Type Vocabulary: http://rs.gbif.org/vocabulary/gbif/dataset_type.xml</keywordThesaurus>
        </keywordSet>
        <keywordSet>
            <keyword>Specimen</keyword>
            <keywordThesaurus>GBIF Dataset Subtype Vocabulary: http://rs.gbif.org/vocabulary/gbif/dataset_subtype.xml</keywordThesaurus>
        </keywordSet>
        <keywordSet>
            <keyword>Occurrence</keyword>
            <keywordThesaurus>GBIF Dataset Type Vocabulary: http://rs.gbif.org/vocabulary/gbif/dataset_type_2015-07-10.xml</keywordThesaurus>
        </keywordSet>
        <intellectualRights>
            <para>This work is licensed under a <ulink url="http://creativecommons.org/licenses/by-nc/4.0/legalcode"><citetitle>Creative Commons Attribution Non Commercial (CC-BY-NC) 4.0 License</citetitle></ulink>.</para>
        </intellectualRights>
        <licensed>
            <licenseName>Creative Commons Attribution Non Commercial 4.0 International</licenseName>
            <url>https://spdx.org/licenses/CC-BY-NC-4.0.html</url>
            <identifier>CC-BY-NC-4.0</identifier>
        </licensed>
        <distribution scope="document">
            <online>
                <url function="information">https://specieslink.net/col/262/</url>
            </online>
        </distribution>
        <distribution scope="document">
            <online>
                <url function="download">http://ipt1.cria.org.br/ipt/archive.do?r=has</url>
            </online>
        </distribution>
        <coverage>
            <geographicCoverage>
                <geographicDescription>Predominantemente Brasil</geographicDescription>
                <boundingCoordinates>
                    <westBoundingCoordinate>-74</westBoundingCoordinate>
                    <eastBoundingCoordinate>-30</eastBoundingCoordinate>
                    <northBoundingCoordinate>5.27</northBoundingCoordinate>
                    <southBoundingCoordinate>-33.75</southBoundingCoordinate>
                </boundingCoordinates>
            </geographicCoverage>
            <taxonomicCoverage>
                <taxonomicClassification>
                    <taxonRankName>Kingdom</taxonRankName>
                    <taxonRankValue>Plantae</taxonRankValue>
                </taxonomicClassification>
            </taxonomicCoverage>
        </coverage>
        <maintenance>
            <description>
                <para></para>
            </description>
            <maintenanceUpdateFrequency>monthly</maintenanceUpdateFrequency>
        </maintenance>
        <contact>
            <individualName>
                <givenName>Rosana</givenName>
                <surName>Moreno Senna</surName>
            </individualName>
            <organizationName>Museu de Ciências Naturais - Fundação Zoobotânica do Rio Grande do Sul (MCN-FZBRS)</organizationName>
            <positionName>Curadora</positionName>
            <address>
                <deliveryPoint>Rua Dr. Salvador França, 1427 - Bairro Jardim Botânico</deliveryPoint>
                <city>Porto Alegre</city>
                <administrativeArea>Rio Grande do Sul</administrativeArea>
                <postalCode>90690-000</postalCode>
                <country>BRAZIL</country>
            </address>
            <electronicMailAddress>rosana-senna@sema.rs.gov.br</electronicMailAddress>
            <onlineUrl>http://www.fzb.rs.gov.br</onlineUrl>
        </contact>

            <project >
                <title>INCT - Herbário Virtual da Flora e dos Fungos</title>
                <personnel>
                    <individualName>
                    <givenName>Leonor</givenName>
                    <surName>Costa Maia</surName>
                    </individualName>
                    <role>DISTRIBUTOR</role>
                </personnel>
                <abstract>
                    <para>O Instituto Nacional de Ciência e Tecnologia, INCT - Herbário Virtual da Flora e dos Fungos, financiado pelo Conselho Nacional de Desenvolvimento Científico e Tecnológico, CNPq, visa prover à sociedade, ao poder público e à comunidade científica infraestrutura de dados de acesso público e aberto integrando informações de acervos dos herbários do país e repatriando dados sobre coletas realizadas em solo brasileiro depositadas no exterior</para>
                </abstract>
                <funding>
                    <para>Conselho Nacional de Desenvolvimento Científico e Tecnológico, CNPq</para>
                </funding>
                <studyAreaDescription>
                    <descriptor name="generic" citableClassificationSystem="false">
                        <descriptorValue>Ocorrência de espécies de plantas e fungos no Brasil</descriptorValue>
                    </descriptor>
                </studyAreaDescription>
            </project>
    </dataset>

    <additionalMetadata>
        <metadata>
            <gbif>
                <dateStamp>2025-01-07T08:59:41Z</dateStamp>
                <citation identifier="https://specieslink.net/col/262/">Moreno Senna R (2025). HAS - Herbário Alarich Rudolf Holger Schultz. Version 1.118. Fundação Zoobotânica do Rio Grande do Sul. Occurrence dataset https://doi.org/10.15468/3f1k1r accessed via GBIF.org on 2025-01-07.</citation>
                <resourceLogoUrl>https://specieslink.net/media/ins/388/logo/std.png</resourceLogoUrl>
            </gbif>
        </metadata>
    </additionalMetadata>
    </eml:eml>
