<?xml version="1.0" encoding="utf-8"?>
<eml:eml xmlns:eml="https://eml.ecoinformatics.org/eml-2.2.0" xmlns:xsi="http://www.w3.org/2001/XMLSchema-instance"
         xsi:schemaLocation="https://eml.ecoinformatics.org/eml-2.2.0 https://rs.gbif.org/schema/eml-gbif-profile/1.3/eml.xsd"
packageId="cbd241aa-a115-4856-af66-fac5cb90f2cc"  system="http://gbif.org" scope="system"
xml:lang="fr">
    <dataset>
        <alternateIdentifier>10.15468/cjlhuy</alternateIdentifier>
        <alternateIdentifier>11502</alternateIdentifier>
        <title>Cartographie des Leguminosae (Fabaceae) en France</title>
        <associatedParty>
            <individualName>
                <surName>Equipe Informatique</surName>
            </individualName>
            <positionName>system administrator</positionName>
            <positionName>data administrator</positionName>
            <phone>+334 67 52 41 22</phone>
            <electronicMailAddress>webmestre@tela-botanica.org</electronicMailAddress>
        </associatedParty>
        <language>en</language>
        <abstract>
            Ce projet de cartographie s’inscrit dans le cadre de la Monographie des Legumineuses de France, en cours de rédaction par Pierre COULOT et Philippe RABAUTE. Un des objectifs de cette monographie est de présenter une cartographie à jour des espèces de la flore française à maille départementale, en scindant bien les données anciennes et récentes.

http://legumino.tela-botanica.org/
        </abstract>
        <intellectualRights>
            <para>This work is licensed under a <ulink url="http://creativecommons.org/licenses/by-nc/4.0/legalcode"><citetitle>Creative Commons Attribution Non Commercial (CC-BY-NC) 4.0 License</citetitle></ulink>.</para>
        </intellectualRights>
        <licensed>
            <licenseName>Creative Commons Attribution Non Commercial 4.0 International</licenseName>
            <url>https://spdx.org/licenses/CC-BY-NC-4.0.html</url>
            <identifier>CC-BY-NC-4.0</identifier>
        </licensed>
        <distribution scope="document">
            <online>
                <url function="information">http://api.tela-botanica.org/tapirlink/tapir.php/legumino</url>
            </online>
        </distribution>

    </dataset>

    <additionalMetadata>
        <metadata>
            <gbif>
                <dateStamp>2025-01-07T08:59:41Z</dateStamp>
                <citation>Tela Botanica. Cartographie des Leguminosae (Fabaceae) en France. Occurrence dataset https://doi.org/10.15468/cjlhuy accessed via GBIF.org on 2025-01-07.</citation>
            </gbif>
        </metadata>
    </additionalMetadata>
    </eml:eml>
