<?xml version="1.0" encoding="utf-8"?>
<eml:eml xmlns:eml="https://eml.ecoinformatics.org/eml-2.2.0" xmlns:xsi="http://www.w3.org/2001/XMLSchema-instance"
         xsi:schemaLocation="https://eml.ecoinformatics.org/eml-2.2.0 https://rs.gbif.org/schema/eml-gbif-profile/1.3/eml.xsd"
packageId="d0582993-28ac-4ac4-937d-cb61497e532c"  system="http://gbif.org" scope="system"
xml:lang="en">
    <dataset>
        <alternateIdentifier>10.15468/xy591j</alternateIdentifier>
        <alternateIdentifier>d0582993-28ac-4ac4-937d-cb61497e532c</alternateIdentifier>
        <alternateIdentifier>https://collections.ala.org.au/public/show/dr670</alternateIdentifier>
        <alternateIdentifier>705ae4d8-044c-33f9-9c2c-5f44d97ae63f</alternateIdentifier>
        <title>Ravensthorpe Range survey data</title>
        <creator>
            <organizationName>NatureMap</organizationName>
        </creator>
        <creator>
            <organizationName>Western Australia, Department of Biodiversity, Conservation and Attractions</organizationName>
        </creator>
        <metadataProvider>
            <organizationName>NatureMap</organizationName>
        </metadataProvider>
        <associatedParty>
            <organizationName>Atlas of Living Australia</organizationName>
            <address>
                <deliveryPoint>CSIRO Ecosystems Services</deliveryPoint>
                <city>Canberra</city>
                <administrativeArea>ACT</administrativeArea>
                <postalCode>2601</postalCode>
                <country>AUSTRALIA</country>
            </address>
            <electronicMailAddress>info@ala.org.au</electronicMailAddress>
            <role>DISTRIBUTOR</role>
        </associatedParty>
        <pubDate>
                2019-09-26
        </pubDate>
        <language>ENGLISH</language>
        <abstract>
            This datasource is comprised of two surveys undertaken in the Ravensthorpe Range between 2007 (200 quadrats) and 2009 (66 quadrats). The Ravensthorpe Range was sampled at a higher density than the BIF and greenstone survey, has had separate mapping across the range and is a major centre of diversity.

For more information on this dataset visit the BIF theme page by clicking on Themes | Banded Iron Formations (BIF) in the main menu.
        </abstract>
        <intellectualRights>
            <para>This work is licensed under a <ulink url="http://creativecommons.org/licenses/by/4.0/legalcode"><citetitle>Creative Commons Attribution (CC-BY) 4.0 License</citetitle></ulink>.</para>
        </intellectualRights>
        <licensed>
            <licenseName>Creative Commons Attribution 4.0 International</licenseName>
            <url>https://spdx.org/licenses/CC-BY-4.0.html</url>
            <identifier>CC-BY-4.0</identifier>
        </licensed>
        <distribution scope="document">
            <online>
                <url function="information">http://naturemap.dec.wa.gov.au/default.aspx</url>
            </online>
        </distribution>
        <distribution scope="document">
            <online>
                <url function="download">https://dwca-exports.ala.org.au/dr670.zip</url>
            </online>
        </distribution>
        <purpose>&lt;para/&gt;</purpose>
        <contact>
            <organizationName>Atlas of Living Australia</organizationName>
            <address>
                <deliveryPoint>CSIRO Ecosystems Services</deliveryPoint>
                <city>Canberra</city>
                <administrativeArea>ACT</administrativeArea>
                <postalCode>2601</postalCode>
                <country>AUSTRALIA</country>
            </address>
            <electronicMailAddress>info@ala.org.au</electronicMailAddress>
        </contact>

    </dataset>

    <additionalMetadata>
        <metadata>
            <gbif>
                <dateStamp>2025-01-07T08:59:43Z</dateStamp>
                <citation>Western Australia, Department of Biodiversity, Conservation and Attractions (2019). Ravensthorpe Range survey data. Occurrence dataset https://doi.org/10.15468/xy591j accessed via GBIF.org on 2025-01-07.</citation>
                <resourceLogoUrl>https://collections.ala.org.au/data/dataProvider/wa-gov.jpg</resourceLogoUrl>
            </gbif>
        </metadata>
    </additionalMetadata>
    </eml:eml>
