<?xml version="1.0" encoding="utf-8"?>
<eml:eml xmlns:eml="https://eml.ecoinformatics.org/eml-2.2.0" xmlns:xsi="http://www.w3.org/2001/XMLSchema-instance"
         xsi:schemaLocation="https://eml.ecoinformatics.org/eml-2.2.0 https://rs.gbif.org/schema/eml-gbif-profile/1.3/eml.xsd"
packageId="d446193a-7bbd-4c76-b90a-2546fcafa85c"  system="http://gbif.org" scope="system"
xml:lang="en">
    <dataset>
        <alternateIdentifier>10.15468/qwjw7w</alternateIdentifier>
        <title>Herbarium Dresdense</title>
        <creator>
            <organizationName>Technische Universität Dresden</organizationName>
        </creator>
        <metadataProvider>
            <organizationName>Frank Müller</organizationName>
            <address>
                <deliveryPoint>Zellescher Weg 20b, D-01217 Dresden, Germany</deliveryPoint>
            </address>
            <phone>+49 (37) 351 463 36032</phone>
            <electronicMailAddress>frank.mueller@tu-dresden.de</electronicMailAddress>
        </metadataProvider>
        <pubDate>
                2024-01-01
        </pubDate>
        <language>en</language>
        <abstract>
            <para>n/a</para>
        </abstract>
        <intellectualRights>
            <para>This work is licensed under a <ulink url="http://creativecommons.org/licenses/by/4.0/legalcode"><citetitle>Creative Commons Attribution (CC-BY) 4.0 License</citetitle></ulink>.</para>
        </intellectualRights>
        <licensed>
            <licenseName>Creative Commons Attribution 4.0 International</licenseName>
            <url>https://spdx.org/licenses/CC-BY-4.0.html</url>
            <identifier>CC-BY-4.0</identifier>
        </licensed>
        <distribution scope="document">
            <online>
                <url function="download">https://access.jacq.org/biocase/downloads/gbif_dr/Herbarium%20Dresdense.DwCA.zip</url>
            </online>
        </distribution>
        <contact>
            <individualName>
                <surName>Frank Müller</surName>
            </individualName>
            <address>
                <deliveryPoint>Zellescher Weg 20b, D-01217 Dresden, Germany</deliveryPoint>
            </address>
            <phone>+49 (37) 351 463 36032</phone>
            <electronicMailAddress>frank.mueller@tu-dresden.de</electronicMailAddress>
        </contact>

    </dataset>

    <additionalMetadata>
        <metadata>
            <gbif>
                <dateStamp>2025-01-07T08:59:28Z</dateStamp>
                <citation>Botanischer Garten, TU Dresden (2024). Herbarium Dresdense. Occurrence dataset https://doi.org/10.15468/qwjw7w accessed via GBIF.org on 2025-01-07.</citation>
            </gbif>
        </metadata>
    </additionalMetadata>
    </eml:eml>
