<?xml version="1.0" encoding="utf-8"?>
<eml:eml xmlns:eml="https://eml.ecoinformatics.org/eml-2.2.0" xmlns:xsi="http://www.w3.org/2001/XMLSchema-instance"
         xsi:schemaLocation="https://eml.ecoinformatics.org/eml-2.2.0 https://rs.gbif.org/schema/eml-gbif-profile/1.3/eml.xsd"
packageId="de03d6cc-50a9-4e83-aba6-7bbbff72ee66"  system="http://gbif.org" scope="system"
xml:lang="en">
    <dataset>
        <alternateIdentifier>10.15470/wanfdf</alternateIdentifier>
        <alternateIdentifier>https://ipt.my.lifewatch.eu/resource?r=invasive_plant_impacts</alternateIdentifier>
        <alternateIdentifier>de03d6cc-50a9-4e83-aba6-7bbbff72ee66</alternateIdentifier>
        <alternateIdentifier>https://ipt.gbif.es/resource?r=invasive_plant_impacts</alternateIdentifier>
        <title>Database of field studies on environmental impacts of invasive plant species in Europe</title>
        <creator>
            <individualName>
                <givenName>Alejandro</givenName>
                <surName>Trillo</surName>
            </individualName>
            <organizationName>Estación Biológica de Doñana (EBD-CSIC)</organizationName>
            <positionName>Postdoctoral researcher</positionName>
            <address>
                <deliveryPoint>Avda. Américo Vespucio 26</deliveryPoint>
                <city>Seville</city>
                <administrativeArea>Seville</administrativeArea>
                <postalCode>41092</postalCode>
                <country>SPAIN</country>
            </address>
            <electronicMailAddress>atrillo@ebd.csic.es</electronicMailAddress>
            <userId directory="https://orcid.org/">0000-0002-6944-0923</userId>
        </creator>
        <creator>
            <individualName>
                <givenName>Pilar</givenName>
                <surName>Castro-Díez</surName>
            </individualName>
            <organizationName>Departament of Live Sciences, Faculty of Sciences, University of Alcalá</organizationName>
            <positionName>Researcher</positionName>
            <address>
                <deliveryPoint>Pza. San Diego, s/n</deliveryPoint>
                <city>Alcalá de Henares</city>
                <administrativeArea>Madrid</administrativeArea>
                <postalCode>28805</postalCode>
                <country>SPAIN</country>
            </address>
            <userId directory="https://orcid.org/">0000-0002-4841-5198</userId>
        </creator>
        <creator>
            <individualName>
                <givenName>José L.</givenName>
                <surName>Espinar</surName>
            </individualName>
            <organizationName>Estación Biológica de Doñana (EBD-CSIC)</organizationName>
            <positionName>Researcher</positionName>
            <address>
                <deliveryPoint>Avda. Américo Vespucio 26</deliveryPoint>
                <city>Seville</city>
                <administrativeArea>Seville</administrativeArea>
                <postalCode>41092</postalCode>
                <country>SPAIN</country>
            </address>
        </creator>
        <creator>
            <individualName>
                <givenName>Montserrat</givenName>
                <surName>Vilà</surName>
            </individualName>
            <organizationName>Estación Biológica de Doñana (EBD-CSIC)</organizationName>
            <positionName>Principal investigator</positionName>
            <address>
                <deliveryPoint>Avda. Américo Vespucio 26</deliveryPoint>
                <city>Seville</city>
                <administrativeArea>Seville</administrativeArea>
                <postalCode>41092</postalCode>
                <country>SPAIN</country>
            </address>
            <electronicMailAddress>montse.vila@ebd.csic.es</electronicMailAddress>
            <userId directory="https://orcid.org/">0000-0003-3171-8261</userId>
        </creator>
        <metadataProvider>
            <individualName>
                <givenName>Alejandro</givenName>
                <surName>Trillo</surName>
            </individualName>
            <organizationName>Estación Biológica de Doñana (EBD-CSIC)</organizationName>
            <positionName>Postdoctoral researcher</positionName>
            <address>
                <deliveryPoint>Avda. Américo Vespucio 26</deliveryPoint>
                <city>Seville</city>
                <administrativeArea>Seville</administrativeArea>
                <postalCode>41092</postalCode>
                <country>SPAIN</country>
            </address>
            <electronicMailAddress>atrillo@ebd.csic.es</electronicMailAddress>
            <userId directory="https://orcid.org/">0000-0002-6944-0923</userId>
        </metadataProvider>
        <metadataProvider>
            <individualName>
                <givenName>Pilar</givenName>
                <surName>Castro-Díez</surName>
            </individualName>
            <organizationName>Departament of Live Sciences, Faculty of Sciences, University of Alcalá</organizationName>
            <positionName>Researcher</positionName>
            <address>
                <deliveryPoint>Pza. San Diego, s/n</deliveryPoint>
                <city>Alcalá de Henares</city>
                <administrativeArea>Madrid</administrativeArea>
                <postalCode>28805</postalCode>
                <country>SPAIN</country>
            </address>
            <userId directory="https://orcid.org/">0000-0002-4841-5198</userId>
        </metadataProvider>
        <metadataProvider>
            <individualName>
                <givenName>José L.</givenName>
                <surName>Espinar</surName>
            </individualName>
            <organizationName>Estación Biológica de Doñana (EBD-CSIC)</organizationName>
            <positionName>Researcher</positionName>
            <address>
                <deliveryPoint>Avda. Américo Vespucio 26</deliveryPoint>
                <city>Seville</city>
                <administrativeArea>Seville</administrativeArea>
                <postalCode>41092</postalCode>
                <country>SPAIN</country>
            </address>
        </metadataProvider>
        <metadataProvider>
            <individualName>
                <givenName>Montserrat</givenName>
                <surName>Vilà</surName>
            </individualName>
            <organizationName>Estación Biológica de Doñana (EBD-CSIC)</organizationName>
            <positionName>Principal investigator</positionName>
            <address>
                <deliveryPoint>Avda. Américo Vespucio 26</deliveryPoint>
                <city>Seville</city>
                <administrativeArea>Seville</administrativeArea>
                <postalCode>41092</postalCode>
                <country>SPAIN</country>
            </address>
            <electronicMailAddress>montse.vila@ebd.csic.es</electronicMailAddress>
            <userId directory="https://orcid.org/">0000-0003-3171-8261</userId>
        </metadataProvider>
        <pubDate>
                2024-04-16
        </pubDate>
        <language>ENGLISH</language>
        <abstract>
            There is great concern on the effects of non-native species impacts on biodiversity and ecosystem services. We constructed a comprehensive database of the scientific papers on field studies reporting environmental impacts of invasive plant species in Europe. We searched for relevant articles on the Web of Science database until the end of 2022 with no restriction on publication year. Our final dataset included 266 publications on 897 impacts of 104 invasive plant species on native species, communities and ecosystem properties in 29 European countries. This database contributes to the IPBES Global Invasive Alien Species Assessment.
        </abstract>
        <keywordSet>
            <keyword>Biological invasions; ecological organization; field studies; non-native plants; review; Web of Science</keyword>
            <keywordThesaurus>GBIF Dataset Type Vocabulary: http://rs.gbif.org/vocabulary/gbif/dataset_type_2015-07-10.xml</keywordThesaurus>
        </keywordSet>
        <additionalInfo>
            <para>List of terms and respective descriptions. 1- Data &quot;event&quot;: &gt; parentEventID: the unique identifier of the publication (term: references) &gt; EventID: the unique identifier of the publication (term: references) sub-divided by the country in which the study was conducted (note that in 12 publications the data were collected in more than one country) &gt; references: the original publication from which the information was extracted &gt; samplingProtocol: brief information on the sampling protocol (in this case, the data were extracted from the Web of Science) &gt; year: the year in which the publication was released &gt; decimalLongitude: longitude (in decimal degrees, unprojected WGS84; georeferenced in Google Earth) of the site in an area where the field study was conducted &gt; decimalLatitude: latitude (in decimal degrees, unprojected WGS84; georeferenced in Google Earth) of the site in an area where the field study was conducted &gt; georeferenceRemarks: comments about the spatial description determination. Assumed location in one of the areas where the field study was conducted (the location is given by the name of a site); Precise location in one of the areas where the field study was conducted (the location is given by a low-precision coordinate or from a map or by several coordinates); Precise location (the location is given by a single, precise coordinate). 2- Data &quot;occurrence&quot;: &gt; parentEventID: the unique identifier of the publication (term: references) &gt; occurrenceID: the unique identifier of the record (a given invasive plant species in a given publication) &gt; references: the original publication from which the information was extracted &gt; basisOfRecord: how the data were sampled (all data were obtained by field studies; &quot;HumanObservation&quot;) &gt; degreeOfEstablishment: all species are non-native &gt; year: the year in which the publication was released &gt; scientificName: the accepted scientific name based on COL (Catalogue of Life) Version: 2023-03-09 &gt; verbatimIdentification: the scientific name given by the original publication. 3- Data &quot;measurementsOrFacts&quot;: &gt; parentEventID: the unique identifier of the publication (term: references) &gt; measurementID: the unique identifier of the impact (a given invasive plant species in a given publication and its associated impact) &gt; measurementType: there are two categories that are associated, “impact type” is the response variable reported in the literature and “level of organization” is the impact categorized across affected levels of ecological organization &gt; measurementValue: levels of ecological organization are species, community or ecosystem, and types of impacts are animal, microbial, plant, decomposition rate, nutrient flux, nutrient pool, pH, resource availability, soil carbon to nitrogen ratio, soil mineral, soil organic matter, soil salinity/cation exchange capacity &gt; measurementMethod: brief information on data extraction and classification.</para>
        </additionalInfo>
        <intellectualRights>
            <para>This work is licensed under a <ulink url="http://creativecommons.org/licenses/by-nc/4.0/legalcode"><citetitle>Creative Commons Attribution Non Commercial (CC-BY-NC) 4.0 License</citetitle></ulink>.</para>
        </intellectualRights>
        <licensed>
            <licenseName>Creative Commons Attribution Non Commercial 4.0 International</licenseName>
            <url>https://spdx.org/licenses/CC-BY-NC-4.0.html</url>
            <identifier>CC-BY-NC-4.0</identifier>
        </licensed>
        <distribution scope="document">
            <online>
                <url function="download">https://ipt.my.lifewatch.eu/archive.do?r=invasive_plant_impacts</url>
            </online>
        </distribution>
        <coverage>
            <geographicCoverage>
                <geographicDescription>Field studies conducted on the European continent</geographicDescription>
                <boundingCoordinates>
                    <westBoundingCoordinate>-25.642</westBoundingCoordinate>
                    <eastBoundingCoordinate>53.438</eastBoundingCoordinate>
                    <northBoundingCoordinate>71.244</northBoundingCoordinate>
                    <southBoundingCoordinate>27.528</southBoundingCoordinate>
                </boundingCoordinates>
            </geographicCoverage>
            <taxonomicCoverage>
                <generalTaxonomicCoverage>Invasive plant species in Europe</generalTaxonomicCoverage>
                <taxonomicClassification>
                    <taxonRankName>Kingdom</taxonRankName>
                    <taxonRankValue>Plantae</taxonRankValue>
                    <commonName>Plants</commonName>
                </taxonomicClassification>
            </taxonomicCoverage>
        </coverage>
        <purpose><para>This dataset can be useful for decision-making on the ecological impact of invasive plants in Europe.</para></purpose>
        <maintenance>
            <description>
                <para>This dataset is closed and will not be updated, unless errors or issues are reported by users.</para>
            </description>
            <maintenanceUpdateFrequency>notPlanned</maintenanceUpdateFrequency>
        </maintenance>
        <contact>
            <individualName>
                <givenName>Alejandro</givenName>
                <surName>Trillo</surName>
            </individualName>
            <organizationName>Estación Biológica de Doñana (EBD-CSIC)</organizationName>
            <positionName>Postdoctoral researcher</positionName>
            <address>
                <deliveryPoint>Avda. Américo Vespucio 26</deliveryPoint>
                <city>Seville</city>
                <administrativeArea>Seville</administrativeArea>
                <postalCode>41092</postalCode>
                <country>SPAIN</country>
            </address>
            <electronicMailAddress>atrillo@ebd.csic.es</electronicMailAddress>
            <userId directory="https://orcid.org/">0000-0002-6944-0923</userId>
        </contact>
        <contact>
            <individualName>
                <givenName>Montserrat</givenName>
                <surName>Vilà</surName>
            </individualName>
            <organizationName>Estación Biológica de Doñana (EBD-CSIC)</organizationName>
            <positionName>Principal investigator</positionName>
            <address>
                <deliveryPoint>Avda. Américo Vespucio 26</deliveryPoint>
                <city>Seville</city>
                <administrativeArea>Seville</administrativeArea>
                <postalCode>41092</postalCode>
                <country>SPAIN</country>
            </address>
            <electronicMailAddress>montse.vila@ebd.csic.es</electronicMailAddress>
            <userId directory="https://orcid.org/">0000-0003-3171-8261</userId>
        </contact>
        <methods>
            <methodStep>
                <description>
                    <para>We first screened titles and abstracts to identify all publications on the impacts of invasive plants conducted in Europe. We then examined each publication and constructed a database of impacts according to the following selection criteria: a) The studies had to be in natural or semi-natural field conditions in Europe. Thus, the evidence of impact was based on observational or experimental (i.e. removal or addition of target species) studies comparing simultaneously invaded or uninvaded sites where the identity of single invasive species causing impacts was explicitly mentioned. We excluded tree plantations if there was no mention to their natural establishment. We also excluded those referring to impacts by several invasive species. b) We classified the response variables in impact types to species, communities and ecosystems properties following Vilà et al. (2011). That is, impacts to species and communities of microbes, plants and animals; and impacts on ecosystems properties (soil C/N, nutrient fluxes, decomposition rates, pH, nutrient pools, resource availability, soil minerals, soil organic matter and soil salinity/cation exchange capacity). In total, the database was classified in 15 impact types. c) When the same publication examined different impact response variables or different invasive species we considered each as different entries in the database.</para>
                </description>
            </methodStep>
            <sampling>
                <studyExtent>
                    <description>
                        <para>The data were collected on the European continent between 1995 and 2022</para>
                    </description>
                </studyExtent>
                <samplingDescription>
                    <para>We conducted a comprehensive review of the field studies reporting ecological impacts of invasive plant species in Europe. We searched for relevant articles on the Web of Science (https://www.webofscience.com/wos/alldb/basic-search) database on December 31, 2022 with no restriction on publication year, using the following search term combinations: (plant inva* OR exotic plant OR alien plant OR non-native plant) AND (impact* OR effect*) AND (community structure* OR diversity* OR ecosystem process* OR competition*).</para>
                </samplingDescription>
            </sampling>
        </methods>

            <project id="LIFEWATCH-2019-09-CSIC-4, POPE 2014-2020">
                <title>Sustainability for Mediterranean Hotspots in Andalusia integrating LifeWatch ERIC (SUMHAL). Work package 4 (WP4): Combining field data, citizen science and loT to monitor anthropogenic impacts on Andalusian biodiversity and society.</title>
                <personnel>
                    <individualName>
                    <givenName>Alejandro</givenName>
                    <surName>Trillo</surName>
                    </individualName>
            <userId directory="https://orcid.org/">0000-0002-6944-0923</userId>
                    <role>AUTHOR</role>
                </personnel>
                <personnel>
                    <individualName>
                    <givenName>Pilar</givenName>
                    <surName>Castro-Díez</surName>
                    </individualName>
            <userId directory="https://orcid.org/">0000-0002-4841-5198</userId>
                    <role>AUTHOR</role>
                </personnel>
                <personnel>
                    <individualName>
                    <givenName>José L.</givenName>
                    <surName>Espinar</surName>
                    </individualName>
                    <role>AUTHOR</role>
                </personnel>
                <personnel>
                    <individualName>
                    <givenName>Montserrat</givenName>
                    <surName>Vilà</surName>
                    </individualName>
            <userId directory="https://orcid.org/">0000-0003-3171-8261</userId>
                    <role>PRINCIPAL_INVESTIGATOR</role>
                </personnel>
                <abstract>
                    <para>It focuses on anthropogenic impacts that are of great global concern and therefore relevant not only to Andalusian and Spanish ecosystems and societies, but also to Europe as a whole.</para>
                </abstract>
                <funding>
                    <para>This study was funded by MICINN through European Regional Development Fund [SUMHAL, LIFEWATCH-2019-09-CSIC-04, POPE 2014-2020]</para>
                </funding>
                <studyAreaDescription>
                    <descriptor name="generic" citableClassificationSystem="false">
                        <descriptorValue>The European continent</descriptorValue>
                    </descriptor>
                </studyAreaDescription>
                <designDescription>
                    <description>
                        <para>The specific aims of this work sub-package are: Task 1. Provide a database on the environmental impacts of invasive plants in Europe that can be useful for decision-making. Task 2. Distribute and disseminate the information generated in regional, national and international platforms.</para>
                    </description>
                </designDescription>
            </project>
    </dataset>

    <additionalMetadata>
        <metadata>
            <gbif>
                <dateStamp>2025-01-07T08:59:43Z</dateStamp>
                <citation identifier="https://doi.org/10.15470/wanfdf">Trillo A, Castro-Díez P, Espinar J L, Vilà M (2024). Database of field studies on environmental impacts of invasive plant species in Europe. Estación Biológica de Doñana (CSIC). Sampling event dataset https://doi.org/10.15470/wanfdf accessed via GBIF.org on 2025-01-07.</citation>
                <bibliography>
                <citation identifier="https://www.webofscience.com/wos/alldb/basic-search">Web of Science</citation>
                <citation identifier="https://doi.org/10.1111/j.1461-0248.2011.01628.x">Vilà, M., Espinar, J. L., Hejda, M., Hulme, P. E., Jarošík, V., Maron, J. L., ... &amp; Pyšek, P. (2011). Ecological impacts of invasive alien plants: a meta‐analysis of their effects on species, communities and ecosystems. Ecology letters, 14(7), 702-708</citation>
                </bibliography>
                <formationPeriod>1995-2022</formationPeriod>
            </gbif>
        </metadata>
    </additionalMetadata>
    </eml:eml>
