<?xml version="1.0" encoding="utf-8"?>
<eml:eml xmlns:eml="https://eml.ecoinformatics.org/eml-2.2.0" xmlns:xsi="http://www.w3.org/2001/XMLSchema-instance"
         xsi:schemaLocation="https://eml.ecoinformatics.org/eml-2.2.0 https://rs.gbif.org/schema/eml-gbif-profile/1.3/eml.xsd"
packageId="e1966d34-2144-4a07-a6d4-b246d6f047aa"  system="http://gbif.org" scope="system"
xml:lang="en">
    <dataset>
        <alternateIdentifier>10.15468/qvbvdp</alternateIdentifier>
        <alternateIdentifier>https://openherbarium.org/collections/misc/collprofiles.php?collid=35</alternateIdentifier>
        <alternateIdentifier>https://openherbarium.org:443/collections/misc/collprofiles.php?collid=35</alternateIdentifier>
        <alternateIdentifier>http://openherbarium.org/portal/collections/misc/collprofiles.php?collid=35</alternateIdentifier>
        <title>University of Hargeisa Herbarium</title>
        <creator>
            <organizationName>Open Herbarium</organizationName>
            <electronicMailAddress>mary.barkworth@usu.edu</electronicMailAddress>
            <onlineUrl>https://openherbarium.org/index.php</onlineUrl>
        </creator>
        <metadataProvider>
            <organizationName>Open Herbarium</organizationName>
            <electronicMailAddress>mary.barkworth@usu.edu</electronicMailAddress>
            <onlineUrl>https://openherbarium.org/index.php</onlineUrl>
        </metadataProvider>
        <associatedParty>
            <individualName>
                <surName>Mary Barkworth</surName>
            </individualName>
            <electronicMailAddress>mary.barkworth@usu.edu</electronicMailAddress>
            <role>CONTENT_PROVIDER</role>
        </associatedParty>
        <pubDate>
                2024-11-26
        </pubDate>
        <language>ENGLISH</language>
        <abstract>
            <para>The University of Hargeisa initiated development of a herbarium in April 2015. Later that year it was decided to develop a Natural History Museum of which the herbarium will be a part. The Museum will focus on plants, animals, and fungi of Somaliland. At present, almost all its specimens are of vascular plants but there are a few image-based animal records in the museum. These can be found at http://openherbarium.org/zoo/portal/index.php.</para>
        </abstract>
        <intellectualRights>
            <para>To the extent possible under law, the publisher has waived all rights to these data and has dedicated them to the <ulink url="http://creativecommons.org/publicdomain/zero/1.0/legalcode"><citetitle>Public Domain (CC0 1.0)</citetitle></ulink>. Users may copy, modify, distribute and use the work, including for commercial purposes, without restriction.</para>
        </intellectualRights>
        <licensed>
            <licenseName>Creative Commons Zero v1.0 Universal</licenseName>
            <url>https://spdx.org/licenses/CC0-1.0.html</url>
            <identifier>CC0-1.0</identifier>
        </licensed>
        <distribution scope="document">
            <online>
                <url function="download">https://openherbarium.org/content/dwca/UniversityofHargeisa-HARG_DwC-A.zip</url>
            </online>
        </distribution>
        <contact>
            <organizationName>University of Hargeisa Herbarium</organizationName>
            <electronicMailAddress>mary.barkworth@usu.edu</electronicMailAddress>
        </contact>

    </dataset>

    <additionalMetadata>
        <metadata>
            <gbif>
                <dateStamp>2025-01-07T08:59:31Z</dateStamp>
                <citation>University of Hargeisa (2024). University of Hargeisa Herbarium. Occurrence dataset https://doi.org/10.15468/qvbvdp accessed via GBIF.org on 2025-01-07.</citation>
            </gbif>
        </metadata>
    </additionalMetadata>
    </eml:eml>
