<?xml version="1.0" encoding="utf-8"?>
<eml:eml xmlns:eml="https://eml.ecoinformatics.org/eml-2.2.0" xmlns:xsi="http://www.w3.org/2001/XMLSchema-instance"
         xsi:schemaLocation="https://eml.ecoinformatics.org/eml-2.2.0 https://rs.gbif.org/schema/eml-gbif-profile/1.3/eml.xsd"
packageId="e5774d90-9f01-42bb-a747-32331be82b18"  system="http://gbif.org" scope="system"
xml:lang="en">
    <dataset>
        <alternateIdentifier>10.15468/r9azth</alternateIdentifier>
        <title>African Plants - a photo guide</title>
        <associatedParty>
            <individualName>
                <surName>SGN Data Center</surName>
            </individualName>
            <address>
                <deliveryPoint>Senckenberg, Senckenberganlage 25, D-60325 Frankfurt am Main, Germany</deliveryPoint>
            </address>
            <electronicMailAddress>sgn-datacenter@senckenberg.de</electronicMailAddress>
            <role>TECHNICAL_POINT_OF_CONTACT</role>
        </associatedParty>
        <pubDate>
                2020-01-01
        </pubDate>
        <language>en</language>
        <abstract>
            Photographic records of African plants
        </abstract>
        <intellectualRights>
            <para>This work is licensed under a <ulink url="http://creativecommons.org/licenses/by/4.0/legalcode"><citetitle>Creative Commons Attribution (CC-BY) 4.0 License</citetitle></ulink>.</para>
        </intellectualRights>
        <licensed>
            <licenseName>Creative Commons Attribution 4.0 International</licenseName>
            <url>https://spdx.org/licenses/CC-BY-4.0.html</url>
            <identifier>CC-BY-4.0</identifier>
        </licensed>
        <distribution scope="document">
            <online>
                <url function="information">http://www.africanplants.senckenberg.de</url>
            </online>
        </distribution>
        <distribution scope="document">
            <online>
                <url function="download">http://biocase.senckenberg.de//downloads/africanplants/African%20Plants%20-%20a%20photo%20guide.DwCA.zip</url>
            </online>
        </distribution>
        <contact>
            <individualName>
                <surName>Marco Schmidt, Stefan Dressler</surName>
            </individualName>
            <electronicMailAddress>westafricanplants@senckenberg.de</electronicMailAddress>
        </contact>

    </dataset>

    <additionalMetadata>
        <metadata>
            <gbif>
                <dateStamp>2025-01-07T08:59:42Z</dateStamp>
                <citation>Senckenberg (2020). African Plants - a photo guide. Occurrence dataset https://doi.org/10.15468/r9azth accessed via GBIF.org on 2025-01-07.</citation>
                <resourceLogoUrl>http://biocase.senckenberg.de/Senckenberg_Logo.png</resourceLogoUrl>
            </gbif>
        </metadata>
    </additionalMetadata>
    </eml:eml>
