<?xml version="1.0" encoding="utf-8"?>
<eml:eml xmlns:eml="https://eml.ecoinformatics.org/eml-2.2.0" xmlns:xsi="http://www.w3.org/2001/XMLSchema-instance"
         xsi:schemaLocation="https://eml.ecoinformatics.org/eml-2.2.0 https://rs.gbif.org/schema/eml-gbif-profile/1.3/eml.xsd"
packageId="e5dfbff2-8ce1-4393-8c51-cc9c678ec8be"  system="http://gbif.org" scope="system"
xml:lang="en">
    <dataset>
        <alternateIdentifier>10.15468/sktqsa</alternateIdentifier>
        <alternateIdentifier>https://ipt.tanbif.costech.or.tz/resource?r=tafori-lsrc-dicot</alternateIdentifier>
        <alternateIdentifier>e5dfbff2-8ce1-4393-8c51-cc9c678ec8be</alternateIdentifier>
        <alternateIdentifier>http://41.93.33.31:8080/ipt/resource?r=tafori-lsrc-dicot</alternateIdentifier>
        <title>Diversity and composition of preserved angiosperm specimens at Tanzania Forestry Research Institute (TAFORI) Herbarium</title>
        <creator>
            <individualName>
                <givenName>Thomas</givenName>
                <surName>Sawe</surName>
            </individualName>
            <organizationName>Tanzania Forestry Research Institute</organizationName>
            <positionName>Researcher</positionName>
            <address>
                <deliveryPoint>BOX 45</deliveryPoint>
                <city>Mafinga</city>
            </address>
            <electronicMailAddress>tcorodius87@gmail.com</electronicMailAddress>
            <userId directory="http://orcid.org/">0000-0002-0724-3588</userId>
        </creator>
        <creator>
            <individualName>
                <givenName>Ashura</givenName>
                <surName>Kaniki</surName>
            </individualName>
            <organizationName>Tanzania Forestry Research Institute</organizationName>
            <positionName>Researcher</positionName>
            <address>
                <deliveryPoint>BOX 95</deliveryPoint>
                <city>Lushoto</city>
                <country>TANZANIA</country>
            </address>
        </creator>
        <creator>
            <individualName>
                <givenName>Hulda</givenName>
                <surName>Gideon</surName>
            </individualName>
            <organizationName>Tanzania Commission for Science and Technology</organizationName>
            <positionName>Principal Researcher</positionName>
            <address>
                <city>Dar es salaam</city>
                <country>TANZANIA</country>
            </address>
        </creator>
        <creator>
            <individualName>
                <givenName>Agnes</givenName>
                <surName>Kissima</surName>
            </individualName>
            <organizationName>Tanzania Forestry Research Institute</organizationName>
            <positionName>Curator</positionName>
            <address>
                <deliveryPoint>BOX 95</deliveryPoint>
                <city>Lushoto</city>
                <country>TANZANIA</country>
            </address>
        </creator>
        <creator>
            <individualName>
                <givenName>Pantaleo</givenName>
                <surName>Munishi</surName>
            </individualName>
            <organizationName>Sokoine University of Agriculture</organizationName>
            <positionName>Professor</positionName>
            <address>
                <deliveryPoint>3010</deliveryPoint>
                <city>Morogoro</city>
                <country>TANZANIA</country>
            </address>
        </creator>
        <creator>
            <individualName>
                <givenName>John</givenName>
                <surName>Mbwambo</surName>
            </individualName>
            <organizationName>Tanzania Forestry Research Institute</organizationName>
            <positionName>Principal Research Officer</positionName>
            <address>
                <deliveryPoint>BOX 95</deliveryPoint>
                <city>Lushoto</city>
                <country>TANZANIA</country>
            </address>
        </creator>
        <creator>
            <individualName>
                <givenName>Mussa</givenName>
                <surName>Jang’andu</surName>
            </individualName>
            <organizationName>Tanzania Forestry Research Institute</organizationName>
            <positionName>Curator</positionName>
            <address>
                <deliveryPoint>BOX 95</deliveryPoint>
                <city>Lushoto</city>
                <country>TANZANIA</country>
            </address>
        </creator>
        <creator>
            <individualName>
                <givenName>Benjamen</givenName>
                <surName>David</surName>
            </individualName>
            <organizationName>Tanzania Forestry Research Institute</organizationName>
            <positionName>Technician</positionName>
            <address>
                <deliveryPoint>BOX 95</deliveryPoint>
                <city>Lushoto</city>
                <country>TANZANIA</country>
            </address>
        </creator>
        <creator>
            <individualName>
                <givenName>Baraka</givenName>
                <surName>Sigani</surName>
            </individualName>
            <organizationName>Tanzania Forestry Research Institute</organizationName>
            <positionName>Curator</positionName>
            <address>
                <deliveryPoint>BOX 95</deliveryPoint>
                <city>Lushoto</city>
                <country>TANZANIA</country>
            </address>
        </creator>
        <creator>
            <individualName>
                <givenName>Amani</givenName>
                <surName>Uisso</surName>
            </individualName>
            <organizationName>Tanzania Forestry Research Institute</organizationName>
            <positionName>Researcher</positionName>
            <address>
                <deliveryPoint>BOX 1854</deliveryPoint>
                <city>Morogoro</city>
                <country>TANZANIA</country>
            </address>
        </creator>
        <creator>
            <individualName>
                <givenName>Geofrey</givenName>
                <surName>Njovangwa</surName>
            </individualName>
            <organizationName>Tanzania Forestry Research Institute</organizationName>
            <positionName>Information and Documentation officer</positionName>
            <address>
                <deliveryPoint>BOX 1854</deliveryPoint>
                <city>Morogoro</city>
                <country>TANZANIA</country>
            </address>
        </creator>
        <creator>
            <individualName>
                <givenName>John</givenName>
                <surName>Massawe</surName>
            </individualName>
            <organizationName>Tanzania Forestry Research Institute</organizationName>
            <positionName>IT personel</positionName>
            <address>
                <deliveryPoint>BOX 1854</deliveryPoint>
                <city>Morogoro</city>
                <country>TANZANIA</country>
            </address>
        </creator>
        <creator>
            <individualName>
                <givenName>Siwa</givenName>
                <surName>Nkya</surName>
            </individualName>
            <organizationName>Tanzania Forestry Research Institute</organizationName>
            <positionName>Researcher</positionName>
            <address>
                <deliveryPoint>BOX 1854</deliveryPoint>
                <city>Morogoro</city>
                <country>TANZANIA</country>
            </address>
        </creator>
        <creator>
            <individualName>
                <givenName>Jacqueline</givenName>
                <surName>Kajembe</surName>
            </individualName>
            <organizationName>Tanzania Forestry Research Institute</organizationName>
            <positionName>Researcher</positionName>
            <address>
                <deliveryPoint>BOX 1854</deliveryPoint>
                <city>Morogoro</city>
                <country>TANZANIA</country>
            </address>
        </creator>
        <metadataProvider>
            <individualName>
                <givenName>Thomas</givenName>
                <surName>Sawe</surName>
            </individualName>
            <organizationName>Tanzania Forestry Research Institute</organizationName>
            <positionName>Researcher</positionName>
            <address>
                <deliveryPoint>BOX 45</deliveryPoint>
                <city>Mafinga</city>
            </address>
            <electronicMailAddress>tcorodius87@gmail.com</electronicMailAddress>
            <userId directory="http://orcid.org/">0000-0002-0724-3588</userId>
        </metadataProvider>
        <metadataProvider>
            <individualName>
                <givenName>Ashura</givenName>
                <surName>Kaniki</surName>
            </individualName>
            <organizationName>Tanzania Forestry Research Institute</organizationName>
            <positionName>Researcher</positionName>
        </metadataProvider>
        <metadataProvider>
            <individualName>
                <givenName>Hulda</givenName>
                <surName>Gideon</surName>
            </individualName>
            <organizationName>Tanzania Commission for Science and Technology</organizationName>
            <positionName>Senior Researcher</positionName>
            <electronicMailAddress>hulda.gidion@costech.or.tz</electronicMailAddress>
        </metadataProvider>
        <metadataProvider>
            <individualName>
                <givenName>Pantaleo</givenName>
                <surName>Munishi</surName>
            </individualName>
            <organizationName>Sokoine University of Agriculture</organizationName>
            <positionName>Professor</positionName>
            <address>
                <deliveryPoint>BOX 3010</deliveryPoint>
                <city>Morogoro</city>
            </address>
            <electronicMailAddress>pmunishi2001@yahoo.com</electronicMailAddress>
            <userId directory="http://orcid.org/">0000-0003-4066-7400</userId>
        </metadataProvider>
        <associatedParty>
            <individualName>
                <givenName>Thomas</givenName>
                <surName>Sawe</surName>
            </individualName>
            <electronicMailAddress>tcorodius87@gmail.com</electronicMailAddress>
            <role>USER</role>
        </associatedParty>
        <pubDate>
                2023-01-14
        </pubDate>
        <language>ENGLISH</language>
        <abstract>
            Established in 1980, the Tanzania Forestry Research Institute (TAFORI) hosts more than 70,000 preserved plant specimens collected from different eco-geographical regions of Tanzania, including the biodiversity hotspots of the Eastern Arc Mountains and Coastal Forests. Also, there are few records of the specimens from the United Kingdom, Uganda, Malawi, Kenya and Zambia. These preserved plant specimens belong to more than 350 Families and 2000 Genera of Angiosperms, Gymnosperms, Pteridophytes and Bryophytes. The Herbarium at Lushoto Research Center (LSRC) is the oldest in Tanzania. The Herbarium is composed of specimens previously preserved in the Amani Botanical Garden and later transferred to the Coridon Museum in Kenya and back to Tanzania. The collection at LSRC herbarium was un-digitized, and therefore the preserved data were not widely available to herbarium data users. 

This dataset presents a digitized data set of flowering plant specimens from the TAFORI-LSRC herbarium. The data set contains 23,014 plant specimens from more than 1600 genera and 220 families. Information in this dataset was drawn from the labels of preserved specimens and transformed into Darwin core standards. The dataset is crucial in plant monitoring studies and teaching because it holds specimens from different habitats and wide temporal coverage, including those collected in the 18’s during the colonial error.
        </abstract>
        <keywordSet>
            <keyword>Specimens and Herbarium</keyword>
            <keyword>Flowering plants</keyword>
            <keyword>Preserved</keyword>
            <keyword>Occurrence</keyword>
            <keywordThesaurus>GBIF Dataset Type Vocabulary: http://rs.gbif.org/vocabulary/gbif/dataset_type.xml</keywordThesaurus>
        </keywordSet>
        <keywordSet>
            <keyword>Specimen</keyword>
            <keywordThesaurus>GBIF Dataset Subtype Vocabulary: http://rs.gbif.org/vocabulary/gbif/dataset_subtype.xml</keywordThesaurus>
        </keywordSet>
        <keywordSet>
            <keyword>Occurrence</keyword>
            <keywordThesaurus>GBIF Dataset Type Vocabulary: http://rs.gbif.org/vocabulary/gbif/dataset_type_2015-07-10.xml</keywordThesaurus>
        </keywordSet>
        <intellectualRights>
            <para>This work is licensed under a <ulink url="http://creativecommons.org/licenses/by/4.0/legalcode"><citetitle>Creative Commons Attribution (CC-BY) 4.0 License</citetitle></ulink>.</para>
        </intellectualRights>
        <licensed>
            <licenseName>Creative Commons Attribution 4.0 International</licenseName>
            <url>https://spdx.org/licenses/CC-BY-4.0.html</url>
            <identifier>CC-BY-4.0</identifier>
        </licensed>
        <distribution scope="document">
            <online>
                <url function="download">https://ipt.tanbif.costech.or.tz/archive.do?r=tafori-lsrc-dicot</url>
            </online>
        </distribution>
        <coverage>
            <geographicCoverage>
                <geographicDescription>Located within Flora of tropical East Africa (FTEA), Tanzania is one of the twelve global mega-diverse countries (Clayton et al., 1974). It is among the top five in Africa, harbouring more than one-third of the total plant species (VPO, 2015). It exhibits a high degree of plant species endemism and diversity attributed to the complex topographic, biological and microclimatic conditions. Tanzania designated an extensive network of protected areas, including twenty-two National Parks,  nineteen Natural Forest Reserves, eighteen Marine Reserves, sixteen Game Reserves and three Marine Parks. Kilimanjaro National Park, Selous Game Reserve and Serengeti National Park are natural UNESCO World Heritage sites. Also, UNESCO recognises the Ngorongoro Conservation Area, composed of a spectacular Ngorongoro Crate, as a cosmopolitan World Heritage site. The Kilombero Valley, Malagarasi River, Lake Natron and Ulanga River are among the world RAMSAR sites found in Tanzania.  

Specimens records presented in this dataset are from protected and non-protected areas in different geographical regions of Tanzania. Sampled areas cover a wide range of altitudinal elevations and habitats types, including; lowland tropical forest, highland forest, grasslands, montane forest and different woodlands. Also, the dataset consists few records from the United Kingdom, Uganda, Malawi, Kenya and Zambia.</geographicDescription>
                <boundingCoordinates>
                    <westBoundingCoordinate>-5</westBoundingCoordinate>
                    <eastBoundingCoordinate>40.5</eastBoundingCoordinate>
                    <northBoundingCoordinate>58.5</northBoundingCoordinate>
                    <southBoundingCoordinate>-14</southBoundingCoordinate>
                </boundingCoordinates>
            </geographicCoverage>
            <temporalCoverage>
                <rangeOfDates>
                    <beginDate>
                        <calendarDate>                1756-09-23
</calendarDate>
                    </beginDate>
                    <endDate>
                        <calendarDate>                2020-07-31
</calendarDate>
                    </endDate>
                </rangeOfDates>
            </temporalCoverage>
            <taxonomicCoverage>
                <generalTaxonomicCoverage>This data set was extracted from 23,014 sheets of preserved angiosperm specimens preserved at TAFORI herbarium at Lushoto representing 227 families and1639 genera.   Dominant families in this data set are Fabaceae (13.9%), Rubiaceae (9.3%) and Asteraceae (5.1%).</generalTaxonomicCoverage>
                <taxonomicClassification>
                    <taxonRankName>Species</taxonRankName>
                    <taxonRankValue>Angiosperms</taxonRankValue>
                </taxonomicClassification>
            </taxonomicCoverage>
        </coverage>
        <maintenance>
            <description>
                <para></para>
            </description>
            <maintenanceUpdateFrequency>irregular</maintenanceUpdateFrequency>
        </maintenance>
        <contact>
            <individualName>
                <givenName>Thomas</givenName>
                <surName>Sawe</surName>
            </individualName>
            <organizationName>Tanzania Forestry Research Institute</organizationName>
            <positionName>Researcher</positionName>
            <address>
                <deliveryPoint>BOX 45</deliveryPoint>
                <city>Mafinga</city>
            </address>
            <electronicMailAddress>tcorodius87@gmail.com</electronicMailAddress>
            <userId directory="http://orcid.org/">0000-0002-0724-3588</userId>
        </contact>
        <contact>
            <individualName>
                <givenName>Ashura</givenName>
                <surName>Kaniki</surName>
            </individualName>
            <organizationName>Tanzania Forestry Research Institute</organizationName>
            <positionName>Researcher</positionName>
            <address>
                <deliveryPoint>P.O.BOX 95</deliveryPoint>
                <city>Lushoto</city>
            </address>
            <electronicMailAddress>kanikiash123@gmail.com</electronicMailAddress>
        </contact>
        <contact>
            <individualName>
                <givenName>John</givenName>
                <surName>Mbwambo</surName>
            </individualName>
            <organizationName>Tanzania Forestry Research Institute</organizationName>
            <positionName>Principal Researcher</positionName>
            <address>
                <deliveryPoint>BOX 95</deliveryPoint>
                <city>Lushoto</city>
            </address>
            <electronicMailAddress>john.mbwambo@tafori.or.tz</electronicMailAddress>
        </contact>
        <contact>
            <individualName>
                <givenName>Agnes</givenName>
                <surName>Kissima</surName>
            </individualName>
            <organizationName>Tanzania Forestry Research Institute</organizationName>
            <positionName>Curator</positionName>
            <address>
                <deliveryPoint>BOX 95</deliveryPoint>
                <city>Lushoto</city>
            </address>
            <electronicMailAddress>agneskyiss@gmail.com</electronicMailAddress>
        </contact>
        <methods>
            <methodStep>
                <description>
                    <para>The information on the specimen labels was our data source. To digitize each specimen, we followed three steps: data capture, data cleaning, and data publication. In the data capture process, we extracted all the information on the specimen’s label, and we input the information into Microsoft Excel spreadsheets using Darwin-Core format. In this process, we grouped the specimen information into specific categories of Darwin Core data standards. We used “GEOlocate” (https://www.geo-locate.org/default.html) to acquire the coordinates of the specimens lacking geographical coordinates. We obtained the coordinates by geo-referencing the name of the village or location written on the preserved specimen.  Afterwards, we conducted data cleaning to ensure data consistency and adherence to Darwin Core standards. We mainly used “data validator” tool available under GBIF website (https://www.gbif.org/tools/data-validator) to identify missing or incorrect information in our data set.  To verify the taxonomic nomenclature, we used “species matching” tool available under GBIF website (https://www.gbif.org/tools/species-lookup), the Plant list (http://www.theplantlist.org/), and World flora Online (http://www.worldfloraonline.org/).  All the tools we used are open-source software or available as an open online platform.</para>
                </description>
            </methodStep>
            <sampling>
                <studyExtent>
                    <description>
                        <para>Specimen preserved at Lushoto Silviculture Research Center were collected from different regions in Tanzania.</para>
                    </description>
                </studyExtent>
                <samplingDescription>
                    <para>Data presented in this data set were collected during implementation of various research projects in Tanzania. Plant materials were collected and pressed in the field, dried, identified and mounted on sheet bearing detailed labels, preserved and fixed into folders, then stored in cabinet’s cardboards systematically and sequentially (Alexiades, 1996). Every sheet of specimens contains standard information for herbarium collections, including; taxonomic identification, locality information, geographical coordinates, collector information, and ecological data. In addition, the specimens have been treated to prevent pests damage</para>
                </samplingDescription>
            </sampling>
        </methods>

            <project id="BID-AF2020-038-INS">
                <title>Enhancing accessibility of forest flora data in Tanzania</title>
                <personnel>
                    <individualName>
                    <givenName>Thomas</givenName>
                    <surName>Sawe</surName>
                    </individualName>
            <userId directory="http://orcid.org/">0000-0002-0724-3588</userId>
                    <role>PRINCIPAL_INVESTIGATOR</role>
                </personnel>
                <personnel>
                    <individualName>
                    <givenName>Ashura</givenName>
                    <surName>Kaniki</surName>
                    </individualName>
                    <role>AUTHOR</role>
                </personnel>
                <personnel>
                    <individualName>
                    <givenName>Agnes</givenName>
                    <surName>Kissima</surName>
                    </individualName>
                    <role>CURATOR</role>
                </personnel>
                <personnel>
                    <individualName>
                    <surName>Gideon</surName>
                    </individualName>
                    <role>ADMINISTRATIVE_POINT_OF_CONTACT</role>
                </personnel>
                <abstract>
                    <para>Tanzania Forestry Research Institute (TAFORI) holds one of the largest collection of preserved plants (Herbarium) in Tanzania. The collection is located at TAFORI-Lushoto Silviculture Research Centre (LSRC) found in Lushuto district-Tanga Region. This collection was established in January 1948 by the Tanganyika government under British colonial rule. Despite of being established in mid-19’s the herbarium contain old specimens dated late 18s. These specimens were previously preserved at Amani Botanical Garden but later they were transferred to Coridon Museum in Kenya and back to Tanzania at Lushoto Silviculture Research Centre after its establishment (Somi and Nshubemuki, 1980). Since then the number of specimens in the herbarium has been growing whereby, currently it has more than 70,000 preserved specimens. The preserved specimens at TAFORI-LSRC herbarium belong to different plant categories including; Angiosperms, Gymnosperms, Pteridophytes and Bryophytes covering more than 350 Families and 2000 Genera.  The herbarium has been actively used for training and research purposes by locals and internationals. However, the lack of easily accessible and updated collection database limits the availability of herbarium data to data users including researchers, decision makers and students. Thus, since April 2021 TAFORI with support from BID-GBIF is working to update and digitize this collection to increase data accessibility.</para>
                </abstract>
                <funding>
                    <para>This is a two years’ project (April 2021-March 2023) and it is supported by GBIF through BID program (19,609 EURO).</para>
                </funding>
            </project>
    </dataset>

    <additionalMetadata>
        <metadata>
            <gbif>
                <dateStamp>2025-01-07T08:59:39Z</dateStamp>
                <citation>Sawe T, Kaniki A, Gideon H, Kissima A, Munishi P, Mbwambo J, Jang’andu M, David B, Sigani B, Uisso A, Njovangwa G, Massawe J, Nkya S, Kajembe J (2023). Diversity and composition of preserved angiosperm specimens at Tanzania Forestry Research Institute (TAFORI) Herbarium. Version 1.14. TanBIF. Occurrence dataset https://doi.org/10.15468/sktqsa accessed via GBIF.org on 2025-01-07.</citation>
                <bibliography>
                <citation>Alexiades, M. N. (1996). Standard techniques for collecting and preparing herbarium specimens. Advances in Economic Botany, 10, 99-126.

Clayton, W. D., Phillips, S. M., &amp; Renvoize, S. A. (1974). Flora of Tropical East Africa. Gramineae (Part 2). Crown Agents for Oversea Governments and Administrations.

VPO (2015) Biodiversity in Tanzania. Biodiversity information exchange platform. http://tz.chm-cbd.net/biodiversity

Somi, F. G. R., &amp; Nshubemuki, L. (1980). An annotated list of research reports issued by the Silvicultural Research section from 1951-Jan. 1980.</citation>
                </bibliography>
            </gbif>
        </metadata>
    </additionalMetadata>
    </eml:eml>
