<?xml version="1.0" encoding="utf-8"?>
<eml:eml xmlns:eml="https://eml.ecoinformatics.org/eml-2.2.0" xmlns:xsi="http://www.w3.org/2001/XMLSchema-instance"
         xsi:schemaLocation="https://eml.ecoinformatics.org/eml-2.2.0 https://rs.gbif.org/schema/eml-gbif-profile/1.3/eml.xsd"
packageId="ea0df0c3-fe1f-43d1-bf97-f4a7753cc049"  system="http://gbif.org" scope="system"
xml:lang="en">
    <dataset>
        <alternateIdentifier>10.15468/khpvn8</alternateIdentifier>
        <alternateIdentifier>https://collections.ala.org.au/public/show/dr15869</alternateIdentifier>
        <alternateIdentifier>ea0df0c3-fe1f-43d1-bf97-f4a7753cc049</alternateIdentifier>
        <alternateIdentifier>d84529a1-6cff-3eea-9ee2-2bb94a7fd8e0</alternateIdentifier>
        <title>La Trobe University Herbarium (LTB) AVH data</title>
        <creator>
            <organizationName>Australia&apos;s Virtual Herbarium</organizationName>
        </creator>
        <creator>
            <organizationName>La Trobe University</organizationName>
        </creator>
        <creator>
            <organizationName>La Trobe University Herbarium</organizationName>
        </creator>
        <metadataProvider>
            <organizationName>Australia&apos;s Virtual Herbarium</organizationName>
        </metadataProvider>
        <associatedParty>
            <organizationName>Atlas of Living Australia</organizationName>
            <address>
                <deliveryPoint>CSIRO Ecosystems Services</deliveryPoint>
                <city>Canberra</city>
                <administrativeArea>ACT</administrativeArea>
                <postalCode>2601</postalCode>
                <country>AUSTRALIA</country>
            </address>
            <electronicMailAddress>info@ala.org.au</electronicMailAddress>
            <role>DISTRIBUTOR</role>
        </associatedParty>
        <pubDate>
                2024-01-19
        </pubDate>
        <language>ENGLISH</language>
        <abstract>
            Australasian Virtual Herbarium (AVH) from the La Trobe University Herbarium (LTB)
        </abstract>
        <intellectualRights>
            <para>This work is licensed under a <ulink url="http://creativecommons.org/licenses/by/4.0/legalcode"><citetitle>Creative Commons Attribution (CC-BY) 4.0 License</citetitle></ulink>.</para>
        </intellectualRights>
        <licensed>
            <licenseName>Creative Commons Attribution 4.0 International</licenseName>
            <url>https://spdx.org/licenses/CC-BY-4.0.html</url>
            <identifier>CC-BY-4.0</identifier>
        </licensed>
        <distribution scope="document">
            <online>
                <url function="information">https://ipt.rbg.vic.gov.au/ipt/resource?r=ltb_avh</url>
            </online>
        </distribution>
        <distribution scope="document">
            <online>
                <url function="download">https://dwca-exports.ala.org.au/dr15869.zip</url>
            </online>
        </distribution>
        <purpose>&lt;para/&gt;</purpose>
        <contact>
            <organizationName>Atlas of Living Australia</organizationName>
            <address>
                <deliveryPoint>CSIRO Ecosystems Services</deliveryPoint>
                <city>Canberra</city>
                <administrativeArea>ACT</administrativeArea>
                <postalCode>2601</postalCode>
                <country>AUSTRALIA</country>
            </address>
            <electronicMailAddress>info@ala.org.au</electronicMailAddress>
        </contact>

    </dataset>

    <additionalMetadata>
        <metadata>
            <gbif>
                <dateStamp>2025-01-07T08:59:33Z</dateStamp>
                <citation>La Trobe University (2024). La Trobe University Herbarium (LTB) AVH data. Occurrence dataset https://doi.org/10.15468/khpvn8 accessed via GBIF.org on 2025-01-07.</citation>
                <resourceLogoUrl>https://collections.ala.org.au/data/dataProvider/avh_logo_green_transparent.png</resourceLogoUrl>
            </gbif>
        </metadata>
    </additionalMetadata>
    </eml:eml>
