<?xml version="1.0" encoding="utf-8"?>
<eml:eml xmlns:eml="https://eml.ecoinformatics.org/eml-2.2.0" xmlns:xsi="http://www.w3.org/2001/XMLSchema-instance"
         xsi:schemaLocation="https://eml.ecoinformatics.org/eml-2.2.0 https://rs.gbif.org/schema/eml-gbif-profile/1.3/eml.xsd"
packageId="eebc1080-cec1-4d28-a5d3-ba8694114d12"  system="http://gbif.org" scope="system"
xml:lang="en">
    <dataset>
        <alternateIdentifier>10.15468/kinrrl</alternateIdentifier>
        <alternateIdentifier>https://collections.ala.org.au/public/show/dr820</alternateIdentifier>
        <alternateIdentifier>486b7858-650c-3245-b469-77e9494e2484</alternateIdentifier>
        <alternateIdentifier>http://collections.ala.org.au/public/show/dr820</alternateIdentifier>
        <alternateIdentifier>eebc1080-cec1-4d28-a5d3-ba8694114d12</alternateIdentifier>
        <alternateIdentifier>ea09c568-39f3-39dd-92ea-9e6f6017846f</alternateIdentifier>
        <alternateIdentifier>6229804f-007e-3500-a997-1fa0c0c57b55</alternateIdentifier>
        <title>Records of the Australian National Botanic Gardens Seedbank</title>
        <creator>
            <organizationName>Australian Seedbank Partnership</organizationName>
        </creator>
        <creator>
            <organizationName>Australian National Botanic Gardens</organizationName>
        </creator>
        <creator>
            <organizationName>Australian National Botanic Gardens Seed Bank</organizationName>
        </creator>
        <metadataProvider>
            <organizationName>Australian Seedbank Partnership</organizationName>
        </metadataProvider>
        <associatedParty>
            <organizationName>Atlas of Living Australia</organizationName>
            <address>
                <deliveryPoint>CSIRO Ecosystems Services</deliveryPoint>
                <city>Canberra</city>
                <administrativeArea>ACT</administrativeArea>
                <postalCode>2601</postalCode>
                <country>AUSTRALIA</country>
            </address>
            <electronicMailAddress>info@ala.org.au</electronicMailAddress>
            <role>DISTRIBUTOR</role>
        </associatedParty>
        <pubDate>
                2020-06-25
        </pubDate>
        <language>ENGLISH</language>
        <intellectualRights>
            <para>This work is licensed under a <ulink url="http://creativecommons.org/licenses/by/4.0/legalcode"><citetitle>Creative Commons Attribution (CC-BY) 4.0 License</citetitle></ulink>.</para>
        </intellectualRights>
        <licensed>
            <licenseName>Creative Commons Attribution 4.0 International</licenseName>
            <url>https://spdx.org/licenses/CC-BY-4.0.html</url>
            <identifier>CC-BY-4.0</identifier>
        </licensed>
        <distribution scope="document">
            <online>
                <url function="download">https://dwca-exports.ala.org.au/dr820.zip</url>
            </online>
        </distribution>
        <purpose>&lt;para/&gt;</purpose>
        <contact>
            <organizationName>Atlas of Living Australia</organizationName>
            <address>
                <deliveryPoint>CSIRO Ecosystems Services</deliveryPoint>
                <city>Canberra</city>
                <administrativeArea>ACT</administrativeArea>
                <postalCode>2601</postalCode>
                <country>AUSTRALIA</country>
            </address>
            <electronicMailAddress>info@ala.org.au</electronicMailAddress>
        </contact>

    </dataset>

    <additionalMetadata>
        <metadata>
            <gbif>
                <dateStamp>2025-01-07T08:59:37Z</dateStamp>
                <citation>Australian National Botanic Gardens (2020). Records of the Australian National Botanic Gardens Seedbank. Occurrence dataset https://doi.org/10.15468/kinrrl accessed via GBIF.org on 2025-01-07.</citation>
                <resourceLogoUrl>https://collections.ala.org.au/data/dataProvider/seedbank_logo_0.png</resourceLogoUrl>
            </gbif>
        </metadata>
    </additionalMetadata>
    </eml:eml>
