<?xml version="1.0" encoding="utf-8"?>
<eml:eml xmlns:eml="https://eml.ecoinformatics.org/eml-2.2.0" xmlns:xsi="http://www.w3.org/2001/XMLSchema-instance"
         xsi:schemaLocation="https://eml.ecoinformatics.org/eml-2.2.0 https://rs.gbif.org/schema/eml-gbif-profile/1.3/eml.xsd"
packageId="f328fdf8-7861-4432-b3c5-500b07ae5d29"  system="http://gbif.org" scope="system"
xml:lang="en">
    <dataset>
        <alternateIdentifier>10.15468/wwmzk6</alternateIdentifier>
        <alternateIdentifier>https://collections.ala.org.au/public/show/dr28226</alternateIdentifier>
        <alternateIdentifier>f328fdf8-7861-4432-b3c5-500b07ae5d29</alternateIdentifier>
        <alternateIdentifier>7b51a836-110a-3d7d-a733-3a88ae5074fe</alternateIdentifier>
        <title>New Zealand National Forestry Herbarium</title>
        <creator>
            <organizationName>New Zealand National Forestry Herbarium</organizationName>
        </creator>
        <creator>
            <organizationName>Scion</organizationName>
        </creator>
        <creator>
            <organizationName>National Forestry Herbarium</organizationName>
        </creator>
        <metadataProvider>
            <organizationName>New Zealand National Forestry Herbarium</organizationName>
        </metadataProvider>
        <associatedParty>
            <organizationName>Atlas of Living Australia</organizationName>
            <address>
                <deliveryPoint>CSIRO Ecosystems Services</deliveryPoint>
                <city>Canberra</city>
                <administrativeArea>ACT</administrativeArea>
                <postalCode>2601</postalCode>
                <country>AUSTRALIA</country>
            </address>
            <electronicMailAddress>info@ala.org.au</electronicMailAddress>
            <role>DISTRIBUTOR</role>
        </associatedParty>
        <pubDate>
                2024-09-28
        </pubDate>
        <language>ENGLISH</language>
        <intellectualRights>
            <para>This work is licensed under a <ulink url="http://creativecommons.org/licenses/by/4.0/legalcode"><citetitle>Creative Commons Attribution (CC-BY) 4.0 License</citetitle></ulink>.</para>
        </intellectualRights>
        <licensed>
            <licenseName>Creative Commons Attribution 4.0 International</licenseName>
            <url>https://spdx.org/licenses/CC-BY-4.0.html</url>
            <identifier>CC-BY-4.0</identifier>
        </licensed>
        <distribution scope="document">
            <online>
                <url function="download">https://dwca-exports.ala.org.au/dr28226.zip</url>
            </online>
        </distribution>
        <purpose>&lt;para/&gt;</purpose>
        <contact>
            <organizationName>Atlas of Living Australia</organizationName>
            <address>
                <deliveryPoint>CSIRO Ecosystems Services</deliveryPoint>
                <city>Canberra</city>
                <administrativeArea>ACT</administrativeArea>
                <postalCode>2601</postalCode>
                <country>AUSTRALIA</country>
            </address>
            <electronicMailAddress>info@ala.org.au</electronicMailAddress>
        </contact>

    </dataset>

    <additionalMetadata>
        <metadata>
            <gbif>
                <dateStamp>2025-01-07T08:59:41Z</dateStamp>
                <citation>Scion (2024). New Zealand National Forestry Herbarium. Occurrence dataset https://doi.org/10.15468/wwmzk6 accessed via GBIF.org on 2025-01-07.</citation>
            </gbif>
        </metadata>
    </additionalMetadata>
    </eml:eml>
