<?xml version="1.0" encoding="utf-8"?>
<eml:eml xmlns:eml="https://eml.ecoinformatics.org/eml-2.2.0" xmlns:xsi="http://www.w3.org/2001/XMLSchema-instance"
         xsi:schemaLocation="https://eml.ecoinformatics.org/eml-2.2.0 https://rs.gbif.org/schema/eml-gbif-profile/1.3/eml.xsd"
packageId="f577c9f3-ae71-4278-b6bf-512ba1dfaa21"  system="http://gbif.org" scope="system"
xml:lang="en">
    <dataset>
        <alternateIdentifier>10.15468/rvjdu1</alternateIdentifier>
        <title>Geneva Herbarium – General Collection (G)</title>
        <associatedParty>
            <individualName>
                <surName>Raoul Palese</surName>
            </individualName>
            <electronicMailAddress>raoul.palese@ville-ge.ch</electronicMailAddress>
            <role>TECHNICAL_POINT_OF_CONTACT</role>
        </associatedParty>
        <language>en</language>
        <abstract>
            The General Collection of the Geneva Herbarium is estimated to contain 6 million specimens of plants (vascular plants, bryophytes and «algae»), fungi (Basidiomycetes, Ascomycetes, lichens), Oomycetes and Myxomycetes from around the world. The history of this collection began with the gift of the Haller filius herbarium in 1823. But it was with the arrival of the Benjamin Delessert herbarium collection in 1869 (300´000 specimens from across the world) that the Conservatoire botanique acquired its true international status. Subsequent collections have enriched the General Collection, whose growth continues by exchanges, gifts and acquisitions, and through collecting by the Institution’s botanists.
        </abstract>
        <intellectualRights>
            <para>This work is licensed under a <ulink url="http://creativecommons.org/licenses/by-nc/4.0/legalcode"><citetitle>Creative Commons Attribution Non Commercial (CC-BY-NC) 4.0 License</citetitle></ulink>.</para>
        </intellectualRights>
        <licensed>
            <licenseName>Creative Commons Attribution Non Commercial 4.0 International</licenseName>
            <url>https://spdx.org/licenses/CC-BY-NC-4.0.html</url>
            <identifier>CC-BY-NC-4.0</identifier>
        </licensed>
        <distribution scope="document">
            <online>
                <url function="information">http://www.ville-ge.ch/cjb/bd.php#catherb</url>
            </online>
        </distribution>
        <contact>
            <individualName>
                <surName>Laurent Gautier (Phanérogames), Philippe Clerc (Cryptogames)</surName>
            </individualName>
            <electronicMailAddress>herb-phanero.cjb@ville-ge.ch</electronicMailAddress>
        </contact>

    </dataset>

    <additionalMetadata>
        <metadata>
            <gbif>
                <dateStamp>2025-01-07T08:59:43Z</dateStamp>
                <citation>Conservatoire et Jardin botaniques de la Ville de Genève - G. Geneva Herbarium – General Collection (G). Occurrence dataset https://doi.org/10.15468/rvjdu1 accessed via GBIF.org on 2025-01-07.</citation>
                <resourceLogoUrl>http://data.gbif.ch/gbif-portal/institutions/23/logo</resourceLogoUrl>
            </gbif>
        </metadata>
    </additionalMetadata>
    </eml:eml>
